Date,AAPL,MSFT,GOOGL,AMZN,NVDA,JPM,XOM,JNJ,PG,BRK-B,Mkt-RF,SMB,HML,RMW,CMA,RF
2021-01-05,0.01236370769127526,0.000964934063819145,0.008064172842892958,0.010004358381754175,0.02221005679196142,0.005440991161215436,0.048193024028194476,0.011757056609082328,0.006385408065079146,-0.0042897603004175,0.0086,0.0132,0.005,0.0036,0.005600000000000001,0.0
2021-01-06,-0.03366156389938468,-0.025929471285816352,-0.009867563164709381,-0.024896614147709384,-0.05895295264271183,0.04695609097163089,0.025517374076199806,0.009410495612739211,0.01052609443165009,0.012309328864165803,0.0079,0.0316,0.0394,0.0005,0.0052,0.0
2021-01-07,0.03412330559497723,0.028457063745955136,0.029868470474276432,0.0075771277744003385,0.057830169315766344,0.03283899727923667,0.007845473908310918,0.0033785389152516387,-0.009346503380481153,0.011334522785969803,0.0176,0.0002,-0.008100000000000001,-0.0148,-0.0023,0.0
2021-01-08,0.00863086637734245,0.006093033120420754,0.013238640975699933,0.006495514374673217,-0.0050397309384955236,0.0011040342217776278,0.011121133425644913,-0.0020578282384803304,-0.0004322838022412512,0.004938139266456476,0.0051,-0.0101,-0.0138,-0.0042,-0.0036,0.0
2021-01-11,-0.02324834843277568,-0.009698614992601384,-0.02310542783229519,-0.021519462280005563,0.02596642611953537,0.014924391238636314,0.030356312313496003,-0.0041863392751562145,-0.006772551843633456,-0.002563799968573477,-0.0052,0.0054,0.0126,-0.0016,0.0040999999999999995,0.0
2021-01-12,-0.0013955480651881569,-0.011771008723808651,-0.010738735129297128,0.002125797051401035,-0.010039147432151396,0.01571910586437597,0.022203345778978756,-0.007780610728828408,-0.005803436782528926,-0.0017135497109831421,0.0037,0.0148,0.0124,-0.0044,0.004,0.0
2021-01-13,0.016226393266918437,0.0065605726056332525,0.005652228535083292,0.014438406874172749,0.0034854086632771786,0.0009269920754029215,0.011277866900328837,-0.0015178538534230679,0.0015323164968767955,0.0063510952894128,0.0006,-0.0104,-0.0045000000000000005,-0.0019,-0.0005,0.0
2021-01-14,-0.015127144784894853,-0.015346432228018125,-0.009346069587668593,-0.012135545173177387,-0.024498154502397118,0.00584274351921521,0.03903361095414226,0.017480778975392575,-0.010636847665070004,0.002174789039151692,-0.0012,0.0236,0.0113,-0.009899999999999999,0.0043,0.0
2021-01-15,-0.013730486447252388,-0.0017368101890861132,-0.0019066761877368776,-0.007424600125642833,-0.02581365498886201,-0.01792192181027885,-0.04810173252164296,-0.002179050810850791,-0.007511011742126761,-0.006510078935762165,-0.0086,-0.0075,-0.0074,0.0029,-0.0045000000000000005,0.0
2021-01-19,0.005427105138850363,0.01782283575524346,0.032906697010639085,0.005318518294228358,0.012889266907989194,-0.004327965895146724,0.019837280594839024,0.015471167840287237,-0.00875474331116477,0.0045397984224415655,0.0092,0.0075,-0.0079,-0.0069,0.0009,0.0
2021-01-20,0.032856190643294925,0.036499800072399724,0.05357336620262876,0.04570048462239673,0.026141332389942873,-0.014995267760598896,0.014127547308640187,-0.002457161871548874,-0.012500460616754805,0.0008952950430436424,0.0127,-0.0074,-0.011000000000000001,0.0064,-0.0040999999999999995,0.0
2021-01-21,0.036658062052269624,0.0028079219594148164,0.002170078577065526,0.013363421550624865,0.037540358747289115,-0.008384460840414665,-0.02866949680734443,-0.0040030810539722905,-0.0009834757977525976,-0.0025557627311543207,-0.0004,-0.0076,-0.0096,0.0083,0.0036,0.0
2021-01-22,0.01607346834438883,0.004356264780374541,0.004463448449071317,-0.00446331304512726,-0.011177408332712413,-0.007713308392593876,-0.014134394511388204,0.011253433239113653,-0.0077094436409512745,-0.005295547803942591,-0.0007000000000000001,0.016399999999999998,-0.0011,-0.0068000000000000005,0.0060999999999999995,0.0
2021-01-25,0.027684417553887064,0.015844149313468225,0.0009087454356195845,0.0005376354551673845,-0.004320926032960637,-0.012482115355596846,-0.011174274515346472,0.014857781470485332,0.01723091587164105,0.00038638304395544054,0.0029,-0.0027,-0.0043,0.0021,0.0095,0.0
2021-01-26,0.0016787640689281957,0.012198960862829233,0.007216604834836549,0.009754137082109926,-0.01596707827020072,-0.004087371784257554,-0.021961764103963444,0.02711147239164724,0.0064275290403770224,-0.006179937412834624,-0.0033,-0.0003,0.0004,0.0104,0.0113,0.0
2021-01-27,-0.007683571754178442,0.0024531904873654753,-0.046652132607906016,-0.02812581228312927,-0.038517720464554595,-0.02827172714273274,-0.011336336289582416,-0.015251117428530692,-0.03538939029902255,-0.01818027629101726,-0.0253,0.012,0.0155,0.005600000000000001,0.024700000000000003,0.0
2021-01-28,-0.03498497501737052,0.025890984979225484,0.018835149211881008,0.0015591193708615059,0.010314916590399958,0.017597355464172182,0.015656117832052452,0.007624862309655311,0.015422904740471921,0.01578992051483641,0.009300000000000001,-0.0169,-0.009300000000000001,-0.0105,-0.022799999999999997,0.0
2021-01-29,-0.037420563636455406,-0.02917152006929291,-0.01394346707061267,-0.009704654514695155,-0.0046927856362609655,-0.011067706582578496,-0.026487079580522432,-0.03564690851306451,-0.01649280434689726,-0.013336228065614297,-0.0184,0.0040999999999999995,0.0059,-0.0076,0.004,0.0
2021-02-01,0.016520021996998313,0.03315209708590916,0.035958989127703456,0.042629902924745666,0.019034174789350544,0.007383322357738642,0.0017838925786841653,-0.0025743640663471457,0.005927734065835466,0.006363331013745643,0.0172,0.0075,-0.0147,-0.0023,-0.0124,0.0
2021-02-02,0.006336599648387287,-0.0005840307456862481,0.013760711294480199,0.011104214562255077,0.02415552555528855,0.030782567513334858,0.015806199257252462,-0.008973342904664783,-0.0013957302194973487,0.012733290056183177,0.0148,-0.008100000000000001,-0.0103,-0.0097,-0.021,0.0
2021-02-03,-0.007778338089905912,0.014571349480469564,0.07282507743851974,-0.019961565909300982,-0.0019361032882573292,0.011451050101314753,0.03922840955332263,-0.004651198357667807,0.0012424210135257852,0.0018945365665268277,0.0014000000000000002,0.0068000000000000005,0.0073,-0.0009,0.0018,0.0
2021-02-04,0.025758000521729052,-0.004074002729743786,-0.0025499235329691228,0.005575845147329783,0.009884914165080305,0.023013246962053424,0.019190027699607315,0.009283848424119556,0.0006203374622169022,0.013280091516013393,0.012199999999999999,0.006,0.0038,-0.0009,-0.0024,0.0
2021-02-05,-0.003097985577206863,0.0007849781980258097,0.017140209554457275,0.006349415177487883,-0.005360494688402273,-0.001953100655641804,0.03351967249595944,0.015185977924422778,0.004185243691528395,-0.0025872697938564837,0.005699999999999999,0.0095,-0.0049,-0.0070999999999999995,0.0042,0.0
2021-02-08,0.0010966155478877582,0.0011147316635857774,-0.002063373287899739,-0.008713780773966562,0.062375683776698,0.015654557653939527,0.04304335675426918,0.0028579705974594027,-0.0030872520446239005,0.009610454463520268,0.0096,0.022400000000000003,0.0039000000000000003,-0.0095,0.0073,0.0
2021-02-09,-0.006573632107698124,0.005361729286065264,-0.0043797306585358076,-0.00539885256244832,-0.012154817322551636,-0.00399614385818281,-0.011711902050030587,0.008185935209912953,-0.0038708968303154956,0.010487766457618397,0.0005,0.0064,-0.0006,-0.0067,-0.0040999999999999995,0.0
2021-02-10,-0.0045584652447747676,-0.0038970784745677722,0.005343547881548227,-0.005573405440383872,0.03512520916583539,0.0005732845393908725,0.00967795147653816,0.003247357988275912,-0.0034972221053879426,4.165940012246239e-05,-0.0008,-0.0053,0.0079,0.003,0.0007000000000000001,0.0
2021-02-11,-0.0019202973435422654,0.006877264252474591,0.0010879239043888322,-0.007439273910078148,0.03295127860816871,-0.0027925658511166462,-0.025039291883426018,-0.0044960609650782635,0.0008577944767189649,-0.0006669042319544793,0.002,-0.0021,-0.006999999999999999,-0.0046,-0.0029,0.0
2021-02-12,0.0017759121918212717,0.0020452056827211518,0.0030065337979516826,0.004775969497859078,-0.018982686881929722,0.014216919728524458,0.013643818322885082,0.0031316905974489995,-0.00553258167154147,0.01126131243281403,0.0049,-0.001,0.0046,-0.0039000000000000003,-0.0007000000000000001,0.0
2021-02-16,-0.016103967833105415,-0.005265620510176872,0.00747961353675719,-0.0026726192693009576,0.024663732007679462,0.024071018673352818,0.030087030461495523,-0.009064824793708626,0.0023509391020719583,0.011630751411954021,-0.0014000000000000002,-0.0026,0.019299999999999998,0.0017000000000000001,0.0005,0.0
2021-02-17,-0.01764426757495252,0.004359510270209865,0.003752363837418171,0.012141589169594624,-0.027674154104526116,0.0031108814817286667,0.015564936364679038,0.003574309832123479,0.004221147149844784,-0.0001223042214864023,-0.002,-0.0067,0.006,0.0026,-0.0015,0.0
2021-02-18,-0.008636155851795224,-0.0016788164059925448,-0.0060464404082331,0.005920814274298136,-0.005165450428023299,0.0033769714875047097,-0.01570488903628775,0.00048295347896942786,0.008329525642022606,-0.007135575942915362,-0.0063,-0.0147,-0.0021,0.0088,-0.0043,0.0
2021-02-19,0.0012337761372063216,-0.011567403738299786,-0.008072827496126478,-0.023535055745747435,0.006574988823191186,0.01669068496551418,0.006728161642909125,-0.01665282767703047,-0.018605674237883507,-0.0067761556323793215,0.0016,0.0202,0.0073,-0.0043,0.0053,0.0
2021-02-22,-0.02979939438560475,-0.02680838652344586,-0.01654062247353305,-0.021280609604111933,-0.038237471585442995,0.009390583580318745,0.03685331796251279,-0.0006174292006840831,-0.004248127056091566,0.012900537682236424,-0.0111,0.0073,0.0313,0.0167,0.0086,0.0
2021-02-23,-0.0011109830253577258,-0.005287381004140834,0.002852676501625684,0.004326059526709614,-0.01488958314789579,0.008031395882410974,0.013811915102442285,-0.008834110872161904,0.007426359164207197,0.0022859842258367014,-0.0011,-0.0101,0.0089,0.0113,-0.0021,0.0
2021-02-24,-0.00405221934979938,0.005487079145916507,0.011499303870063704,-0.010946968676518232,0.02524385957836639,0.01759515395091804,0.029973140637134188,0.013400487606439082,0.001098056939398795,0.01189263301210719,0.0115,0.0147,0.0144,-0.0028000000000000004,0.0033,0.0
2021-02-25,-0.03478264026846423,-0.02370501694042082,-0.03256532821357849,-0.03240038681954516,-0.08217794930524891,-0.013571517688438117,-0.0165787294586468,0.0010457691679199854,-0.008460381862692046,-0.019158762589268852,-0.027200000000000002,-0.0091,0.0088,0.0097,0.0045000000000000005,0.0
2021-02-26,0.002231735183509498,0.014804274472436818,0.002956401050308921,0.011700387973209825,0.03058431918030924,-0.026524883705779212,-0.024928194756139277,-0.026419168278492,-0.02409525495787579,-0.013049398427146919,-0.0028000000000000004,0.0034999999999999996,-0.016,-0.0004,-0.004,0.0
2021-03-01,0.053851036174037414,0.01962286588562434,0.02361646111992277,0.017203798394717307,0.009278186294982005,0.022627204473375073,0.03733685971955025,0.005427104116610293,0.006152166607695575,0.03617318367525879,0.0262,0.0111,0.0023,-0.004,0.0021,0.0
2021-03-02,-0.020893627601394904,-0.0129568085492201,-0.002502926121516147,-0.016404262105025436,-0.031462572490588925,-0.003255804221653724,-0.005851054999418959,-0.0018828738958278635,-0.003137821110479444,4.0104757299763705e-05,-0.0105,-0.0077,0.0125,0.0062,0.0023,0.0
2021-03-03,-0.024456363755296584,-0.02698072150214803,-0.025706290252118236,-0.02893170479822993,-0.04486717326912315,0.019331922296324633,0.008025525782526577,-0.017608055421226565,-0.005972478861652419,0.009349176709903428,-0.0155,0.006500000000000001,0.0356,0.016399999999999998,0.010700000000000001,0.0
2021-03-04,-0.015812040677974815,-0.003647357041341226,0.01119628590681554,-0.009128157985388907,-0.03393257429361907,-0.015368487193251457,0.038747436331439955,-0.020163800539953813,-0.008200616059154564,-0.024130420395859886,-0.0167,-0.011000000000000001,0.017,0.0127,0.0049,0.0
2021-03-05,0.010738458626128766,0.02147906049690551,0.031043278735157553,0.007687481916645478,0.007376607540099833,0.0023244818659622357,0.03781280824315458,0.019794775251391172,0.03135498481353505,0.031244901020196947,0.0187,0.0038,0.0062,0.0096,0.0052,0.0
2021-03-08,-0.04167354141441759,-0.018177879875153957,-0.042712057032658124,-0.016167463748385735,-0.06967485345316515,0.013253075737425846,-0.0009847073776372284,0.008328184226930269,0.010557034886222505,0.01761797970614154,-0.0067,0.0146,0.0371,0.0163,0.0092,0.0
2021-03-09,0.04064971512903415,0.028101522118386013,0.016368587682641822,0.03756837366056898,0.08033322606261684,-0.007063058288793833,-0.015442365294905835,0.001905841436158795,-0.008875892159349141,0.005473404535096371,0.0177,0.0043,-0.0323,-0.0184,-0.0048,0.0
2021-03-10,-0.0091665991089116,-0.005817547780096799,-0.0020436881179429767,-0.0017010173123747085,-0.004153437551829953,0.021734884712921065,0.030702265910386828,0.009194851639868773,0.009193086354561508,0.019187713039555465,0.0067,0.012,0.0182,-0.0007000000000000001,0.0015,0.0
2021-03-11,0.016502451407275798,0.02026523643531486,0.03160321701458191,0.018298429776605563,0.042127087109539385,-0.005221458354525033,-0.007447061518063736,-6.3160549429786e-05,-0.003376582930638805,-0.011667058169634204,0.0141,0.010700000000000001,-0.02,-0.0139,-0.008100000000000001,0.0
2021-03-12,-0.007625284806925814,-0.005819525558282135,-0.02406055994052947,-0.0077402727850476305,-0.010582160422153652,0.011858664606465563,0.01076494978774778,0.0028909494366748945,0.009691804212000443,-0.0034111940360481707,0.0011,0.0053,0.0129,0.0063,0.0058,0.0
2021-03-15,0.024456684709369014,-0.003987208802810005,0.002165875690727903,-0.0025279442445658162,0.02607727109014224,-0.004995433437989361,-0.02549620440477307,0.005137632809811166,0.0032776839199526453,-0.020806048118999998,0.0069,-0.0034999999999999996,-0.0127,0.0025,0.0009,0.0
2021-03-16,0.012743148213018252,0.012350378340491242,0.014334785901577884,0.0033034103914528767,0.0075809686725503145,-0.011971291150574381,-0.02119555139628182,0.005921863200985644,0.002955831998745273,-0.012214762196678275,-0.0040999999999999995,-0.013500000000000002,-0.0085,0.0028000000000000004,-0.0002,0.0
2021-03-17,-0.006450692865968,-0.0028189389387291985,-0.0008013600575565993,0.014188848597238346,0.003761892900182362,0.010292375534838527,0.004398447934592209,-0.003718019125517724,-0.004032880637008129,0.001988071570576455,0.0034000000000000002,0.006500000000000001,0.0034000000000000002,-0.0004,0.001,0.0
2021-03-18,-0.03390510758835874,-0.02666173702907071,-0.029238145473134303,-0.03435878370750434,-0.04637889811922913,0.016506528534908416,-0.04311916723546039,-0.001866002423417057,0.0021803126049706467,0.00182542346772685,-0.018600000000000002,-0.0121,0.0216,0.009300000000000001,0.0046,0.0
2021-03-19,-0.0044803093149768936,-0.001603827706165184,0.002780405642779371,0.015511909856343209,0.009687705930597756,-0.01592144785791294,-0.005632972253186375,-0.002679729049987145,-0.005361306952537559,-0.005822709267251147,0.0023,0.009399999999999999,-0.009899999999999999,-0.0079,-0.0054,0.0
2021-03-22,0.028335838064856178,0.024484562342910188,0.001840231433706263,0.01167821172408301,0.026506498465786565,-0.02687884189654144,-0.010267329972934447,0.002874358507144681,0.016951646552740618,-0.0025100795610352167,0.005600000000000001,-0.0169,-0.0223,-0.0025,-0.001,0.0
2021-03-23,-0.006888808405056013,0.006737593906673833,0.0052395203902999565,0.008560288075996736,-0.008758868729755065,-0.010002023256088788,-0.012341147096087135,-0.0009347920574542812,0.01858998308486126,-0.008188221148586527,-0.0116,-0.029500000000000002,-0.0104,0.0058,-0.0074,0.0
2021-03-24,-0.019993566863983236,-0.008923403927020845,-0.004310759210072956,-0.016073304438495972,-0.0327257837953554,0.007761484384327444,0.020282409737265805,0.00972891803789988,-0.00030179647415584654,0.005315965274041323,-0.0097,-0.0158,0.0146,0.0138,0.0013,0.0
2021-03-25,0.004163605608357601,-0.013250694042158062,-3.4483197664081366e-05,-0.013219634289670767,-0.008522654708599031,0.01281353049351952,-0.0028397330293649103,0.0003705289316953131,0.006940100599149179,0.004486620579578382,0.0067,0.0202,0.013999999999999999,0.0045000000000000005,0.0111,0.0
2021-03-26,0.005141362413536799,0.017818646387606885,-0.0038033625990829822,0.0018941122432061253,0.02425164820329373,0.016650288550337677,0.02723374298888359,0.018275178658070157,0.014758726536161504,0.024007932257913867,0.015600000000000001,0.002,0.0068000000000000005,0.0078000000000000005,0.006,0.0
2021-03-29,0.00148505826421097,-0.005243536878140609,0.010401474597833804,0.007765307334585803,0.008489859465139915,-0.015539371600667318,-0.005371688335645386,0.006730021473614123,0.01565185287426929,0.007983870383067693,-0.0048,-0.024900000000000002,-0.0023,0.009000000000000001,0.0002,0.0
2021-03-30,-0.012274433947999874,-0.014410674215528774,0.00033235666855135904,-0.006645597502498379,-0.005908435676602375,0.011789307239269409,-0.012369377551024519,-0.006203280991857518,-0.015410647684021894,-0.002434142898478875,-0.0003,0.0184,0.0101,-0.0026,-0.0023,0.0
2021-03-31,0.01876581521286691,0.01690741462673584,0.007842712490253367,0.01269600564306872,0.03701900707023409,-0.014564980312084863,-0.015170103351593633,-0.003999677115565703,-0.00014756108445135308,-0.010534882044165972,0.0063,0.0058,-0.023399999999999997,-0.011699999999999999,-0.0028000000000000004,0.0
2021-04-01,0.006958546287672451,0.027908433823383483,0.032610579020009745,0.02162845443110406,0.03472405534593426,0.009722263880858728,0.027941971100260865,-0.009248777405185704,-0.008491366467448191,0.010686229198275443,0.0127,0.0021,-0.0002,-0.0069,-0.0051,0.0
2021-04-05,0.023577184682651575,0.027728610265544074,0.041872869979806326,0.02079404593469847,0.012724622148019282,0.005300766183447214,-0.015507954648348532,0.003685117923882597,0.016160245231439996,0.017273397537650004,0.0128,-0.0070999999999999995,-0.0070999999999999995,0.01,0.0009,0.0
2021-04-06,0.002462134468580013,-0.00485803497921089,-0.0043713681702057805,-0.0009018902147276409,-0.00900825664943905,-0.007030685788767421,-0.002831939652458093,-0.00024493913794898514,0.0003662956493297731,0.0015228580328465746,0.0,-0.0031,0.0009,-0.0012,-0.0028000000000000004,0.0
2021-04-07,0.013390503386282893,0.008230449758917402,0.013475124442804187,0.01723733655641202,0.020344441142273073,0.015668101359632924,0.004437461974167389,0.0013465170555928552,0.0017582060827094903,0.0021287826495512974,-0.0011,-0.015300000000000001,0.003,0.0068000000000000005,-0.0012,0.0
2021-04-08,0.019233845147465622,0.013405374033300443,0.005091503201874126,0.006071242952548017,0.012266865661448412,0.0012265143989713678,-0.010425972566974528,-0.003911784308574751,0.003802963934614878,-0.0004172117198986136,0.0062,0.0027,-0.011699999999999999,-0.0052,-0.0038,0.0
2021-04-09,0.02025158652406378,0.010266478160202208,0.00899373006420534,0.02209562242522667,0.005797436496561836,0.00747811129310505,-0.0023214430817167786,-0.010554158430396865,-0.0064839420647253565,0.009487305632995158,0.006500000000000001,-0.0060999999999999995,0.0015,0.0079,0.0009,0.0
2021-04-12,-0.013233224414458289,0.0002345802489420734,-0.01147231359941081,0.0021321218730274705,0.056180312135618804,-0.0021117775333178157,-0.006622487145542477,0.002418736468193128,0.0040329685515425595,0.007217709257812954,-0.0004,-0.0046,0.005600000000000001,0.0073,-0.0036,0.0
2021-04-13,0.024306780455943144,0.010081652714734046,0.0043703945776472075,0.006098747605224553,0.030935799183160473,-0.011926860573409637,0.0037837554690351993,-0.013363189234296136,-0.013219084272905413,-0.0030977740266278087,0.0040999999999999995,-0.0077,-0.016,-0.010700000000000001,-0.0037,0.0
2021-04-14,-0.017853465365029075,-0.011219159125459677,-0.005553465489007925,-0.01970591825597423,-0.025670480264738504,-0.01869010989209441,0.028899723613677653,0.0027590599863918097,0.00362632610794833,0.0016098564805520077,-0.0034000000000000002,0.0118,0.0141,0.0001,0.0067,0.0
2021-04-15,0.018708038114782166,0.015298273415782937,0.01933174931113868,0.013828409714570444,0.056310154906588084,0.006348886124108555,-0.005931598523577053,0.0029390383586429536,0.012094592747196486,0.006018076015724905,0.0106,-0.008,-0.011899999999999999,0.001,-0.0054,0.0
2021-04-16,-0.002527631308882894,0.0047782630837416296,-0.0010939341556657212,0.006022342354579324,-0.01392747073948497,0.007425469856494393,-0.005616084604336602,0.011534461263957407,7.27221933474187e-05,0.011035039538823233,0.0027,-0.0019,0.006500000000000001,0.0083,0.0018,0.0
2021-04-19,0.005068540760236662,-0.007670551511827051,0.0030708102236987056,-0.00806900981526193,-0.034611298866162876,-0.004239743176232547,-0.0031768324644532164,0.0027733140089849506,-0.004662843524165905,-0.006725172433129645,-0.0072,-0.0066,0.0079,0.0072,0.0043,0.0
2021-04-20,-0.012829989716873547,-0.0018552488733212247,-0.004694806623709025,-0.011067567276491497,-0.012400738078276685,-0.022142448773954104,-0.021069109693599097,0.02329603416364523,0.008344704095332833,-0.00884262298969063,-0.009300000000000001,-0.0138,-0.015700000000000002,0.0038,-0.0046,0.0
2021-04-21,0.002929665968795847,0.008983321986820947,-0.0002894909447395122,0.008195669633476843,0.012474082596882985,0.008508013532287917,0.012841080484075729,0.000660762334541376,-0.00653339488433613,0.016125934414949805,0.011000000000000001,0.015300000000000001,0.0012,-0.004699999999999999,0.0009,0.0
2021-04-22,-0.011685372863907362,-0.013086209491112388,-0.011337227639645064,-0.015758395892332966,-0.03321809591755609,-0.021057206570334608,-0.013035577124677622,-0.008464198315283777,-0.009928033537270453,-0.009918745726490652,-0.0078000000000000005,0.0063,-0.0077,-0.002,-0.002,0.0
2021-04-23,0.0180383850953989,0.015475902743402825,0.021047437155029103,0.00962218974677076,0.027945648480361962,0.01913533128270206,0.00542756770377828,0.002058420876699163,-0.005125192792088562,0.009164784724883246,0.0126,0.0077,0.0069,-0.0034999999999999996,0.0003,0.0
2021-04-26,0.0029780540272372757,0.0015318856720267782,0.004347941401982469,0.020389780364207244,0.013936742853365658,0.002463398447664078,0.0019796795360580433,-0.008458079880995228,-0.020009042552463496,-0.004118043935302018,0.0040999999999999995,0.0079,-0.005,-0.012,-0.0007000000000000001,0.0
2021-04-27,-0.0024495296360234065,0.001605787746175924,-0.008203705845063691,0.0024729175512423485,-0.006218434900401748,0.0045830472418315615,0.013110494196795885,-0.005727543207625474,-0.0006096030503829342,0.010300556360514301,-0.0003,0.0008,0.0085,0.0054,0.0006,0.0
2021-04-28,-0.0060273943807536146,-0.028285668540566355,0.029707969841538562,0.012017786731569835,-0.006826257714606321,0.006479444388419964,0.030136686625116482,-0.007353557375618269,0.0016772645866918179,-0.002557945203967016,-0.0007000000000000001,0.0029,0.002,-0.003,-0.0033,0.0
2021-04-29,-0.0007486379828975931,-0.00805290107216261,0.014293729110453457,0.0037039347600635875,0.003142053682819279,0.019444464755108193,0.014283232949311664,0.01370539786681646,0.00844755253303675,0.017036064072264656,0.004,-0.0076,0.0109,0.013300000000000001,-0.0022,0.0
2021-04-30,-0.01513300572539844,-0.0013070987056169603,-0.016407634166397456,-0.001120636171800582,-0.020571388123168943,-0.00889273756590181,-0.028842746827054788,-0.008952650340560475,0.0068672898218318235,-0.009546087313471507,-0.008199999999999999,-0.0052,-0.0033,0.0013,-0.0040999999999999995,0.0
2021-05-03,0.00821506671589245,-0.0012689221638889636,-0.004427525113209652,-0.023340170719312603,-0.011509311936299227,-0.002925561296066692,0.02760290279655475,0.015239768242894192,0.011842487083245867,0.015384543665940775,0.0018,0.0073,0.017,0.0105,0.0108,0.0
2021-05-04,-0.03538517191442703,-0.0161595971717583,-0.015471044484183571,-0.022034541333801894,-0.03272288361971165,0.013823926331666181,0.00629034935897077,0.015495604465418866,-0.0034073657634784427,0.0038685332694954333,-0.0089,-0.0024,0.02,0.0109,0.005699999999999999,0.0
2021-05-05,0.0019552301639671477,-0.005327278692766724,0.0034419462297818892,-0.012479432999494278,0.007473269450218423,0.013120878122749424,0.03007301856468536,-0.0041722696187657116,-0.008027059361087274,0.008920287992891573,-0.0005,-0.0016,0.013300000000000001,0.0064,0.0060999999999999995,0.0
2021-05-06,0.012802422263328728,0.013226896447138037,0.009754786757031564,0.010955401769447537,0.004460960038260353,0.020124220831931217,0.009512588854189374,0.004010101578113767,0.012587687037608264,0.024579082789019102,0.0049,-0.0049,0.0118,0.0123,0.0058,0.0
2021-05-07,0.005327466962501193,0.010931803155808995,0.006237713091163943,-0.0044640578502762596,0.019916677333833066,0.0034225303194603818,0.014297273270481137,0.004530561091425689,7.383493892554327e-05,0.004211111997123762,0.0084,0.0045000000000000005,-0.0008,-0.0022,0.0015,0.0
2021-05-10,-0.025804488762031563,-0.02091418150440494,-0.025587492637532683,-0.03072052637375966,-0.0368950433281483,-0.00012404291453393945,0.0024027694613866224,0.010504694575894646,0.018645982697287566,0.00481213326824137,-0.013500000000000002,-0.0128,0.0168,0.0116,0.0077,0.0
2021-05-11,-0.00741017728326232,-0.0038434632638626454,-0.009464336449575561,0.010474816917876772,0.002839104789271296,-0.016623057476211844,-0.03179932024620635,-0.008163506693768863,-0.004939161229068123,-0.022919241943032298,-0.0063,0.0069,-0.0087,-0.0083,-0.0005,0.0
2021-05-12,-0.02493837546917177,-0.029362758600655403,-0.03075253477103701,-0.022323796765424953,-0.038287660557024816,-0.006875139730808555,0.005358507418633751,-0.004026645053815003,-0.010584807407051922,-0.00952281333965277,-0.023399999999999997,-0.0115,0.006999999999999999,-0.0029,0.0014000000000000002,0.0
2021-05-13,0.017919575985340996,0.016862025703753503,0.01308497085371596,0.0030235440044839024,-0.006777597286704462,0.02572221356954052,-0.01232546368431886,0.010463983920373954,0.01608368151682793,0.014103390416481787,0.0104,0.0048,0.0113,0.0138,0.0034000000000000002,0.0
2021-05-14,0.019844609814799963,0.021067274371366462,0.022134972157224153,0.019430851184491837,0.04227894358319584,0.015541569050397275,0.02478946628791623,0.001529680866293237,0.0021056647001371775,0.013175318437478767,0.0179,0.0097,-0.0016,-0.0024,-0.0004,0.0
2021-05-17,-0.009258468746175752,-0.011968522661863878,0.004626104864191349,0.0147351540352203,-0.005441438900576134,0.00402449435874086,0.023366804695380772,0.0009986844533773631,-0.002028497900119719,-0.005022676110724156,-0.0024,0.0072,0.0084,0.0002,0.0058,0.0
2021-05-18,-0.011245639534523066,-0.008565268519595381,-0.011555615555516208,-0.011653058569779051,-0.010571575656842191,-0.014088837324498171,-0.028300441358525052,0.00035219264677199824,-0.010237453291674803,-0.005635865002187934,-0.006999999999999999,0.0005,-0.009300000000000001,-0.0102,-0.0043,0.0
2021-05-19,-0.0012816372429501621,0.0024741606603069233,0.003991200445056853,-0.000148514828115065,0.0035676398702710888,-0.007637756701824316,-0.023994752708402678,-0.0021706558750349547,0.00205402939410515,-0.004763709220183987,-0.0034000000000000002,-0.0053,-0.0046,-0.0018,-0.0033,0.0
2021-05-20,0.02101212408040931,0.013820265393807318,0.015606548189897484,0.004913709794237331,0.03887105502195509,-0.0017382176435891683,-0.002373643389262381,0.005820882228343871,0.01024871158570484,0.0017818802440425774,0.011399999999999999,-0.0049,-0.014199999999999999,-0.0085,-0.0048,0.0
2021-05-21,-0.014767112179706277,-0.005314883139848736,-0.005557240066801472,-0.013732853548741542,0.025953736721782805,0.01137853734180716,0.0013596620622602362,-0.000642929457775776,0.0,0.0035224050826512254,-0.0004,0.0046,0.0098,-0.0011,-0.0006,0.0
2021-05-24,0.013314335278772793,0.02288226528442272,0.029165669560088592,0.013084215261017773,0.04137296777926447,0.005410027893752334,0.011710829227828956,0.003825569568469911,-0.0002898515519772493,0.006916038157686044,0.009899999999999999,-0.0048,-0.006999999999999999,0.0026,-0.0031,0.0
2021-05-25,-0.0015736552896130629,0.003748183171617958,0.0007752752755691983,0.004332851226203749,0.0022895933556494885,-0.01033368321310868,-0.022647472181909878,-0.002755946458203651,0.0034067748240738105,-0.008732263429266474,-0.003,-0.0085,-0.0123,0.002,-0.0015,0.0
2021-05-26,-0.0003940956276990981,-0.0009136759147612139,0.0073808250705929,0.0018747562447005706,0.0033391555952442253,-0.00012379030438225413,0.011671947700930385,-0.005938167840228714,-0.002239403320189237,0.0004525569627784609,0.0046,0.0177,0.005699999999999999,-0.0054,0.0014000000000000002,0.0
2021-05-27,-0.012376788842894282,-0.008668413515767748,-0.007406669665522725,-0.010734558114025683,-0.013503030187617004,0.015571997057896692,-0.006447163626134955,-0.001537907295674823,-0.0227338315561062,0.006856232599334655,0.0027,0.0108,0.0095,-0.0026,0.0027,0.0
2021-05-28,-0.005348068409853801,0.0014842043319163167,-0.002467644801278257,-0.0021794289420000723,0.04884426508081363,-0.0006693260516302812,-0.0032445784289785173,0.002606508492481341,-0.0009633202943938324,0.0004839773741631692,0.0004,-0.0037,-0.0032,-0.002,-0.004,0.0
2021-06-01,-0.002648366219503262,-0.00913159652084572,0.010323159256530268,-0.0013714148069622345,0.001231239553606045,0.01102051479121191,0.03580630268841345,-0.02197926074793244,-0.014608423556500494,0.0013819578949365585,0.0003,0.0141,0.0144,0.0029,0.0039000000000000003,0.0
2021-06-02,0.00627621352892449,-0.0004041617651509011,-0.004447346894416282,0.004765962837133042,0.03158707053729315,6.0224868136282694e-05,0.007938847194611576,0.004047584521489123,0.004365049332553328,0.0006210070316570171,0.0011,-0.0021,0.0032,-0.0007000000000000001,0.006999999999999999,0.0
2021-06-03,-0.012154046129750906,-0.00642971721135055,-0.009706385351997748,-0.014526941142032901,0.011413547007604885,0.0006622241893330383,0.0039381970128278265,-0.0009626574911372199,0.01790753357118824,0.006723716574374983,-0.0053,-0.0025,0.0073,0.0040999999999999995,0.0034000000000000002,0.0
2021-06-04,0.019022205233782286,0.020674933260135253,0.019590381442198268,0.006027657821926935,0.03585798700288856,0.0016250021325143749,0.004413440838156202,-0.00042178771662326753,0.0007360328229255586,0.0018837133632541025,0.009000000000000001,-0.0059,-0.0091,-0.0015,-0.0022,0.0
2021-06-07,7.933947244542772e-05,0.012041880061263832,0.0036471660325485544,-0.0025606925929613222,0.002317941554510261,-0.0046862191385035334,-0.006509561636703132,-0.0068083442015022255,0.0034570796352209054,-0.010460815238341636,0.0014000000000000002,0.0127,-0.0095,-0.01,-0.0021,0.0
2021-06-08,0.006672013619173356,-0.00488530157428102,-0.0016068290265690566,0.020669153552085318,-0.009194522337238498,-0.003984408398501338,0.017690599013215014,-0.008796536462808535,-0.011581548922263152,-0.0009327334403441689,0.0018,0.0108,-0.0031,0.0007000000000000001,-0.0009,0.0
2021-06-09,0.0030771343710234156,0.004038165765673396,0.003961014634765503,0.005220349302289318,-0.00542867757554788,-0.012484431615899183,0.008369513738180956,0.013464753550904929,-0.0003709023992575222,-0.0021093947369921207,-0.0029,-0.0045000000000000005,-0.0084,0.0016,0.0019,0.0
2021-06-10,-0.008023182464548584,0.014393486023706936,0.011291953960634649,0.02087684594544914,0.00384536586830464,-0.015588552305999981,0.001596108944028618,0.008997900038776097,0.007418922186062327,-0.0127173854075886,0.0040999999999999995,-0.013300000000000001,-0.020499999999999997,-0.005600000000000001,-0.0105,0.0
2021-06-11,0.009832547834801364,0.0025269016628655105,-0.0020246144433461177,-0.0008418265339896758,0.02296973890186682,-0.0006859170899072842,-0.009242914862161444,-0.012688431634214847,-0.006848759371142266,0.006703884165382146,0.0037,0.0072,0.0017000000000000001,0.0004,0.0,0.0
2021-06-14,0.024577899525582092,0.007755118831811014,0.007699013896421247,0.011067127216432215,0.010855492994687799,-0.01696949219556565,-0.0016086547018303587,0.002485560722855107,0.00037084741839321644,-0.011470638243178288,0.0015,-0.0075,-0.016200000000000003,-0.0059,-0.0049,0.0
2021-06-15,-0.00643769841069719,-0.005887286333724928,-0.008379346226819018,-0.0002186996793457352,-0.012778383671163795,-0.015167716964942235,0.0364105760344271,-0.0053213510525994545,-0.0019274458072084943,0.0014460680135244264,-0.003,0.0023,0.0128,0.0067,0.0013,0.0
2021-06-16,0.003933679866330531,-0.003793097155078473,-0.005328682431650189,0.0094941835711142,0.0012226725784949544,0.007024227499165869,-0.0035752301764231387,-0.00036460189829046197,-0.01388778673504687,-0.0029232129418433894,-0.0046,0.0043,0.002,-0.0034000000000000002,-0.0024,0.0
2021-06-17,0.012601376226610173,0.013676258629473859,0.008039957450824753,0.02166464377780497,0.04755693099771152,-0.028860503264193538,-0.032917505180815265,0.004804346248683533,0.009112740229638927,-0.015612246613864844,0.0001,-0.013500000000000002,-0.035699999999999996,-0.006999999999999999,-0.011000000000000001,0.0
2021-06-18,-0.010091695239078047,-0.005634314827911324,-0.013409332923044581,-0.0006706583139327593,-0.0009916650226210466,-0.02530316919635711,-0.025649160160835405,-0.019610270785050732,-0.014627845673325646,-0.016685183737303322,-0.0123,-0.008,-0.0144,-0.0043,-0.0070999999999999995,0.0
2021-06-21,0.014103529323036046,0.012334745661762847,0.0141660095029148,-0.009446804682075038,-0.011347208014225285,0.016968975122014784,0.03625829253941504,0.011482923366945563,0.007876967679856017,0.01116624384461784,0.013600000000000001,0.0084,0.0106,0.004,0.0031,0.0
2021-06-22,0.01269839314901633,0.010965795885277574,0.004252417374875916,0.01490466106187549,0.02493604376277614,-0.0014628704563640627,0.019172478882391486,-0.0013428955482355232,0.00037583592167456104,-0.0006495585413809346,0.0058,-0.0009,-0.0043,0.002,0.002,0.0
2021-06-23,-0.0020897050627460834,-0.0009034793223287041,-0.0016634803388410058,-0.0004621896804161141,0.009027348863784868,0.006058160564469617,0.007367813585983152,-0.006050616690002397,-0.0014274300953047714,-0.008161236660544913,0.0,0.0051,-0.0029,-0.0048,-0.0024,0.0
2021-06-24,-0.0021691961259852066,0.005352756938848513,0.003054259490592681,-0.015622946391951387,0.0077792718580627085,0.00919807257434968,0.004045938945779648,0.0045503934724551165,0.0006772697171320008,0.0030218690788581526,0.0069,0.0074,0.0023,-0.0039000000000000003,0.0026,0.0
2021-06-25,-0.002248485478384521,-0.0062620860937535605,6.93493746044549e-05,-0.013806561613952328,-0.009085938848422015,0.01009781474020044,0.002170045674444454,0.005141580915132726,0.014283258898087015,0.01049045246972069,0.0031,-0.005,0.0043,-0.0014000000000000002,0.0006,0.0
2021-06-28,0.01254614127088538,0.013961389493530874,0.00022437965062027665,0.012474089136242261,0.05012877786927583,0.0018172018658833,-0.02551830807368982,-0.0011569355567333517,0.0029650723714211846,-0.006358285437903843,0.0021,-0.0086,-0.0159,-0.0049,-0.0014000000000000002,0.0
2021-06-29,0.011500131938236624,0.009973500978285976,-0.002150330686176205,0.0012340341405479016,0.002088856406006867,-0.0012307196458737346,-0.006189415037702983,6.069002622899333e-05,-0.006798873215303813,-0.0014460573286101397,0.0001,-0.0039000000000000003,-0.003,0.0031,0.0039000000000000003,0.0
2021-06-30,0.0046209592894970175,-0.001842636041289536,-0.0014966519027667102,-0.0023143032508132766,-0.0012107851054009577,0.009082622107429605,0.007345869921142167,0.004328959146362665,0.003943306796933221,0.006191021416885878,0.0007000000000000001,0.0013,0.0075,0.0072,0.0064,0.0
2021-07-01,0.0022636461381599915,0.0025840057663830684,0.0029078315067649907,-0.0020900020900020966,0.010473654167003188,0.009900879389876938,0.002853646088633699,0.007405248019562105,0.0022976216093535395,0.008095854531127822,0.0044,0.0042,0.0044,0.0,0.0033,0.0
2021-07-02,0.019596214639219678,0.022275531788732206,0.02297360088701761,0.022723749230608936,0.013605625326939874,-0.0009602745501667842,-0.0014227994531128552,0.018197410816351844,0.004880024317175158,-0.003747789771290866,0.005600000000000001,-0.015300000000000001,-0.006999999999999999,0.0066,-0.0014000000000000002,0.0
2021-07-06,0.0147185845764215,3.603004446728342e-05,0.0074445683385069295,0.04692710742205475,0.010323979447251608,-0.01679164377639264,-0.02849448863944315,-0.005977135102931297,0.0005886610671492765,-0.0064487955877651215,-0.0027,-0.0102,-0.02,0.0055000000000000005,-0.0075,0.0
2021-07-07,0.017955210653827214,0.008175312666984347,0.002250600873323849,0.005669564076709488,-0.015786463167773546,0.0011730683260731123,-0.015642789011784508,0.008572936261141528,0.007501462441072304,0.006923347971470317,0.001,-0.0084,0.0008,0.017,0.0034999999999999996,0.0
2021-07-08,-0.00919980648869756,-0.008966355595217301,-0.011306719717619096,0.009422227593882448,-0.023022211353514677,-0.017253408658600256,-0.004469542149772243,-0.001947697320647812,-0.00014623847870176565,-0.018407048813263494,-0.0086,-0.0001,-0.0079,-0.0022,-0.0003,0.0
2021-07-09,0.013055213258374776,0.0018743116747992339,0.0037947614811106867,-0.003234704202571881,0.007411540708020858,0.03199936119278224,0.01812446915355359,0.003962287805228781,0.0003652354251724166,0.023312601198725025,0.0126,0.0085,0.015700000000000002,-0.0017000000000000001,0.0040999999999999995,0.0
2021-07-12,-0.00420381058397179,-0.002230385860880424,0.011607985206989024,-0.00021234814297532711,0.023054493411991617,0.014316031501929949,-0.0009801310569212962,-0.001590492272798616,0.0008023199367011014,-0.0013547894614527323,0.0023,-0.0002,0.005600000000000001,0.0028000000000000004,-0.0027,0.0
2021-07-13,0.007889275607455337,0.013197515380673153,0.00288225342393833,-0.011076947823728367,-0.012797267923414402,-0.014873520897296877,-0.004740640318729117,-0.0012391590505785866,-0.0012393716086763762,-0.003213001833386242,-0.0055000000000000005,-0.0121,-0.0040999999999999995,0.0075,0.0012,0.0
2021-07-14,0.024100489023804794,0.005445110546300258,0.00703235646057454,0.0011747744165069296,-0.020172665519221922,-0.0034049009109176076,-0.022174804338066845,0.006793957529788841,0.007373883563805528,-0.0032233584901246726,-0.0025,-0.0116,0.0034999999999999996,0.0194,0.0063,0.0
2021-07-15,-0.004492162141380152,-0.005238796300420789,-0.009607296067483118,-0.013711143174944485,-0.04411216104887039,0.0021917408125191606,-0.009742867212769513,-0.012029115534295198,0.00855211323994265,0.005066306185470548,-0.0038,-0.0026,0.0079,0.0034000000000000002,-0.0007000000000000001,0.0
2021-07-16,-0.014075869311236722,-0.0009963677752282685,-0.0002756234943043223,-0.01585423166667732,-0.04245715429907748,-0.022835310088056282,-0.027650655494899756,-0.001603737854953713,0.009700850148805173,-0.006506532662220121,-0.0076,-0.004,-0.0127,0.0013,-0.0084,0.0
2021-07-19,-0.0269145543676631,-0.013321340937746728,-0.018838979430270797,-0.006727030092302577,0.03407030072375816,-0.03251945989368299,-0.03436855342084377,-0.007257443861957147,-0.0004980238406547821,-0.01885566876380307,-0.014199999999999999,0.0004,-0.0177,-0.0043,-0.0111,0.0
2021-07-20,0.02597399597780692,0.008339064688793085,0.01309625717181584,0.0066486136498793424,-0.008932576995765107,0.01864343682875913,0.011021020645500146,0.009407765150233116,-0.0053403867165012775,0.015513866828704703,0.017,0.0086,0.0014000000000000002,-0.0058,0.0033,0.0
2021-07-21,-0.005131530029549025,0.007446705493222794,0.010613304050876238,0.003361110852517335,0.042875606035367886,0.021040611769630457,0.03216576867003074,0.0061742727459419555,-0.003507943069745445,0.010798476204247898,0.0095,0.0073,0.008100000000000001,-0.0096,0.0008,0.0
2021-07-22,0.009628845654859441,0.016844199167747487,0.006840184175387343,0.014735635895966048,0.009479945540066259,-0.012626077513065881,-0.011253396506035518,0.0028907488539056114,-0.00383116244580306,-0.007789026146022948,0.001,-0.015600000000000001,-0.0102,0.005,-0.0043,0.0
2021-07-23,0.011988640408346019,0.012336782745383523,0.035769419273211644,0.005115384934792466,-0.0018374644828579312,-0.0019211318546300538,-0.0012259249722281762,0.010648327741556107,0.014440841622461065,0.002844717294267829,0.009899999999999999,-0.0033,-0.0045000000000000005,0.0049,-0.0036,0.0
2021-07-26,0.0028948433315936217,-0.002140507571514849,0.007668234221614556,0.01180863619816197,-0.013498434153423,0.006704762254603702,0.025245510210487154,0.0004656151626982741,0.00350549437387615,0.001113137166376621,0.0018,0.0009,0.013300000000000001,0.0029,0.0087,0.0
2021-07-27,-0.014900496157414289,-0.008683452271598502,-0.015928962502241073,-0.019846876786293155,-0.004457133618472331,-0.0013190680592595205,-0.011114925666020126,0.004596682731745183,0.004063305062220746,0.007101904853017649,-0.006500000000000001,-0.0046,0.0059,0.0046,0.0009,0.0
2021-07-28,-0.01219605144694813,-0.0011170791698590365,0.03179680001102447,0.0010837371680696428,0.015358126687412321,0.0016507845165592006,0.006743897538716848,-0.0027799204592128257,-0.014838471378394669,-0.009544813332262425,0.0027,0.0121,-0.0064,-0.015700000000000002,-0.0073,0.0
2021-07-29,0.004552421906609538,0.0009784121539493373,-0.0023254145112203695,-0.008373940689987869,0.008152631503453245,0.008569408021550373,0.012195208939576041,0.0,0.0051888322695401445,0.005969088909302256,0.0040999999999999995,0.0022,0.009399999999999999,0.008199999999999999,0.0055000000000000005,0.0
2021-07-30,0.0015107046706301919,-0.005549480280413022,-0.0077407081721253546,-0.07564890713277761,-0.008290474252587554,-0.007973760990608536,-0.023078405378099465,0.00011603759495071309,0.019715928177410413,-0.0052545080404259314,-0.006500000000000001,-0.0009,-0.0018,0.005699999999999999,0.0042,0.0
2021-08-02,-0.002331437999378072,-0.0003160073842405353,0.0009502402698129409,0.0011690369463182027,0.012872940234735841,-0.004018755559768383,0.00017376718275308178,0.00040659693534350616,-0.0024607334185945406,-0.0005389841240389659,-0.0012,-0.0013,-0.0045000000000000005,-0.0007000000000000001,-0.0039000000000000003,0.0
2021-08-03,0.012644487510766522,0.008075053218662198,0.005750629389161155,0.01043374884144277,0.0032912072261421788,0.011377740054701047,0.010767766851366378,0.012306263637796189,0.014589812585540818,0.013158743624707814,0.0073,-0.0039000000000000003,0.009300000000000001,0.006500000000000001,0.0027,0.0
2021-08-04,-0.002782219059986768,-0.002124565893721342,-0.0037197621678199955,-0.0034222398904129037,0.023163911846262764,-0.010791904346926229,-0.023367876267967658,-0.005906479659181119,-0.010559210326093305,-0.010716781917998408,-0.0039000000000000003,-0.0098,-0.015700000000000002,-0.0037,-0.0113,0.0
2021-08-05,0.0007485654006909037,0.010506005361697657,0.008332998940278058,0.006340362999381677,0.01790475038359096,0.012628459849272522,0.006333686738224431,0.0019035229376702656,0.0004912850203506736,0.005129466540077399,0.0074,0.0108,-0.0012,-0.0129,-0.004,0.0
2021-08-06,-0.0047671631884572685,-0.00020753718723065528,-0.0037652017306541996,-0.009197334693852421,-0.013131658072729757,0.028403553159643824,0.011538461538461497,-0.0033390878233954258,-0.007649227449213258,0.01934268439033615,0.0009,0.0046,0.018799999999999997,0.0048,0.0029,0.0
2021-08-09,-0.0003419133165174504,-0.0039036316861262854,0.008652611591635218,-0.0009177334401756498,-0.0034861389425917544,-0.001079146248086582,-0.011406844106463865,0.0034659947629271937,0.005445509750385602,0.00560167376033216,0.0,-0.0046,-0.0027,-0.0064,-0.0052,0.0
2021-08-10,-0.003354338103445431,-0.0065549008720825475,-0.0007740641699196527,-0.006340816609805455,-0.017689182589294417,0.012267020960076369,0.017132801130661734,0.00034545311561107184,0.0006328499523866604,0.005953387145048339,0.0006,0.0038,0.0182,0.0072,0.0092,0.0
2021-08-11,0.0017858541569271136,0.0017804764220343827,-0.0038593570830844914,-0.008603643493863333,-0.01188818145164583,0.011930414924973265,0.002921879980454678,0.00017256534071341534,0.002460590340458868,0.00809855443385743,0.002,0.003,0.0144,0.0091,0.005600000000000001,0.0
2021-08-12,0.020773190590982926,0.009966958518284885,0.006713917356806709,0.003459810192938395,0.01045750718520777,0.003909318070032475,-0.0022613570799550065,0.008055146388660006,0.0023133713007166268,-0.0035704770299380684,0.0024,-0.0068000000000000005,-0.0040999999999999995,0.0007000000000000001,0.0011,0.0
2021-08-13,0.0014103739555635375,0.010489487811476517,0.003888779229843209,-0.0028848279463596915,0.014217552806238043,-0.011187853895666011,-0.010113650666232932,0.005993210542296401,0.0048267677332858305,-0.00809666367491213,0.0002,-0.0095,-0.0027,0.006999999999999999,-0.0001,0.0
2021-08-16,0.013548031913939163,0.005975707268781161,0.004225688117105886,0.0015239472057770875,-0.01178913963321937,-0.0065632302161088285,-0.014620189033737296,0.009021177325427177,0.0069624639834025,0.00541872756684092,-0.0003,-0.0086,0.0006,0.0166,0.0022,0.0
2021-08-17,-0.006154010194743598,-0.005159414766703785,-0.01191538612406473,-0.01728702615047184,-0.024661822567034752,-0.012080529902548487,-0.006792961465165059,0.009165708628221303,0.0016587370447154193,-0.0012092108784064193,-0.0079,-0.005,-0.0013,-0.003,0.0008,0.0
2021-08-18,-0.025500828973026524,-0.00611918119589927,-0.008872131720361942,-0.012566487390164305,-0.02148188682556207,-0.00910780775594855,-0.021058306764808576,-0.012704234912153667,-0.010905428325791333,-0.009477760961969728,-0.0096,0.001,-0.0018,-0.0032,-0.0066,0.0
2021-08-19,0.002322883351108862,0.02077517850310917,0.0017055393237865868,-0.0042078187123096855,0.03981083871385871,-0.008355808180307123,-0.030520289975222492,0.00778847881668443,0.01179347584262569,-0.004295224653123042,-0.0013,-0.0096,-0.0083,0.0138,-0.004699999999999999,0.0
2021-08-20,0.010156818357774045,0.02557526177484548,0.012894366668899426,0.003827154714335368,0.051419238338317186,0.002851965558522851,0.0001897329558213645,0.004871951163463395,0.0006896318582874095,0.0004909484391757424,0.0092,0.0086,-0.005,-0.0036,-0.0032,0.0
2021-08-23,0.010257173592438829,0.0009528170631984967,0.019006050987005363,0.02060035500127988,0.05486181451727212,0.012797179772093825,0.04114510774890978,-0.004316599551146827,-0.005100452376355591,0.001226929284520173,0.010700000000000001,0.0075,-0.0083,-0.018500000000000003,-0.001,0.0
2021-08-24,-0.0006014784918145777,-0.006663266093203446,0.008711562358139746,0.012220318769066596,-0.0075145211806266765,0.006190559270207396,0.008195123372624735,-0.012499465321889058,-0.008105418153816935,0.0014004408070948937,0.004,0.004,0.0034999999999999996,-0.0072,0.0002,0.0
2021-08-25,-0.008421166215460518,-0.0020155727212796126,0.005786957019557448,-0.0019965141547840792,0.019272273562413345,0.020612503168197405,0.0018065360938965824,-0.0066138929064535334,-0.003561730635736615,0.004475207427672823,0.0027,0.0006,0.0036,-0.0042,-0.0001,0.0
2021-08-26,-0.0055273098752184335,-0.009668850911103255,-0.00449383798092684,0.005098257262930783,-0.006527619419275266,0.005157692884249387,-0.01352360453076773,-0.005337620831343259,-0.0017521764785144445,-0.00706578094517607,-0.006500000000000001,-0.0044,-0.0033,-0.0006,-0.0012,0.0
2021-08-27,0.007184893115688817,0.002106553727432736,0.01812423560264742,0.01014175672465778,0.02573841604137117,0.008037394447792945,0.01937511693979488,-0.002135206888790986,-0.0007723693514095631,0.004662309885601124,0.010700000000000001,0.016399999999999998,0.0031,-0.0069,0.0016,0.0
2021-08-30,0.03041710852077184,0.012911935010011977,0.0040728511391361355,0.021476998866989616,0.002297341508618711,-0.016007495108485092,-0.010937779788576574,0.004221516809820525,0.004356713980986582,-0.0032798409678566065,0.0034999999999999996,-0.0069,-0.0139,0.0066,0.0007000000000000001,0.0
2021-08-31,-0.008425042591613474,-0.005632527047672253,0.0007399939679730849,0.01438520002272603,-0.013181293992506449,-0.003053950320036969,-0.01160261423258624,-0.003051795144790481,-0.0037782675869252325,0.00038502187969102764,-0.0013,0.0046,-0.0004,-0.004699999999999999,-0.002,0.0
2021-09-01,0.00447880701429737,-0.00016569011671618838,0.0035799188567340323,0.0023654092095504176,0.002501900345391217,-0.00143819139243051,-0.013756438364821433,0.0035233580692317634,0.010183534280050921,-0.0017845794437933993,0.0011,0.004,-0.0096,-0.0045000000000000005,-0.0039000000000000003,0.0
2021-09-02,0.0074752293401059156,-0.0022528319216085224,-0.013280065835470478,-0.004564478889317991,-0.002005215660777826,0.004633352276276703,0.024363039879242265,0.006849187798199763,0.0007646237918863541,-0.0007362475126773127,0.0034999999999999996,0.002,-0.0002,-0.0044,0.0059,0.0
2021-09-03,0.004230367643577537,-3.294381843566008e-05,0.0031578345343725722,0.004311086264728647,0.019958918650185176,-0.006045388097492221,-0.0038125819578445075,0.0006289765515414825,0.0006946745813887212,-0.011085680687088262,-0.0002,-0.005600000000000001,-0.0028000000000000004,0.0003,-0.0031,0.0
2021-09-07,0.015489162999989592,-0.0031881585878970053,0.003763669826706062,0.008982024369138308,-0.00792373768344834,-0.0017552461139334063,-0.005831926623380057,-0.015539517318609586,-0.0037486507001424085,-0.010607047417703575,-0.0036,-0.0036,-0.0008,-0.006,0.0014000000000000002,0.0
2021-09-08,-0.010083640793671966,9.989233237894801e-05,-0.004085758107831405,0.004619174430729789,-0.014252985655715755,-0.00445974967576368,-0.00916613670694355,-0.0024373289896244543,0.0075953918420144095,0.0015776351776097819,-0.0033,-0.0074,0.0007000000000000001,0.0073,0.002,0.0
2021-09-09,-0.006704838733590512,-0.00985975479358514,-0.0010438275721633694,-0.011726004336084506,-0.007251617997809379,0.004353391102162929,0.0007403974969115712,-0.022280346077134805,-0.004218724033810295,-0.002613342148988562,-0.0028000000000000004,0.0025,0.0009,-0.0078000000000000005,-0.0027,0.0
2021-09-10,-0.033101855306991945,-0.0051807762499438414,-0.018566213714925395,-0.004308001431212238,0.013572389228922344,-0.011495828581378764,-0.0020339984641647435,-0.006544716049748711,0.0009725273377965138,-0.0036250647900233357,-0.0076,-0.0003,0.0002,0.002,-0.0037,0.0
2021-09-13,0.0038933261811116004,0.004328362863309065,0.010338941092288279,-0.0034532897607970625,-0.01450295378140698,0.015887196880186805,0.025750304618496367,-0.007007419230945056,0.010754036939514044,0.008357374903491976,0.0014000000000000002,0.0024,0.013500000000000002,0.0023,0.009300000000000001,0.0
2021-09-14,-0.009561878767382015,0.009427996747696676,0.0014893974855785252,-0.002073980962099431,0.004062838523032575,-0.017452880090292666,-0.01426735125653178,-0.0060314510393290055,-0.0017159137587640094,-0.009717065912492662,-0.0066,-0.0067,-0.0097,0.0042,-0.004699999999999999,0.0
2021-09-15,0.006143355235613823,0.016778501422056058,0.013224058596848387,0.007475391332653958,0.0044509610056848725,0.006939578197741936,0.03371181026412384,0.0037621357543642375,-0.002131831765319281,0.0035352829206156677,0.0088,0.0012,0.0067,-0.0024,0.0043,0.0
2021-09-16,-0.0016101769819537592,0.0013123189823915915,-0.00567410030938198,0.0035819053548502566,-0.004431237739300431,-0.0004423649138803887,-0.010634605586648305,-0.0012090401712320231,-0.006959724236529463,-0.00240845110286958,-0.0005,-0.001,-0.0058,-0.0042,-0.0053,0.0
2021-09-17,-0.018348022903722616,-0.01752837686578046,-0.01956674261933855,-0.007373319866162298,-0.015376383808651695,-0.002593563137473054,-0.011823644814120349,-0.0028448271010108606,0.0015961521386120836,-0.002702605216415188,-0.0074,0.01,-0.0005,-0.0064,-0.0048,0.0
2021-09-20,-0.021361256051024236,-0.018575004387399674,-0.014776447482258037,-0.03084174438431353,-0.03593614027696668,-0.029933855624662664,-0.0266499438406409,-0.005705353978380345,-0.010046014205744136,-0.009249882455061642,-0.018600000000000002,-0.005600000000000001,0.0022,0.0078000000000000005,0.0023,0.0
2021-09-21,0.0034281500335231474,0.0016988205066423845,0.002259748231844272,-0.0036057473697842513,0.0062993897874463745,0.00013057361384238853,-0.0009309405666072523,0.0043950657958509165,0.0015397186517962513,-0.0037199835369804424,0.0003,0.0027,-0.0068000000000000005,-0.0043,-0.0036,0.0
2021-09-22,0.01687266403521437,0.012822609246413208,0.00899446008975624,0.01089234819407503,0.03271202056883871,0.019152704838166335,0.029269161171095348,-0.0036465280989543825,0.0034241700932413632,0.0032579788868132287,0.01,0.0014000000000000002,0.0060999999999999995,-0.0052,0.0046,0.0
2021-09-23,0.006719071030133472,0.0032822689530798144,0.006647443274155229,0.01063594079605279,0.02465721513293162,0.033801791202237697,0.03387059446435159,0.00567309892587331,0.0041084298780422746,0.014777201754067493,0.0128,0.0046,0.0092,-0.0101,0.0022,0.0
2021-09-24,0.0006129565570103246,-0.000700905859521983,0.00707423115881789,0.0027868730462519142,-0.01783661575100337,0.011539606190018148,0.008934655580920658,-0.0030328143553000064,-0.004438348825940297,-0.0008988925801420855,0.0009,-0.004,0.0070999999999999995,0.005699999999999999,0.0023,0.0
2021-09-27,-0.010550066496937127,-0.017304111944013933,-0.00803717276347049,-0.005756835077931344,-0.019066053504088742,0.024165874918412378,0.029692879959942298,-0.007240391104522015,-0.013166215394001979,0.0066578116962050515,-0.0011,0.0171,0.024399999999999998,-0.0024,0.0078000000000000005,0.0
2021-09-28,-0.023801350145765343,-0.036203672166120526,-0.03715827292174434,-0.0263784679831095,-0.04436747050024148,-0.005389614088138872,0.010455082300161012,-0.0022062602823685884,-0.0075536098638218085,-0.010474734244940276,-0.0217,-0.0001,0.0176,0.0083,0.010700000000000001,0.0
2021-09-29,0.006482963590103141,0.0016930913104018508,-0.010870339339031476,-0.004475351789266391,-0.008792604812299265,-0.0007830862531869043,-0.0006674100877691602,0.007432068213163223,0.01017180913441984,0.0018064235867056855,0.0004,-0.002,0.008100000000000001,0.0115,0.0034000000000000002,0.0
2021-09-30,-0.00931175224272418,-0.007324328255217449,-0.005042768311607659,-0.0048710792439015105,0.009699012488460168,-0.013618519118642314,-0.017701974767225903,-0.015363785704574306,-0.0156315073505382,-0.015687568860999535,-0.0103,0.0007000000000000001,-0.0077,-0.0124,-0.0037,0.0
2021-10-01,0.008127074637875431,0.02546843726789616,0.021447538906376185,-0.0005418778291703674,0.0012552804267249584,0.021015538515317456,0.0358719520134958,-0.006377814167316975,-0.0015737503822523813,0.01014871029858111,0.011200000000000002,0.0048,0.0051,-0.0009,0.0055000000000000005,0.0
2021-10-04,-0.024605577629821518,-0.020719300954847197,-0.02111768617216303,-0.028471678341373097,-0.04869358296880033,-0.001077182823926215,0.012965945239728827,-0.007789950049283734,-0.005660037165513998,-0.007507804834043896,-0.014199999999999999,0.004,0.0235,0.0069,0.011000000000000001,0.0
2021-10-05,0.014158605888670461,0.01995700041624815,0.017682723318255933,0.00978753803838428,0.03643827445046943,0.016330324927508855,-0.0016204531038161996,0.002261325027813399,0.0038909080612721247,0.01611596589847064,0.0106,-0.0058,-0.0007000000000000001,-0.0009,-0.0034000000000000002,0.0
2021-10-06,0.0063070785620968906,0.01506393660804406,0.011336436862937616,0.012732016728672857,0.012175422760466903,0.002134264846552547,-0.01833804479659562,0.002068103608362515,0.013349374017329607,0.007804400370447606,0.0034000000000000002,-0.01,-0.005,0.0033,-0.0068000000000000005,0.0
2021-10-07,0.00908414467736507,0.005936543361327651,0.012067099185363084,0.012391203105561077,0.018116144226897335,0.00633068313329721,0.0028102522884867476,0.008942189458332583,0.00800363497167167,0.009742384463762743,0.0101,0.0045000000000000005,-0.0018,-0.0007000000000000001,0.0004,0.0
2021-10-08,-0.0027213662075011857,0.0,0.004025781108414117,-0.004181805261295635,-0.011577671206863926,0.0007642890368735333,0.025057811481367764,-0.0025411068925471625,-0.004145807034973803,0.00420569849820529,-0.0027,-0.0046,0.0113,0.0009,0.0059,0.0
2021-10-11,-0.0006300328733747085,-0.00210287489603711,-0.006234632985668176,-0.01286860335091844,-0.006528869315197139,-0.021031332417923654,-0.00997112540451961,-0.004225252915538991,0.004163066304546215,-0.01129732458354371,-0.0072,0.0023,-0.0028000000000000004,-0.0004,0.0028000000000000004,0.0
2021-10-12,-0.009102950051206649,-0.004588111264994366,-0.017744735422438707,0.0003172745113595443,-0.001159817672847896,-0.00768126286777604,-0.005198219403107052,-0.01597529615501303,-0.0014757254141312126,-0.008222680449999853,-0.0007000000000000001,0.0055000000000000005,-0.0043,-0.0088,-0.0028000000000000004,0.0
2021-10-13,-0.004240187291244979,0.011711192039685514,0.008303311615943665,0.011378601203982708,0.012964930313916545,-0.026367079086580758,-0.0027759842330034035,0.009575561439486346,0.00232191853616337,-0.0025841692388239856,0.0043,-0.0009,-0.0105,-0.0049,-0.0079,0.0
2021-10-14,0.020225738506240987,0.021734175332442263,0.025941090174048664,0.004743759227551214,0.03854071067106335,0.015341905677312306,0.01522854087579284,0.005716456526540403,0.011303210724294965,0.013458153415239815,0.0165,-0.0037,-0.0028000000000000004,0.0,-0.0012,0.0
2021-10-15,0.007512775025698026,0.004822294159208429,0.0015373319460567636,0.03308023939004423,0.005334251887690877,0.01920847162586803,0.009516052868133507,0.007432362314074403,0.002568698363158761,0.00912504144643167,0.0064,-0.0113,0.0028000000000000004,0.0037,-0.0008,0.0
2021-10-18,0.011806077301043327,0.010124491737135255,0.009973886840067836,0.011064772529006062,0.016466930489005938,-0.00036015629400720783,-0.0004791681327482866,-0.007315528305821162,-0.014402650334184086,-0.005699993546650406,0.004,-0.0040999999999999995,-0.0001,0.005699999999999999,-0.0008,0.0
2021-10-19,0.015080235847253931,0.0030591612374479826,0.0032147291711777104,-0.0007514424560826072,0.0030601822333045092,0.012128357608522045,0.015025613054153064,0.02342005597811192,-0.011802563074909789,0.007926643771553277,0.006999999999999999,-0.0048,-0.0024,-0.0017000000000000001,0.001,0.0
2021-10-20,0.0033610172061786514,-0.0026604911442649204,-0.010248856398789696,-0.008446195751808605,-0.008389762282906443,0.013466345251335277,0.005511564937696667,-0.0005493693655110876,0.003910229455306169,0.009338917205034214,0.0034000000000000002,0.0023,0.012,0.0028000000000000004,0.0055000000000000005,0.0
2021-10-21,0.0014738518639478837,0.010897918745359503,0.0008255649138171339,0.005841756945129006,0.026648194754556043,-0.007843663202706574,-0.01816757498134458,-0.002320167967391207,-0.007196911031821185,-0.002330456478189191,0.0036,0.0003,-0.009899999999999999,0.0031,-0.0060999999999999995,0.0
2021-10-22,-0.005284850479034708,-0.0051487328722619186,-0.030443406047534705,-0.028954833317208384,0.001498357404167594,0.013451477804762524,0.006859199912759184,0.0019581207409720136,0.01076589050351573,0.0084372876659915,-0.0025,0.0002,0.0102,0.0043,0.004699999999999999,0.0
2021-10-25,-0.00033636517916524333,-0.003331731562389084,-0.00086870067439071,-0.004550989805058192,0.019360991354511636,-0.004890134817667868,0.01948669393191671,0.002199277331314864,0.00014184812247441947,0.003526550842514853,0.005600000000000001,0.0036,-0.0013,-0.0040999999999999995,-0.0037,0.0
2021-10-26,0.0045748216517351725,0.006425681094229585,0.013543362575580087,0.01677526160393561,0.0669515124094957,0.0026909207844043603,0.023154655251356626,0.010177753535186795,0.014199694932063744,0.0020326476884191536,0.0005,-0.0078000000000000005,-0.003,-0.0038,-0.0015,0.0
2021-10-27,-0.0031475708135333402,0.042114259552348265,0.04959504254137648,0.004863638245470758,-0.010761589853105713,-0.02082837763410872,-0.02597210903759639,-0.012126772357932691,-0.007140527012888476,-0.010555293999636728,-0.0076,-0.009399999999999999,-0.012,0.0086,-0.0063,0.0
2021-10-28,0.024991754931118715,0.003651029079335677,-0.0025203886101274886,0.01594115275917063,0.020039800516345796,0.01507488229709364,0.0028068197782129545,-0.005435371954102264,0.005993122580447485,0.006741269197426236,0.0111,0.0083,-0.005,-0.0027,-0.0017000000000000001,0.0
2021-10-29,-0.018155626481596743,0.02241411696241702,0.015063481020753278,-0.021511245053778105,0.025099389949490458,-0.00275910610450969,0.0024879676371956094,0.00018423422612956486,0.002172766904476431,-0.009353829365110755,0.0021,0.0013,-0.0083,0.005600000000000001,-0.0083,0.0
2021-11-01,-0.005607328281902579,-0.006784705344706654,-0.030726921383331107,-0.01610709978002456,0.010169276385805226,-0.0005297538860169482,0.017992928864056568,0.0008596013539474701,-0.0024478287541283006,-0.0026829013102324106,0.005,0.020499999999999997,0.0044,-0.0113,0.0007000000000000001,0.0
2021-11-02,0.007115662439040049,0.011415851550968359,0.013488163639925554,-0.0016154097805501921,0.022224760698161594,0.003946004894013866,-0.012341800491228572,0.015764765368402323,0.009955087264167384,0.005904145119703497,0.0025,-0.0033,-0.0055000000000000005,0.0042,0.0016,0.0
2021-11-03,0.009798775043625474,0.0026115871233483023,0.008014108338695536,0.021507811127532195,0.007461853711037136,0.0003516987006910721,-0.013730360155217003,-0.0032004182317776353,0.006872042949295887,0.0027437521794106967,0.0079,0.0144,-0.0016,0.0021,-0.0043,0.0
2021-11-04,-0.0034985168634750208,0.007305297118704646,0.011388071394766941,0.02748232410840923,0.120422796026868,-0.013135380182859313,0.007508195991651867,-0.002786994888401173,0.0018617639384135298,-0.003567465970289785,0.0039000000000000003,-0.0029,-0.0138,0.0066,-0.0074,0.0
2021-11-05,0.003582408239715118,-0.0011297217962018546,0.0039422283039005634,0.01207642928374364,-0.0016442751127216937,-0.0014261418761440936,0.009470507468686273,-0.007107997149680689,0.004954330877585678,0.0006604415857132118,0.0037,0.0079,0.012199999999999999,0.0005,0.013600000000000001,0.0
2021-11-08,-0.005552742847825809,0.0027677458961172796,0.001202705684197003,-0.008527948857282919,0.035358819611810866,0.006009949279865756,0.010765928049297546,-0.0034268333504746673,-0.0074634011738119455,0.00319571659911122,0.0016,0.0002,0.001,-0.0053,-0.0012,0.0
2021-11-09,0.0024593868883995285,-0.0030862126866393336,-0.0007551550755289238,0.025007238016599764,-0.004772085526131287,-0.007571008259226297,0.009738148203249253,-0.002210216268751619,0.0030351699755857275,-0.008483316457788215,-0.0034000000000000002,-0.0013,0.0046,0.0059,0.0029,0.0
2021-11-10,-0.019163085989898243,-0.01532985293427247,-0.020312948666918795,-0.026334994227121156,-0.039077498040788416,-0.0009535829074669433,-0.019700611476468732,0.010830048956602,0.009836054296955332,-0.0035969923427364714,-0.0104,-0.003,0.0095,0.0137,0.0002,0.0
2021-11-11,-0.0003380458037807177,0.004927372206256386,-0.0008704326569777265,-0.0027425987825921982,0.03160314097386219,-5.947636393910383e-05,0.0018695482137101038,-0.007365798972848947,-0.0028607444160108075,-0.0023482875737242948,0.0017000000000000001,0.0062,0.0034000000000000002,0.0014000000000000002,0.001,0.0
2021-11-12,0.01433678465824273,0.012905032737024591,0.019973564151738454,0.015162029225161966,0.0,-0.004475144733572578,-0.0076192781050108405,0.011958724860342551,0.0010925526097178562,0.004707522805631692,0.0074,-0.0046,-0.0091,0.0037,-0.0029,0.0
2021-11-15,6.696771937209078e-05,-0.0019300642111341748,-0.001520009084206686,0.0058238044631160335,-0.012010409727798987,-0.0017977750319210228,0.008617970582307066,-0.00902988301791019,0.005731523733496724,-0.004615465057217105,-0.0006,-0.0045000000000000005,0.006999999999999999,0.0053,0.005,0.0
2021-11-16,0.0066666430611717065,0.010235553603907821,-0.0038800507821478147,-0.001404486161877938,0.005928328308145714,-0.007204360985636593,0.01009781966668144,-0.00519815288852854,-0.0014242764558620724,-0.004601918060837207,0.0044,-0.0016,-0.0068000000000000005,0.0017000000000000001,-0.006500000000000001,0.0
2021-11-17,0.016489661658510624,0.0006789344410076392,0.0011563719940681505,0.0023441312596286235,-0.031188925680600832,-0.005382373009052088,-0.010919714389640567,0.003749917892685639,-0.0006115258565901893,-0.006246432471669783,-0.0040999999999999995,-0.006500000000000001,-0.0026,0.008100000000000001,0.0018,0.0
2021-11-18,0.0285364095947227,0.006339972187160203,0.012100985198866265,0.04143700734081479,0.08249875686750907,-0.008633526299596017,-0.010884673043788151,-0.005389435181175517,0.00013562612203665836,-0.003409181673933448,0.0014000000000000002,-0.0075,-0.0006,0.0125,-0.0011,0.0
2021-11-19,0.016975914407194148,0.005391456036321296,-0.006086609223259765,-0.005273114275827329,0.041357944124087664,-0.013063702323722115,-0.0462192381305877,0.003017065119276463,-0.0020388042047069233,-0.002280635132742681,-0.0025,-0.0040999999999999995,-0.0131,0.0103,-0.0064,0.0
2021-11-22,0.002927324874000714,-0.009559683777427552,-0.01762299715278648,-0.02828730052206352,-0.031196193057349997,0.021314933239022782,0.013845231338749153,-0.013161867357838641,0.006674796263861582,0.017786389371132305,-0.005699999999999999,0.0007000000000000001,0.0278,0.0125,0.0163,0.0
2021-11-23,0.0024221630196137323,-0.006326353895680259,-0.003554135230444455,0.0020909577736383245,-0.006571616162318605,0.023912383905882795,0.026337252430169933,0.00619958180464919,0.011095970319901172,0.012597804409279822,-0.0002,-0.0019,0.0177,0.0024,0.0115,0.0
2021-11-24,0.003283460579891262,0.0006809910078169334,0.002318491304812209,0.00010331533981333685,0.029231629581625285,-0.00784388830837468,0.005544240497097563,-0.002800658585421223,-0.005219864794447804,-0.004435815047568958,0.003,-0.0014000000000000002,-0.0087,-0.0054,-0.0025,0.0
2021-11-26,-0.03167820417507228,-0.024355466651237,-0.026943696693655927,-0.021184701669844985,-0.03583838508920545,-0.030127112331787442,-0.035129341576378925,-0.006490565151062833,-0.00800473712109706,-0.014585082355925594,-0.0223,-0.0128,-0.0095,0.0026,-0.0060999999999999995,0.0
2021-11-29,0.021873783089384258,0.02108086563215439,0.0235437291061118,0.016267432688752415,0.0594544610700809,-0.004323014505971501,0.005551043494390173,0.0034550296494209043,0.01051055633371245,-0.0034264765030600497,0.011000000000000001,-0.0131,-0.0078000000000000005,0.0038,-0.0031,0.0
2021-11-30,0.03157743067934349,-0.017942594559366642,-0.024963731475955875,-0.015302274022490625,-0.020973375001965944,-0.014885477262029934,-0.028413690386894785,-0.023912510473705573,-0.029794618189829647,-0.019247103253088205,-0.0195,0.0018,-0.0113,-0.0009,0.0039000000000000003,0.0
2021-12-01,-0.0032064742618305164,-0.0015426966352546367,-0.005962175003004333,-0.0180634873037836,-0.0378608697140832,-0.005918473778538935,-0.000835430466678555,0.013788210968950887,0.012588527010372497,-0.006107927378995681,-0.0159,-0.0044,0.0109,0.0233,0.0078000000000000005,0.0
2021-12-02,-0.006129722389134562,-0.0017873043408023204,0.013573275517027472,-0.0018468889124809706,0.021981779236119214,0.021027575470568438,0.024920484852794855,-0.006262453397965162,0.005874295909558791,0.0148727139559659,0.015300000000000001,0.01,0.0124,-0.0066,0.0004,0.0
2021-12-03,-0.011724550613743112,-0.019666939379761272,-0.0067463949605138795,-0.013839076006382012,-0.0446055845449399,-0.018113089095223023,-0.006364270672791106,0.014577646713271886,0.017791747457255314,-0.005947915310083762,-0.0118,-0.0087,0.0108,0.0176,0.010700000000000001,0.0
2021-12-06,0.021502919677099497,0.00984492733557496,0.008123021435937794,0.011086219388703134,-0.02137285279171086,0.01181402095543116,0.011331767990637509,0.022336133279217796,0.015145030629222678,0.014237870134133024,0.012,0.0084,0.0063,0.0009,0.0062,0.0
2021-12-07,0.035446200678900475,0.026763610278661698,0.028741663548853547,0.027986504263362688,0.07956858851013582,0.01504748776745668,0.011205016327902495,0.0025779826927050387,-0.0026287256760709754,0.012758533924206006,0.0222,-0.0017000000000000001,-0.0178,-0.0144,-0.004699999999999999,0.0
2021-12-08,0.022783098893852438,0.00014935629427315078,0.006226674811306454,-3.689871657430732e-05,-0.01853395371125066,-0.011441453071835528,0.002890861427726099,0.005999114143118156,0.004480896024667835,-0.004386426622611017,0.0046,0.0034999999999999996,-0.0085,-0.0097,0.0019,0.0
2021-12-09,-0.002970168141192553,-0.005582589703440277,-0.003698125053924084,-0.011279643604146683,-0.041978345639190784,-0.0015554403298307928,0.0025618484954257337,0.009492424590358484,0.005838862992434635,0.002819638338949604,-0.0104,-0.0105,0.0155,0.0144,0.01,0.0
2021-12-10,0.028013438460837703,0.028339883839407554,0.0024587784735123908,-0.011247564604614624,-0.009576948177678402,-0.0039886575797187795,0.006388828594168228,-0.002471464732139439,0.013957791923339125,0.013039582862060195,0.0070999999999999995,-0.0087,0.0052,0.0138,0.0077,0.0
2021-12-13,-0.02067415710775078,-0.009166954301903507,-0.014695670274771033,-0.015356076499860039,-0.06745471028512118,-0.011888488539346098,-0.021901295044920777,0.01788630628620802,0.0142158720630301,0.006175619163339974,-0.0104,-0.0029,-0.009899999999999999,0.0031,-0.003,0.0
2021-12-14,-0.008023441704848033,-0.032586917071250165,-0.013163048479719275,-0.0028071293797337082,0.006249690508360661,0.007661976172488316,-0.0014603315766319458,0.010923120511951767,0.003678342639465093,0.017309709474265578,-0.0076,-0.0034999999999999996,0.0165,0.0040999999999999995,0.0018,0.0
2021-12-15,0.028509276758456714,0.01921777848238304,0.01760850130247804,0.024977573145925636,0.07488457020856853,-0.007478093434527544,-0.004387328908421195,0.004991463035146859,0.003854675592044998,-0.001525309998621105,0.016200000000000003,0.0001,-0.0191,0.0005,-0.0034999999999999996,0.0
2021-12-16,-0.03926361970557757,-0.02913479574647404,-0.013629869647639903,-0.025641174633125208,-0.06802597236964292,0.015639035719221983,0.0016320836235872438,0.010926821159777056,0.014163443434473066,0.018976261491876478,-0.011899999999999999,-0.0085,0.027999999999999997,0.0062,0.0067,0.0
2021-12-17,-0.00650215742564586,-0.003385904617506763,-0.018830730419439057,0.00678920370502567,-0.020643191263193472,-0.022754278120392657,-0.021834723685236646,-0.027628521510080883,-0.0226551961852397,-0.021687741860971332,-0.0066,0.0147,-0.023399999999999997,-0.017,-0.0037,0.0
2021-12-20,-0.00812190191612261,-0.012013408483629195,-0.0008326684267805362,-0.017283556389377508,-0.0029497183639415336,-0.01798933131402647,-0.014492840250603933,-0.0028530423627314283,0.0025400769831134262,-0.01379152169189135,-0.0126,-0.0021,-0.0040999999999999995,0.0003,0.0017000000000000001,0.0
2021-12-21,0.01908714258080413,0.02306905068883025,0.013173782318489868,0.019978649621920752,0.0489198300188145,0.013966660410082765,0.02265038950673004,-0.0032191809148500727,-0.0006333284106012638,0.012534115073435714,0.0206,0.0066,0.0019,-0.0109,-0.0024,0.0
2021-12-22,0.015318772973870187,0.01805721132953808,0.02050915907637818,0.0036381058820253998,0.011177779156904544,0.003907726729584171,0.008099327033032955,0.004305929600214142,0.00988839229599714,0.0039899518029558045,0.0097,0.0018,-0.0034999999999999996,0.0034000000000000002,0.0005,0.0
2021-12-23,0.0036435728875556794,0.0044719076656090095,0.003425142138243631,0.0001841364158221559,0.008163157603260363,0.0035736423828129915,0.0004918361306145425,0.0019056682289637639,0.0048957305926016215,0.0002716842881378412,0.0072,0.0028000000000000004,-0.0049,-0.0037,-0.0040999999999999995,0.0
2021-12-27,0.02297476002917609,0.023185671818890752,0.006738618659714257,-0.008178022851368039,0.04402855152190743,0.005723218415730313,0.014257706134631398,0.008439897433240917,0.011680059469797222,0.007402707275803833,0.0123,-0.0013,0.0031,0.0098,0.0045000000000000005,0.0
2021-12-28,-0.005766874205530126,-0.0035042488832338625,-0.008245196516123543,0.005843719029521299,-0.0201324388856573,0.003035078319518325,-0.0032318296997141394,0.004007411764923363,0.005371675279850052,0.005460596096214854,-0.0026,-0.0040999999999999995,0.008199999999999999,0.0084,0.0023,0.0
2021-12-29,0.0005019477594450095,0.0020513645690134474,-0.00021821624705020692,-0.0085549217086347,-0.010586565683397997,-0.000504261573718634,-0.008753250851201377,0.007044506847171839,0.008290468396851436,0.0039223000323191926,0.0007000000000000001,-0.0002,0.0017000000000000001,0.0070999999999999995,0.0,0.0
2021-12-30,-0.006578652311132305,-0.0076913259327224814,-0.0030989689080063165,-0.0032890070546229833,-0.01383288055250309,-0.0005047327913598743,-0.005887177923933673,0.004430291320536961,-0.00864868679680586,0.001736524230576686,-0.0017000000000000001,0.0007000000000000001,-0.0040999999999999995,-0.0083,-0.0044,0.0
2021-12-31,-0.0035350402559437555,-0.008840966709642184,-0.009223605907103138,-0.011429400216389607,-0.005914751210566838,-0.0008200626744369055,0.006580030314090823,-0.007196540756118863,0.004976611188068691,-0.0032669209628530815,-0.0031,0.0017000000000000001,0.0052,0.0034999999999999996,0.0045000000000000005,0.0
2022-01-03,0.025004174297552417,-0.0046683398675243515,0.0009630415779589008,0.022118320898886212,0.024140595717298874,0.021155356231436828,0.03840495388897214,0.0027474960075002386,-0.004157472492848591,0.005986650651912617,0.0072,0.0044,0.0077,-0.011699999999999999,0.0053,0.0
2022-01-04,-0.012691683898488182,-0.017147150472873185,-0.004083039365547991,-0.016915587005979504,-0.02758879758485222,0.03790978955942892,0.03761414469102897,-0.0026816404973848407,0.003499383355281882,0.025732205241182582,-0.0027,-0.0006,0.0364,0.0064,0.015600000000000001,0.0
2022-01-05,-0.026599915000026564,-0.03838767834217083,-0.045876090923947954,-0.018893091563845,-0.05756224688826872,-0.018282177675315148,0.012437495841673307,0.006663439502023527,0.004526720668613704,0.004505281995063948,-0.0226,-0.009300000000000001,0.0258,0.0141,0.0129,0.0
2022-01-06,-0.01669313081266066,-0.007902020008164312,-0.0001997962011665022,-0.006710981961323137,0.020794067204714217,0.010624295092902525,0.023520576128092552,-0.0034256072874493393,-0.008403806085141019,0.010647869288822998,0.0,0.0038,0.0176,-0.005600000000000001,0.0001,0.0
2022-01-07,0.000988227908733208,0.000509856088517946,-0.005303093926222968,-0.004287778294336242,-0.033040087344989755,0.009908207861780483,0.008196472164222257,0.013517459353422634,-0.0005525765230588453,0.02094373773394942,-0.0049,-0.0096,0.0202,-0.0013,0.0085,0.0
2022-01-10,0.00011640884783448158,0.0007322540578953429,0.012060499802977187,-0.006570176170610398,0.005615362929957568,0.0009570384489661077,-0.00595202126229788,-0.004944058922263683,-0.013641394652874173,-0.0026580965249870525,-0.0014000000000000002,-0.0031,-0.0026,-0.0006,-0.0036,0.0
2022-01-11,0.016783512547013935,0.002259388414834751,0.007691024242789224,0.024002125643924677,0.015219118520411357,0.0010159640849700668,0.04206199113963116,-0.010630406392322489,-0.011587512526757493,0.002727856072388679,0.0108,-0.002,-0.0027,-0.0124,0.0034999999999999996,0.0
2022-01-12,0.002570445912452035,0.0104448703374731,0.012126549564797973,-0.0009373300985386912,0.00654258180189804,0.005671750138585452,-0.002943203403454553,-0.008525548705344721,0.0022059069660882447,0.0018449871106647198,0.0013,-0.0085,0.0052,0.0076,0.0029,0.0
2022-01-13,-0.01902801134009313,-0.04232254204116237,-0.020105271263506808,-0.024169655027437842,-0.05085888619475709,-0.0012468787456066943,-0.007168960224933851,-0.006066159202800292,-0.004528004714200007,0.0027154251924552675,-0.0155,0.0088,0.0239,0.0118,0.0104,0.0
2022-01-14,0.005110506585361163,0.01771677178495734,0.006446938854449691,0.005731487003565627,0.013810017795010232,-0.06146330197145544,0.01755639534625275,-0.005451630619076164,0.009602771144212596,0.008933558581665002,0.0008,0.0005,0.0055000000000000005,-0.0085,0.0052,0.0
2022-01-18,-0.018894019864765355,-0.02433950246210914,-0.02496755875041279,-0.019862738846190164,-0.03856440594359989,-0.04192771569354514,0.01683591932388473,-0.004408786332814274,-0.019272764900170936,-0.011847086909707594,-0.0206,-0.009000000000000001,0.0138,0.0079,0.0098,0.0
2022-01-19,-0.02102470288050773,0.0022469254089980684,-0.006481662812403921,-0.016477101806013472,-0.03227424754110342,-0.015469004442063894,0.0004106532701189103,-0.0031118444743297724,0.033624559219713746,-0.017296850969813704,-0.0102,-0.0036,-0.0067,0.0025,0.0009,0.0
2022-01-20,-0.010347279657250796,-0.005703342281004109,-0.013388431297260861,-0.02963230963415675,-0.036582009149112915,-0.008527752107673314,0.0021881270228993888,-0.007984349828832782,0.005399311243480698,-0.011882415359412257,-0.0115,-0.0084,-0.0023,-0.0031,0.0009,0.0
2022-01-21,-0.012764996164233988,-0.018467988161022575,-0.0221743681687655,-0.05950180896147472,-0.03213235410177673,-0.017472507051002117,-0.015012693814589695,-0.0022995433718668856,0.0038271674472041273,-0.018616791624440632,-0.0209,0.0039000000000000003,0.004699999999999999,0.0103,0.0054,0.0
2022-01-24,-0.004864518237639115,0.0011483178483762124,0.0034713227967411164,0.01332698348311534,-8.54745542333557e-05,-0.0008961215097899045,0.008590944947389767,-0.01152421729683517,-0.008117043027162207,-0.00488169264273608,0.0053,0.0175,-0.0025,-0.0006,-0.0067,0.0
2022-01-25,-0.011384634537061067,-0.026588355040313205,-0.029578580726030923,-0.031533745543573244,-0.0448400304915354,0.010900547620672718,0.029399471818694733,0.028594201753000092,-0.010911433229833123,0.0113916680272792,-0.014199999999999999,-0.0018,0.027999999999999997,-0.0079,0.016200000000000003,0.0
2022-01-26,-0.000563433929868018,0.02849326613218217,0.018103918153958176,-0.007954330670553511,0.02006777408558058,0.0094861169689342,-0.01014293172675862,0.004474101249079654,-0.008712783242318944,0.006738524391312506,-0.0029,-0.0106,0.001,0.0042,-0.0002,0.0
2022-01-27,-0.0029428946955506463,0.010549085381867052,-0.001764390645445757,0.005508645722495764,-0.03636022426639962,-0.017644742506658817,0.01280833933518255,0.01312514066163084,0.006197168985286661,-0.005141293046894813,-0.0076,-0.0146,0.0083,0.0105,0.0092,0.0
2022-01-28,0.06977755417118314,0.0280818014881985,0.03368858845776179,0.031084056738273746,0.040831269336062403,0.008946324639032222,0.0021298781446033033,0.007034288387942178,0.008609128556110068,0.016998668185056687,0.0246,-0.0062,-0.0208,0.0016,0.0016,0.0
2022-01-31,0.026125690040235794,0.008823513664121263,0.014641938224175588,0.03886361030218932,0.0720664734042813,0.01357367134303944,0.009032862632423422,0.002910708639749515,-0.0003113856994888531,0.00038349351079625116,0.0232,0.006999999999999999,-0.0287,-0.0182,-0.0167,0.0
2022-02-01,-0.0009725989332515228,-0.00713861562175111,0.017297898782148824,0.010830762802234384,0.006207470806503412,0.01715983760934159,0.06411301693893634,-0.008183918726169859,-0.00442521342283031,0.0030030109079237643,0.0087,0.0012,0.006500000000000001,-0.011000000000000001,0.0033,0.0
2022-02-02,0.0070442059755242425,0.01522201009153612,0.07523797767739793,-0.0038427158906232384,0.024515224064310503,-0.008005161936775362,-0.002598014854740871,0.01106024526049243,0.017904184904726783,0.01796411900222794,0.0051,-0.0158,0.006999999999999999,0.015,0.005,0.0
2022-02-03,-0.01671968078703423,-0.03895236370971078,-0.03317601841150786,-0.0781276325178123,-0.05126381723245643,-0.008270092699245057,-0.011659543294126995,-5.78113238157707e-05,0.009470906575344884,-0.013673326138085584,-0.0248,0.0046,0.0219,0.0043,0.013600000000000001,0.0
2022-02-04,-0.0016794011617574656,0.015568511491500736,0.0014187516793782162,0.13535901735711864,0.015491932568236333,0.02595846764676879,0.02171172440998781,-0.006540725538745962,-0.015900897799183578,-0.0007614146610029904,0.0089,-0.003,-0.006,-0.0173,-0.012,0.0
2022-02-07,-0.004234616448694273,-0.016310146336078746,-0.028556713365714415,0.0018777353189827206,0.01681807892089049,0.00334277243477743,0.012037728876015397,-0.003321093360809324,-0.007490901948084661,0.004825612173005922,-0.0024,0.0067,0.002,-0.006999999999999999,-0.0001,0.0
2022-02-08,0.018466848413484005,0.011995111423104055,0.001422423948068685,0.022021627828944013,0.015367035957971842,0.018815084349081967,-0.02585275618070626,0.0026303682036550313,-0.0022454783938763434,0.015576103515436701,0.0102,0.0073,-0.0029,0.009300000000000001,-0.0042,0.0
2022-02-09,0.008293652351767378,0.021834560827393767,0.015731737112412603,-0.0013877341505965646,0.06360529029542095,0.004167971828445971,-0.004786758557051796,-0.00011647207902054646,-0.002250853572395073,0.0029243480408995826,0.016,0.0002,-0.0196,-0.011000000000000001,-0.0026,0.0
2022-02-10,-0.023598769410935305,-0.028372936831242868,-0.02098998836585142,-0.013561706274733853,-0.03299004448471454,-0.004150671944711193,-0.009620462079562464,-0.012070494754994887,-0.015225521672705411,-0.007847877476819809,-0.0169,0.0002,0.0123,-0.005600000000000001,0.0027,0.0
2022-02-11,-0.0202186535817388,-0.02427418299236872,-0.03129069911127591,-0.03591110674363196,-0.07260695961648156,-0.013017324769499905,0.025178796397197223,-0.010093348633363197,-0.005598969970232459,-0.0022197637690472005,-0.0191,0.0092,0.0213,-0.002,0.0143,0.0
2022-02-14,0.001423314304618728,-0.0001352268244406707,0.009260576338039117,0.012221683270054351,0.013278075670418499,-0.00929009772979894,-0.015334485009734777,-0.012581291243255799,0.002879498475643505,-0.01522847542165584,-0.0034999999999999996,0.0008,-0.0062,0.0069,-0.0018,0.0
2022-02-15,0.023152406684623816,0.01854224489242573,0.007987395477575099,0.008658352201907249,0.09181230108872684,0.014623540010218816,-0.012534684235706695,0.010325969224719067,0.0005102343401388598,0.006109244734605834,0.018500000000000003,0.0102,-0.013999999999999999,-0.0068000000000000005,-0.008100000000000001,0.0
2022-02-16,-0.0013888587918319262,-0.0011671595589195505,0.00826802081010003,0.010159039538768955,0.0006038264464560683,0.001809893088315473,0.004615657286934471,-0.0005975003336521345,0.007588366990204376,-0.0017394632805604049,-0.0002,0.0004,0.0032,0.0060999999999999995,0.0042,0.0
2022-02-17,-0.021269183495182364,-0.029282251230312695,-0.037745576629078736,-0.021808901106176726,-0.07559128190962794,-0.02303238010410491,-0.0015315213708662068,-0.006100127744489314,0.01145513517550123,-0.00665295784610187,-0.0229,-0.0005,0.0115,0.0088,0.0147,0.0
2022-02-18,-0.009355764701404534,-0.00963094330709413,-0.016115850398642495,-0.013261957754408193,-0.03529590985487119,0.004688762844733407,-0.011121213423708975,-0.010718926964035314,0.0005002939307328091,0.0039866051623811405,-0.0085,0.0012,0.0095,0.010700000000000001,0.0044,0.0
2022-02-22,-0.01781227764727389,-0.000729463287293175,-0.004520446195019456,-0.015753494788264932,-0.010659214399046268,-0.0017746613577316328,-0.01163380794382618,-0.013589556689417526,-0.012319932761168273,-0.002032986517395474,-0.011699999999999999,-0.0036,0.0009,-0.0004,0.0016,0.0
2022-02-23,-0.02586413975490065,-0.02589321827193447,-0.017144108861851803,-0.03575624663287669,-0.042881665618824893,-0.020938788753741888,0.0040543927519649525,0.0004965766308027142,-0.012473823952526386,-0.01327353380164642,-0.0195,0.0006,0.0125,0.0002,0.010700000000000001,0.0
2022-02-24,0.016680164105727036,0.05109392534930013,0.03999582266361945,0.04509522427819257,0.06079423861657807,-0.02784292324838933,-0.0126350384103735,-0.01910452154631559,-0.026930233376514567,-0.005516279586270656,0.0187,0.0069,-0.0388,-0.0179,-0.018000000000000002,0.0
2022-02-25,0.012965447873279912,0.00923293453799845,0.01332808300655186,0.01605793012842116,0.017222620279701673,0.023659279332758132,0.026912790405060116,0.049702923906923324,0.04269909796734406,0.03555206792032117,0.022400000000000003,-0.0014000000000000002,0.011899999999999999,0.0036,-0.0019,0.0
2022-02-28,0.0016377457766174608,0.0049780634304104066,0.004443756561554935,-0.0014662630028149382,0.009438335426177336,-0.04169769470122964,0.007451327869368196,-0.00861429539827685,-0.014850867570515347,0.006922760431842256,0.0003,0.0039000000000000003,-0.0046,-0.008,0.0025,0.0
2022-03-01,-0.011627737782154313,-0.012851863124207163,-0.007370719570147788,-0.015765550251120253,-0.037236011810287906,-0.03772929001257308,0.009563774277549397,-0.003463892241199251,-0.01654997916798917,-0.01434131496057156,-0.0155,-0.0028000000000000004,-0.0085,-0.0040999999999999995,0.0053,0.0
2022-03-02,0.020588314583282807,0.017765704303988716,0.0038041875247973866,0.0060241839623909055,0.03182364434488161,0.02074042147638888,0.01717821221305993,0.012439240091643988,0.003130681596984264,0.02146199466337273,0.0182,0.0063,0.013000000000000001,0.0052,0.004699999999999999,0.0
2022-03-03,-0.0019812738151885334,-0.01422429538520753,-0.004993733508895093,-0.027319556126581324,-0.02089177117902974,-0.007108312145732154,0.006333066829807832,0.01469507837545514,0.00370639548661722,0.01266832097505377,-0.0086,-0.0022,0.0151,0.0125,0.0125,0.0
2022-03-04,-0.018408309187739502,-0.02047857007836662,-0.01488440122620327,-0.0152637929917393,-0.03280752455890246,-0.02812894001518107,0.0376356687719579,0.005935551494440361,0.005053016788131082,-0.007322859486167954,-0.0109,-0.0052,0.0072,0.0037,0.0123,0.0
2022-03-07,-0.02371754499209311,-0.03777688924604994,-0.041908517202801754,-0.05622045424233624,-0.06906177711247552,-0.038616196799023284,0.03603289364429152,0.016108265267277933,-0.014825254050401693,-0.008053098748013854,-0.031400000000000004,0.0073,0.0089,-0.0069,0.013500000000000002,0.0
2022-03-08,-0.011676179803825737,-0.010971470701066188,0.005744751377376955,-0.010465446730283379,0.007587204687153903,-0.007042773153915105,0.007575779177610764,-0.020266225532161397,-0.03958383408842148,-0.013014415565023918,-0.0053,0.01,0.003,-0.011200000000000002,-0.0024,0.0
2022-03-09,0.03499753651526505,0.04585867389148879,0.049687428913604226,0.024001199930983708,0.06972180535864703,0.04006233352390565,-0.056846717320389484,0.0037934190600392714,0.01348870733932106,0.021599915610059917,0.0279,0.0001,-0.0217,-0.0040999999999999995,-0.0158,0.0
2022-03-10,-0.027186183825662513,-0.010086688517937925,-0.007423747262853997,0.05412515560997311,-0.01546864296028616,-0.011840655075442186,0.031042588384440517,0.0017713718452201377,-0.025744515136549184,-0.00030733283771189335,-0.004699999999999999,0.003,0.0118,-0.0032,0.0034000000000000002,0.0
2022-03-11,-0.02390887093329519,-0.019328621163505977,-0.019323738928526346,-0.008806846762653975,-0.024626970130562142,-0.022523767821047036,-0.005154653104962881,-0.0018272456112519153,-0.011866634196836756,0.003996367535599843,-0.0148,-0.0012,0.0176,0.0097,0.0064,0.0
2022-03-14,-0.026562225711160847,-0.012961067149689365,-0.030179934304088052,-0.025229488143872714,-0.03484178549645933,0.00993094510678505,-0.03579865719644415,0.013817435334355643,0.012776987818176266,0.010349065583731942,-0.0104,-0.0084,0.0179,0.0219,0.001,0.0
2022-03-15,0.02967747802860443,0.038742626318921225,0.02578003845156629,0.038867730338306705,0.077027763414111,0.017745904966597115,-0.056912232303405585,0.025918855397585094,0.035987936623999905,0.007788280262670533,0.0215,-0.0049,-0.023700000000000002,0.0077,-0.009899999999999999,0.0
2022-03-16,0.029015053258947487,0.025213722306220987,0.03159844674890433,0.038933563723705156,0.06629505576539474,0.04468588208240276,-0.0037555189020239688,-0.009197275331519927,-0.003394205870644207,0.010705150170716715,0.026000000000000002,0.0044,-0.018500000000000003,-0.0116,-0.0158,0.0
2022-03-17,0.006454266280569554,0.002819070867553064,0.004190659702690835,0.027007748989816838,0.011022187529490024,0.012644570376024289,0.02664756245417932,0.013064426857817724,0.0031384717080031876,0.026360466083366285,0.014199999999999999,0.0016,-0.0106,-0.0161,-0.002,0.0
2022-03-18,0.02091872688552221,0.017647529644120308,0.017083887891668592,0.025512151358369817,0.06811742398963272,-0.0003565376626966099,-0.003925029366669608,-0.011085970346175533,-0.0005323447072971277,-0.007420928050366649,0.0132,-0.0019,-0.0187,-0.0055000000000000005,-0.0084,0.0
2022-03-21,0.00853767648394177,-0.004227043462858737,-0.0001764167173341491,0.0014945523217748669,0.01062277352823715,-0.003211873786141406,0.044870746636069825,0.005662084027716396,0.0037962470211712063,0.021173446810725416,-0.0017000000000000001,-0.009399999999999999,0.016399999999999998,-0.0019,0.0155,0.0
2022-03-22,0.02080077929693469,0.016379300030800126,0.027674016736174423,0.02103830044237709,-0.007855111593032538,0.02126733355038324,-0.004379584575728512,-0.00472022340755629,0.007696006820260504,0.0007721472597499446,0.013000000000000001,-0.0022,-0.011899999999999999,-0.008199999999999999,-0.0103,0.0
2022-03-23,0.008233572708313375,-0.015029971396385178,-0.011385481363680672,-0.008981816492546923,-0.03355465158603477,-0.019913174240229647,0.015762662235836666,-0.003771601369803479,-0.006978887628413588,-0.0050581231981216,-0.0125,-0.0062,0.004,-0.0051,0.0152,0.0
2022-03-24,0.02267781603757979,0.015392895723266076,0.02384008208002908,0.0014779010051912955,0.09815093922640372,0.006510451761984726,0.0030071957326145426,0.005162518752813261,0.001723835208677471,0.012092116873838155,0.014199999999999999,-0.0032,-0.008199999999999999,-0.0048,-0.0013,0.0
2022-03-25,0.003733959194165415,-0.001381454717751751,0.0007133369196030692,0.006868294014676479,-0.016269922048064323,0.008742600062314088,0.02182796490671035,0.009586878080465766,0.01158325484284517,0.01813438924137789,0.0028000000000000004,-0.003,0.0219,0.002,0.0137,0.0
2022-03-28,0.005036794845819648,0.02311669607653144,-0.0015349296804971768,0.025592678900108856,0.019030720205644114,-0.00739872435828437,-0.02805196947343258,0.005143720093597759,0.006870416528681034,0.002257769920128272,0.0073,-0.0087,-0.0172,0.005,-0.0124,0.0
2022-03-29,0.019134292411265186,0.015159366536253938,0.0074224818842809626,0.00192027764251268,0.015485958085872387,0.0022005207140955996,-0.005313169744159629,-0.0005059739009020126,0.010267626121229556,-0.012375927125141795,0.0143,0.011899999999999999,-0.0192,-0.0032,-0.009899999999999999,0.0
2022-03-30,-0.0066494297935673075,-0.004914330118739874,-0.003978723643441984,-0.01780118433038691,-0.033710095464719037,-0.004533218957005092,0.01711801431163229,0.010407972689498335,-0.006882933317329143,0.007011686946980511,-0.008199999999999999,-0.011200000000000002,0.004,0.0037,0.0092,0.0
2022-03-31,-0.017775881733652854,-0.017682925044714914,-0.020227144469526004,-0.019864567358571672,-0.014590156496315121,-0.0300267770574415,-0.014203881491324455,-0.013140782650802985,-0.01029847537996087,-0.01314275854135516,-0.0154,0.0062,-0.0045000000000000005,-0.0022,0.004,0.0
2022-04-01,-0.0017180225371176139,0.003600391753854737,0.007787533455567708,0.003450973226124532,-0.021036265618729066,-0.007409118056439068,0.006417127350173413,0.005416760117212593,0.014986964611561016,-0.002918587652967264,0.0039000000000000003,0.0058,-0.0060999999999999995,-0.0092,0.0005,0.0
2022-04-04,0.023693358522091534,0.017936353507546743,0.020128320322696736,0.029264484561530857,0.024258626181945298,0.004434268093530536,0.0004812818299511079,-0.009652887755023709,-0.00651219194732211,-0.018330146974902206,0.009300000000000001,-0.0055000000000000005,-0.018600000000000002,-0.0077,-0.006999999999999999,0.0
2022-04-05,-0.018942108313162676,-0.01298521720250645,-0.016649968501719403,-0.025492089193307588,-0.05222963759039834,-0.011637345283526335,-0.005170784061861222,0.0064600326456405455,0.0035047362247981884,-0.0018238279714286598,-0.015300000000000001,-0.0072,0.008199999999999999,0.0069,0.0015,0.0
2022-04-06,-0.01845067976118231,-0.03660553822854651,-0.028757227381013273,-0.032300120131985244,-0.058771142987025904,-0.013874273526571113,0.011120592426217879,0.026012170315768746,0.014292878274325904,-0.0002610102699442951,-0.0123,-0.003,0.0108,0.0023,0.0088,0.0
2022-04-07,0.0018042904195738618,0.006243546760977603,-0.004829849721212476,-0.0061194323502751224,-0.008153382077123239,-0.003042099695661049,0.0167363315575062,-0.002579132295344122,0.012944074616171308,0.005221833875335813,0.0034000000000000002,-0.0060999999999999995,-0.0012,0.0037,0.003,0.0
2022-04-08,-0.011908874875154352,-0.014600046097774988,-0.019140536616530923,-0.021066740550443774,-0.044985177224571404,0.018308035067381434,0.021046042109400753,0.0019805165351785003,0.007805412485356378,0.01901819904812574,-0.0038,-0.0053,0.0227,0.0037,0.0104,0.0
2022-04-11,-0.025515991143823746,-0.03943141624587787,-0.033491498063110914,-0.021613947156313595,-0.05199200258130898,-0.003670610656714035,-0.03443065763753472,-0.012518858744484995,-0.0038099186435339716,-0.0030586719659447814,-0.0154,0.0062,0.0105,0.0046,0.001,0.0
2022-04-12,0.011523393029074347,-0.011217915798120592,-0.008608814685833965,-0.002213363562407644,-0.01884395006230022,-0.010977672670652638,0.020870249570072552,0.0003334174421045777,-0.003009695374265542,-0.006476901455753192,-0.0029,0.005600000000000001,0.004699999999999999,-0.0024,0.010700000000000001,0.0
2022-04-13,0.01634230266954728,0.019712130020663743,0.017065427250805953,0.03152445706895657,0.03250584936961465,-0.032233399878359714,0.014135608728539362,0.004224479394218106,0.0028299184191373783,-0.010064588299762312,0.0139,0.0060999999999999995,-0.0070999999999999995,-0.01,0.0,0.0
2022-04-14,-0.029988222032270806,-0.02708442679873635,-0.02435833914814267,-0.024652684274885983,-0.04256190722888664,-0.00926927145647416,0.011750148855727227,-0.0042067082419326995,-0.005581267883111751,-0.00545899902308844,-0.0128,0.0032,0.0143,0.0017000000000000001,0.0098,0.0
2022-04-18,-0.001330872446353104,0.002465895426791098,0.007468740012037012,0.007109164667870926,0.024696640121776303,0.018553572792575856,0.008197593178642437,-0.01245161907729031,-0.00952254560718746,0.006737744067294216,-0.0019,-0.005699999999999999,0.018000000000000002,0.0077,0.0067,0.0
2022-04-19,0.014114989772650688,0.017039613816327792,0.018268786051675034,0.03488883060861969,0.01905148255910305,0.020706678352174324,-0.008921459535270126,0.030507894265557,0.01496266214000519,0.00533681273933051,0.0176,0.004,-0.0097,0.0054,-0.0126,0.0
2022-04-20,-0.00101530345821077,0.003715245072504203,-0.015145158305290174,-0.026041044919075107,-0.03225511994692898,0.003508200061118405,0.0022788749745621395,0.004424317464810423,0.026597760832963946,0.0009182419633249062,-0.0027,0.005,0.0126,0.0077,0.0118,0.0
2022-04-21,-0.0048434993767552115,-0.019380962220081788,-0.025191306179093487,-0.037026427673936824,-0.06046922396066989,-0.007751795596009248,-0.010572947162497681,-0.0028822070127456634,-0.0007802484071980365,-0.014964741445725793,-0.0173,-0.005600000000000001,0.0040999999999999995,0.0179,0.0044,0.0
2022-04-22,-0.02782135459819668,-0.024144378762566032,-0.04149349479311937,-0.026608937569704394,-0.033097098550005644,-0.02872248890131368,-0.021831822849862403,-0.009925934742094022,-0.008363829959510793,-0.023399325966541706,-0.0274,0.0026,-0.0018,-0.0015,-0.0021,0.0
2022-04-25,0.006737371719161889,0.024413598341449072,0.028741346359486997,0.011943186356370372,0.019830815667274848,-0.0003154437642411967,-0.03371291563647305,0.02462284124986347,0.008062175582708386,0.004142372924516469,0.006999999999999999,0.0012,-0.018600000000000002,0.0011,-0.0111,0.0
2022-04-26,-0.037328147934441946,-0.0374039505247884,-0.035945807812873265,-0.0457507730510871,-0.055974192391131994,-0.029581063923440065,0.0003645462978651981,-0.007150164535723924,-0.016979249216414583,-0.018697189738268838,-0.029900000000000003,-0.0036,0.018000000000000002,0.0024,0.0125,0.0
2022-04-27,-0.0014668109398903173,0.04810890664687406,-0.03670874514763067,-0.008781047317448887,-0.019853009159328194,-0.013006063853063465,0.028557508162376122,-0.01397003401444441,-0.0026909901780779455,-0.003236072414850022,0.0013,-0.005600000000000001,0.0034000000000000002,0.0014000000000000002,0.008,0.0
2022-04-28,0.04515519848125171,0.022632551462577144,0.036992099720201344,0.04653418536434306,0.07423266873914036,0.015812884866709842,0.030245947219381897,0.00746833014658832,0.025413775721518927,0.0051277459501797296,0.0245,-0.0052,-0.0042,0.0048,0.0005,0.0
2022-04-29,-0.03660458962202895,-0.04181206389035075,-0.037233464961511364,-0.140494377749234,-0.062430402305894694,-0.032268470950097994,-0.022362486306548357,-0.016352315021811892,-0.017501814995305454,-0.025477715221157382,-0.0354,0.0088,0.0060999999999999995,-0.0024,0.0068000000000000005,0.0
2022-05-02,0.001966480274434357,0.025043285522376557,0.021676640401523173,0.0017580913238786078,0.05316236965056964,0.009132131033771307,0.013607198642995533,-0.01008544439319281,-0.013516080242185757,-0.014372841197701769,0.008,0.0038,-0.0116,-0.0063,-0.013500000000000002,0.0
2022-05-03,0.00962287674522,-0.009456175803854605,0.006441681070920691,-0.0019799044812061073,0.0035322107717477014,0.021419695888982293,0.02059908250475373,-0.0019591642192061665,-0.013701052306031025,0.0025141826796273303,0.0040999999999999995,0.0016,0.0165,0.0001,0.011899999999999999,0.0
2022-05-04,0.04100798305171627,0.029100897552327254,0.04199120428602998,0.01348046853293483,0.03734345414078333,0.03308131026629191,0.03980056308805491,0.010712864967891145,0.007361940550274726,0.02448351922533809,0.0301,-0.004699999999999999,0.0024,0.0002,0.0007000000000000001,0.0
2022-05-05,-0.05571588406203498,-0.043554826576655103,-0.0470755153319824,-0.07561036490424522,-0.07327673288826442,-0.025019789513239354,-0.015157978411176498,-0.01908986038471916,-0.018429181050408472,-0.02484698721081835,-0.038,-0.0023,0.023700000000000002,0.0059,0.012199999999999999,0.0
2022-05-06,0.004726896296683991,-0.009446651890129831,-0.006514719566794169,-0.014041240035030156,-0.00896807526194876,-0.0016136597460874036,0.015280660715869754,-0.0022064469247511376,0.009970159636284226,0.000627627123221286,-0.0085,-0.0101,0.0184,0.0098,0.0139,0.0
2022-05-09,-0.03318924257960021,-0.036945493904599336,-0.027953259895015514,-0.05213354825727934,-0.09236933334810105,-0.015034169876468662,-0.07885271781384728,0.00544327179631221,-0.0024998852060059695,-0.01856501924575038,-0.0352,-0.0005,0.013300000000000001,0.0425,-0.002,0.0
2022-05-10,0.01611197766593664,0.018595580541741485,0.01674489187013961,0.0006434445934944133,0.03805293445885405,-0.024372174201086616,0.006630414378839378,-0.0013533286601040695,-0.005269754757641243,-0.0013739541395756394,0.0022,-0.0049,-0.012199999999999999,-0.0068000000000000005,0.0028000000000000004,0.0
2022-05-11,-0.05184116137881467,-0.03320963190450832,-0.00692758671232141,-0.03203225709010704,-0.054845047116696355,-0.006308308521651762,0.02081856960225026,-0.005421237382028377,-0.014083603858273452,-0.003167664666565706,-0.019299999999999998,-0.0060999999999999995,0.026099999999999998,0.0062,0.0102,0.0
2022-05-12,-0.026894374654800157,-0.019957622510896944,-0.006676857119108592,0.014790404884573283,-0.0273601362260093,-0.0008465192360782581,0.004539484168949004,0.009879072762357444,-0.00406256020863538,-0.011170350166522347,0.0015,0.012,-0.0123,-0.0034000000000000002,-0.011200000000000002,0.0
2022-05-13,0.03191652114618426,0.022596458558821864,0.028415348510354654,0.05727556035084924,0.09465188144940528,0.008895084570260448,0.029664195735822796,-0.005734478391880571,0.010724553115567081,0.007466038470416159,0.0274,0.0037,-0.0218,-0.0213,-0.0075,0.0
2022-05-16,-0.010672520657875051,0.00145521015028649,-0.013834525527733565,-0.01985316173972196,-0.024963118057154787,-0.00696928695744059,0.023520057717205445,0.006954831107311987,0.00976421945196737,-0.0034475346602063084,-0.0059,0.0009,0.0131,0.0019,0.0131,0.0
2022-05-17,0.025422838027442385,0.020343943904805206,0.017720339131336083,0.04113327357999652,0.05288468685262249,0.03314725890757875,0.012754383015605164,0.004155515039354185,-0.0028367638704405174,0.017168344957456005,0.0213,0.009399999999999999,-0.0005,-0.0068000000000000005,-0.0031,0.0
2022-05-18,-0.05641921377323278,-0.045529447056956274,-0.03926665581745392,-0.07156196640827217,-0.06816310661607827,-0.017106082811356393,-0.015850602538754588,-0.018565867311141182,-0.06232194289779436,-0.025301943104409808,-0.0406,0.0046,0.0154,-0.0059,0.004,0.0
2022-05-19,-0.024641100501594737,-0.003699636665481343,-0.013543386473655716,0.0019278532990965047,0.010981185513039504,-0.014822145272813447,0.005405185986915084,-0.008889052493974758,-0.023028156211790884,-0.008120338615323686,-0.0034000000000000002,0.004,-0.008,-0.0121,-0.0091,0.0
2022-05-20,0.0017469261777942613,-0.002291241885809203,-0.013371524198440454,0.0025345295167615856,-0.025110740738835235,-0.008198787058613544,0.007900043910545884,0.017477219839625358,0.0006350830645078798,-0.00032880521296230203,-0.0005,-0.0013,-0.0019,-0.001,0.0019,0.0
2022-05-23,0.04011919795118479,0.03203187277914865,0.023689776018573916,-0.0003160506951839226,0.012219738465589103,0.061871627071726776,0.02209886650000481,0.020415239440729982,0.022991557787844563,0.02022701746743727,0.0175,-0.0092,0.0131,-0.0005,0.0097,0.0
2022-05-24,-0.01921576162061922,-0.003951430335459971,-0.04949412146860144,-0.03214110432537598,-0.04402894657803624,0.014125157031264157,0.005432017700778724,0.010922850481213997,0.01778716961822191,-0.0033204343609420928,-0.0121,-0.0046,0.0183,0.0139,0.0125,0.0
2022-05-25,0.0011400865853141706,0.011170023031295218,-0.001556969893252158,0.025696475417555487,0.050823528965427966,0.006964140872297131,0.020127119136815752,-0.009812586355351649,-0.01639233470940238,-0.0017142632088437137,0.0121,0.0074,0.002,-0.0051,-0.0003,0.0
2022-05-26,0.023199263335252684,0.012875198085642081,0.018784476253578486,0.04029499229486544,0.05160528359686789,0.017290242500071384,0.0035306258423024595,-0.0008909378618028319,0.008746013261429653,0.012506431986660127,0.0218,0.0001,-0.0060999999999999995,-0.0014000000000000002,-0.0034000000000000002,0.0
2022-05-27,0.04075693541078729,0.027604596800655745,0.041969423817234786,0.036632083603781895,0.053778493409115447,0.014137949785339998,0.009829980262977989,0.00908293494343182,0.015292078014770727,0.021151953124999956,0.0258,0.0003,-0.0128,-0.006500000000000001,-0.0028000000000000004,0.0
2022-05-31,-0.00534650074149956,-0.00501401713513816,0.012869972272780306,0.04397010379074828,-0.007389324056750968,0.00731284869175397,-0.016292482859632695,-0.008614491252938672,-0.005648071185582304,-0.009808450092171461,-0.0070999999999999995,-0.0039000000000000003,0.0046,0.008,-0.0021,0.0
2022-06-01,-0.0008733351133571876,0.0020229667870326207,0.0011426182877691815,0.012266042992872705,-0.018851768770071664,-0.017545043291506413,0.019166585249205115,-0.0101374739433705,-0.015147766903244597,-0.011931196278783363,-0.0074,0.0023,0.008,-0.002,0.0103,0.0
2022-06-02,0.016811206143831248,0.007928905263084651,0.032754777583715367,0.03145034300738625,0.06943218412241481,0.016088159794327206,-0.0017375722028659668,-0.003151361311195644,0.01078018004830561,0.008776210970004694,0.0208,0.004,-0.0208,-0.0042,-0.015300000000000001,0.0
2022-06-03,-0.038555529638857666,-0.0166071620522682,-0.02619820524178884,-0.025185068024527135,-0.04450801037244234,-0.013939374315636077,0.01453872031710901,-0.00412093156368365,-0.008966763448610138,-0.012732210224488005,-0.0163,0.0103,0.0055000000000000005,-0.008100000000000001,0.0046,0.0
2022-06-06,0.005227666286615529,-0.0047035207825048,0.0199012830088805,0.01994280728922404,0.003525912500200734,-0.0033036293795111193,-0.002522784828300817,-0.00011315561853253442,-0.0039068112300219004,0.003891398487096076,0.0033,0.0004,0.0066,0.004699999999999999,0.0017000000000000001,0.0
2022-06-07,0.01758579832456819,0.01395395105610886,0.002816206263258625,-0.014344105316090427,0.007452373876728036,0.002620822718564453,0.045831426352419324,0.010997726973176913,0.011147668196759497,0.0048053821218316806,0.01,0.002,-0.0015,-0.015700000000000002,0.006500000000000001,0.0
2022-06-08,-0.005043351367376436,-0.007669940337306169,0.00037987458878974145,-0.014796745486375773,-0.014480591334494752,-0.015914566479860004,0.011802452228108828,-0.0059436812224487046,-0.01245415148635598,-0.01565440381844818,-0.0102,-0.0027,-0.0052,-0.006999999999999999,-0.0025,0.0
2022-06-09,-0.03595547212943939,-0.02078338156866799,-0.020124787880385075,-0.04150848957443054,-0.03217480064857048,-0.021015559700286124,-0.02160815104588032,-0.020137469440880684,-0.018055249808393015,-0.02571744086465355,-0.024300000000000002,0.0046,0.0026,0.0085,0.0021,0.0
2022-06-10,-0.03862880641069577,-0.044563468552312746,-0.03199356720168911,-0.05596211721574329,-0.05950820360872211,-0.045966144712830226,-0.01827421666480722,-0.006677992978135983,-0.0037897315415315047,-0.03021940394541167,-0.03,0.0027,0.0066,0.0029,0.0055000000000000005,0.0
2022-06-13,-0.03828489731048146,-0.04241279119513619,-0.04290151988294455,-0.05453719355874542,-0.07817827481494877,-0.02977826032429165,-0.045888918310223126,-0.010084182965650834,-0.026770032198050187,-0.03479481057832545,-0.0412,-0.0046,0.006,0.0169,-0.0031,0.0
2022-06-14,0.006672847044392638,0.009204938998218282,0.0030358416960869494,-0.013118555361940287,0.012078851110105315,-0.01663942633357307,0.0026082448647801737,-0.015338447828472157,-0.03119788716640992,-0.013922371587393179,-0.0026,0.0011,0.0011,0.0011,0.0005,0.0
2022-06-15,0.020111262731913326,0.029735183673047283,0.02857132959110742,0.052389802934770247,0.043634733284452,0.011835869421125356,-0.012591038978212232,0.010702184404303816,-0.009937301708409785,0.004646225181111463,0.0155,-0.0003,-0.0167,-0.0019,-0.0115,0.0
2022-06-16,-0.039651440481313416,-0.026969879620908244,-0.033990951089854726,-0.037243378610853584,-0.056029536823128945,-0.01715591759716195,-0.03688466822021774,0.0005292709191850875,0.006112926288427412,-0.037177770012137845,-0.0352,-0.0109,0.0,0.0059,-0.0062,0.0
2022-06-17,0.011533328526182718,0.010940125845470883,0.010468423812851402,0.02469609751257895,0.017883490273182368,-0.0035266778465913307,-0.057665258845361,-0.0036453627741547256,-0.007200895380256478,-0.0017873510228320066,0.0045000000000000005,0.0073,-0.0268,0.0037,-0.0203,0.0
2022-06-21,0.03276059738338666,0.024591110501449798,0.041071043859169265,0.023159471438541024,0.04319900141836319,0.024772089528756647,0.062239070801423546,0.02094914765399203,0.030296333802340314,0.013764557692603319,0.023799999999999998,-0.0083,0.0024,-0.009300000000000001,0.0,0.0
2022-06-22,-0.0038271542088950117,-0.0024040754767737926,-0.0005064738894239307,0.0024843268523027096,-0.01243488508752344,-0.005611414676845672,-0.03957160829768924,0.015779513539187606,0.015619297820393285,-0.0072855007866611254,-0.0019,0.0004,-0.0182,0.0062,-0.0159,0.0
2022-06-23,0.021573631959043604,0.02263655159589595,0.006767529646845016,0.0320330939965241,-0.008252062313334974,-0.010939528516937802,-0.030161732320235668,0.02230553493682841,0.027436862092109715,-0.008414023719755415,0.011200000000000002,0.0031,-0.038900000000000004,0.005,-0.019299999999999998,0.0
2022-06-24,0.024517327231867947,0.03414956669463676,0.05107715511651256,0.03575237064906034,0.05553157240067308,0.02984537432764367,0.01983359032415888,0.014638721772137542,0.014405990356854304,0.04022133002209083,0.0313,-0.0042,-0.0001,0.0011,-0.0037,0.0
2022-06-27,0.0,-0.010496743926454277,-0.0181520921578201,-0.027820692849391482,-0.015006447274842682,-0.008012234369980886,0.024510667884775517,-0.0009327385960433698,-0.0076202718892594,0.00043120280909114683,-0.0027,0.0077,0.0125,-0.0033,0.0127,0.0
2022-06-28,-0.02978965808854661,-0.03174894604128653,-0.033030265331393416,-0.05140434227234392,-0.052581536390434835,-0.004811703148651092,0.027743494156834636,-0.028442675248313676,-0.016265332927582477,-0.016307502314852673,-0.0209,0.0004,0.024,-0.0069,0.013300000000000001,0.0
2022-06-29,0.013024001167935673,0.01473806292615798,-0.002731961814696482,0.014152668728781626,-0.027530920100900524,-0.004489738269324084,-0.03693985263333688,0.00028273845273107945,0.009083067099418418,-0.0013510375263933172,-0.0019,-0.0058,-0.013300000000000001,0.0108,-0.0087,0.0
2022-06-30,-0.01802780188707853,-0.013179270411996402,-0.02451614442402783,-0.024880638358707907,-0.02464295539534278,-0.023330369285105346,-0.028143408281233184,0.0029380152295290785,0.011181471099116047,-0.0017185317104305708,-0.0096,0.0051,-0.0014000000000000002,0.009000000000000001,-0.0015,0.0
2022-07-01,0.01616430916980227,0.010707346334787315,-0.0020694295486718417,0.03154127203651247,-0.041955292655384335,0.01278757297954125,0.022302596126089425,0.011323246121315966,0.01613492264472205,0.016409095182051914,0.0115,-0.0004,0.0011,-0.008100000000000001,-0.0009,0.0
2022-07-05,0.01893037579524126,0.012597251229929496,0.041618489740120834,0.035962053023039786,0.030365536788527603,-0.0038037393622111226,-0.03129610481634715,-0.007687193009331517,-0.009650356947879968,-0.006522513724662171,0.0048,0.011200000000000002,-0.0334,-0.0184,-0.0225,0.0
2022-07-06,0.009607158460503973,0.012783054399379434,0.011557103741045793,0.007312791463036872,0.011093374519192567,-0.0064819262090587415,-0.018040647036487112,0.0008980499776019002,0.009329508055089697,-0.00014512149358902882,0.0017000000000000001,-0.0087,-0.0076,0.0004,-0.0034999999999999996,0.0
2022-07-07,0.023999666890810456,0.0082267580996227,0.03675414330378901,0.01749322109655349,0.04811619359921737,0.02529263296950046,0.0319404917221664,0.0011219413368688258,-0.00034215313816898796,0.013168891576960107,0.0176,0.0087,-0.0095,-0.0079,-0.0139,0.0
2022-07-08,0.004714750766045883,-0.0027572000326371304,0.00480289345930629,-0.006791033294013538,-0.0012610673938129313,-0.0031378551107272834,0.0016288900095597914,-0.0012325210077632764,-0.006712351762230395,0.0055499419927800275,-0.0007000000000000001,0.0008,-0.0008,-0.0026,-0.0023,0.0
2022-07-11,-0.014758167438988501,-0.011768739504846581,-0.030807652492101045,-0.03280250030721621,-0.043313616063197835,-0.013116849562817001,-0.005111334767431752,0.0003926848261197602,0.007033260865014324,-0.008261143458922038,-0.0138,-0.009899999999999999,0.0161,0.017,0.013999999999999999,0.0
2022-07-12,0.006833925113618244,-0.04098120736413269,-0.014315701949652815,-0.022639810105564928,-0.004619896960299075,0.000974805798545253,-0.01331180534156029,-0.014017629722562486,-0.00883282746475167,-0.004416397770992897,-0.0089,0.0088,0.0052,0.0015,0.009300000000000001,0.0
2022-07-13,-0.002536609415125124,-0.0037449819521568894,-0.02339066571422299,0.010803884746268588,0.005436923304080743,-0.009382967274017329,0.004023765534072243,-0.0023313191917715415,0.006562827110390801,0.0006852367363052725,-0.0039000000000000003,0.0042,-0.0040999999999999995,0.0003,-0.0033,0.0
2022-07-14,0.02048228841578803,0.00538137473642375,-0.008854559586004673,0.002083294604712016,0.013716706884207674,-0.03493887405863527,-0.020037577574524956,0.0013678061552651055,-0.002951341090890014,-0.011028210419618656,-0.0040999999999999995,-0.0045000000000000005,-0.0101,0.0076,-0.0001,0.0
2022-07-15,0.01145006169187135,0.010390287663976538,0.012775395939016887,0.02639434033114041,0.02537101591873059,0.045833076810339435,0.016839169850981994,0.01451485256560514,-0.00137654805890286,0.014831847490626826,0.0196,0.0003,0.005,-0.0018,-0.0032,0.0
2022-07-18,-0.020642969648073883,-0.009621371897930109,-0.024580025908163883,0.0018493974357440823,0.021507425193353802,-0.010269726751620856,0.018452605966244207,-0.022442621785800365,-0.012132319487117127,-0.007971851239305328,-0.0070999999999999995,0.0034999999999999996,0.0101,0.0021,-0.0018,0.0
2022-07-19,0.026721920427635437,0.02076699424625361,0.04384110708653344,0.03911741266419111,0.05533809771736253,0.024778526164610515,0.025203327246376306,-0.014578458010556128,0.005093682897799878,0.02638810457412366,0.0281,0.0083,-0.0054,-0.0022,-0.006500000000000001,0.0
2022-07-20,0.013510083841320242,0.010557658731690456,0.0007908400073006749,0.03857539627705431,0.047963468553684496,-0.00017456061208187545,0.010988828405837925,-0.005707901009991301,-0.01728665303741772,0.008781593578382374,0.0089,0.0108,-0.0132,-0.0146,-0.0159,0.0
2022-07-21,0.015093876749134871,0.009798940118451727,0.003863100884823112,0.01515028639903937,0.013646509080199154,0.00680978634791618,-0.016696440617869235,0.0035145651876082873,0.0009457120441169753,0.0028317631603851368,0.0097,-0.0038,-0.0161,-0.0026,-0.01,0.0
2022-07-22,-0.00811065793400445,-0.01691592160051192,-0.056323299950395755,-0.017732481209791984,-0.040498480372136436,-0.0048559959110472395,-0.007635180678759457,0.00472824186995946,0.015983611268751474,-0.0032072979193257245,-0.0118,-0.0084,0.0139,0.0177,0.0151,0.0
2022-07-25,-0.00739830540004105,-0.005876458790294969,-0.0036143692502726976,-0.010455798059483823,-0.017033384061820533,0.004008336472609786,0.033302725045294634,0.0019756022767369874,0.006782186863388828,0.007204552202851877,0.0012,0.001,0.0165,0.0064,0.0054,0.0
2022-07-26,-0.008826232129008682,-0.026774300339311385,-0.023160711311384086,-0.052253606265046715,-0.028841546673985086,-0.015622286974119826,-0.0038897768380352638,0.007073756948473342,0.001944350069626788,-0.009305853559702482,-0.0132,0.0037,0.010700000000000001,0.006500000000000001,0.0124,0.0
2022-07-27,0.03423481839621423,0.0668522666985143,0.07655694931828694,0.0536538959419941,0.0760297623631998,0.016046605303461803,0.021644373523046934,-0.002763532938558022,0.009496282753401752,0.017489713914950356,0.027200000000000002,0.0015,-0.0127,-0.0019,-0.015,0.0
2022-07-28,0.0035714637019759188,0.028540384941017072,0.010259945318985553,0.010829110898360028,0.01090501143811573,-0.003731308445300341,0.011685182911858494,0.0057735965590728355,0.016616531783003152,0.012400986065776332,0.011899999999999999,-0.0003,-0.0091,0.0013,-0.0097,0.0
2022-07-29,0.03279310636381805,0.015665028595365227,0.018385592862324884,0.10361464095050721,0.00995338357440434,0.004790585848285289,0.04630817767463724,0.0018370202001092295,-0.061799538318743186,0.022796911691638444,0.014499999999999999,-0.009000000000000001,0.0045000000000000005,0.0049,-0.0121,0.0
2022-08-01,-0.0061534724398421,-0.009724116412041073,-0.012551626926888826,0.0032604850044939404,0.01530551304404848,-0.009968902649049483,-0.025275767104953717,-0.003495327762660927,0.028723907837717055,-0.0157685317887879,-0.002,0.0017000000000000001,-0.0024,0.0023,0.0037,0.0001
2022-08-02,-0.009287406389980934,-0.011474277249547193,0.0023506972631033296,-0.009084834427092181,0.0046091466485305155,-0.015585417889201425,-0.0043397441105132994,-0.005692532398134831,-0.006648312836167181,-0.01247202091030808,-0.005,0.005699999999999999,-0.0141,-0.0223,-0.0051,0.0001
2022-08-03,0.03824784521135949,0.027836067115740937,0.025623361076922313,0.039952299225118226,0.01981015458014479,0.0104955398497657,-0.032422758611032054,0.009657649079010122,0.02064115402902522,0.00954915939049239,0.0167,0.0027,-0.0195,-0.0154,-0.0085,0.0001
2022-08-04,-0.0019263798986576264,0.00417748254012329,0.0009315705893992998,0.021860686341448332,0.017043231780411894,-0.011002635568716723,-0.042078386361118936,-0.01603760026826917,-0.001587375290395987,-0.006950053744088747,-0.0005,0.0040999999999999995,-0.0165,-0.013000000000000001,-0.009399999999999999,0.0001
2022-08-05,-0.0013892045483906434,-0.002608629388351935,-0.006092061584659358,-0.012414983387324718,-0.011761350591206532,0.03025993614170286,0.014451043755321358,-0.003958293512978717,0.00048369387016133913,-0.0028677625461355216,-0.0004,0.0095,-0.0005,-0.0126,-0.0021,0.0001
2022-08-08,-0.0029028908950894383,-0.009154920216702167,-0.0014471644343211354,-0.009872154542052702,-0.06298387644869252,-0.012180293438632805,0.005652917760045062,-0.005318310632025036,0.0038005882545792957,0.000924398284320116,0.0,0.0096,-0.0009,-0.0054,0.0022,0.0001
2022-08-09,0.00030336310317724546,0.007063104954646349,-0.005711819500462956,-0.011333489631663474,-0.03973502308114818,0.009007299065102448,0.01843729411533568,-0.00011739201653393483,-0.002340609956002493,0.001470865024176371,-0.0067,-0.013600000000000001,0.021,0.0086,0.0128,0.0001
2022-08-10,0.026194699481448813,0.024300431522344068,0.026322551401049,0.0352608325167747,0.05917150545931005,0.026087686963784273,0.009493383123499122,0.0028791218814780972,0.00945315356300247,0.007992609986337662,0.0235,0.0075,-0.016200000000000003,-0.0137,-0.014499999999999999,0.0001
2022-08-11,-0.004431659908548435,-0.007400709416339635,-0.0071847309298609385,-0.014366830308238487,-0.008565159372422304,0.014781809461496875,0.028927851978884034,-0.020682951423025564,-0.007108949571826395,0.0046085050884348,-0.0007000000000000001,0.002,0.0167,0.0077,0.01,0.0001
2022-08-12,0.021425675521582033,0.01703737467823152,0.02389782867793877,0.020691152408548463,0.04274914903505733,0.01656392620262448,0.008692000867240202,-0.01100891132863513,0.00970686347841454,0.01713490927024308,0.0176,0.005,-0.0079,-0.0064,-0.0058,0.0001
2022-08-15,0.006333406522819329,0.005343840515541043,0.0032871458494687644,-0.0025775713556979163,0.017264475890701014,0.0027018263602858195,-0.017872642892547863,0.004779280249098017,0.01288599437196658,0.004211638476742108,0.0038,-0.0002,-0.0060999999999999995,-0.0019,-0.0005,0.0001
2022-08-16,-0.0009238571904519599,-0.002589286839163041,-0.003112658071321661,0.0111747882760318,-0.008039033742431534,0.009554227132360316,-0.009315158936160306,0.00891088472858792,0.009221940805063555,0.012647732909421006,0.0019,-0.0014000000000000002,0.006999999999999999,0.0104,0.0052,0.0001
2022-08-17,0.008784624309096323,-0.00263638572892666,-0.017666298359044985,-0.01851079360669594,-0.02881526926196487,-0.008412031816409371,0.008090974656185246,5.966857955308491e-05,-0.0046022908040643795,-0.007793850247608924,-0.0092,-0.0092,0.0104,0.0128,0.0070999999999999995,0.0001
2022-08-18,-0.002291602904574641,-0.003947712670165915,0.005186073198506724,0.0014074379989574837,0.023888694178847425,-0.0077494285605554936,0.02364445492600664,-0.0048335854291655656,0.003551386673545931,3.279842150316625e-05,0.0027,0.0034999999999999996,0.0045000000000000005,0.0079,0.0005,0.0001
2022-08-19,-0.015102039576637694,-0.013853933435349686,-0.024631830351815154,-0.02860159688639219,-0.04921932739698898,-0.024745333160939853,-0.003178890288520142,0.015230690344106623,-0.00026723864637401284,-0.022972986120103123,-0.0149,-0.009399999999999999,0.0098,0.0103,0.0134,0.0001
2022-08-22,-0.023029255194677245,-0.029355289823689068,-0.025339172593859538,-0.036243902638259384,-0.04566108255164303,-0.016521802902849436,-0.000744121908413331,-0.003508254435301672,-0.0026712900823658847,-0.02889530534567819,-0.0213,-0.0005,0.0034000000000000002,0.0015,0.0021,0.0001
2022-08-23,-0.0020291662593386883,-0.004716317600580666,-0.0033262044040790473,0.003002506326521548,0.008629568070834148,-0.009856898488837973,0.042442463390924834,-0.008711803112107286,-0.01928630175785151,0.0033253366828072117,-0.0011,0.0012,0.0031,-0.0036,-0.0025,0.0001
2022-08-24,0.0017938405304327443,-0.0023513669823039818,-0.0014931152188709662,0.001347163157822573,0.002386431632183106,0.002423976233506764,0.005918273089731807,-0.003310351611798934,-0.00430159208776415,0.01336093629807067,0.0039000000000000003,0.0052,-0.0062,-0.0144,-0.0055000000000000005,0.0001
2022-08-25,0.01492295599017357,0.011095183423954103,0.026035773860683786,0.026008936084948253,0.04012330580158996,0.02374778609875805,0.005173387352922498,0.009360908977907867,-0.000822851878411246,0.01570596907090338,0.014499999999999999,0.0012,-0.0001,0.0018,-0.0039000000000000003,0.0001
2022-08-26,-0.03769936323075762,-0.038587042381197034,-0.05409347902304529,-0.04756700784791723,-0.09227927178132322,-0.032728880618408396,-0.012311903065761909,-0.017112546913341742,-0.023404357763274763,-0.027404197141934095,-0.0337,-0.0027,0.0166,0.0016,0.0089,0.0001
2022-08-29,-0.013690311329363047,-0.010667762931544034,-0.008337823370824893,-0.007342307563037775,-0.02822898978075372,-0.002441650863279188,0.022989587496286434,-0.007730997782714355,-0.004216566233386954,-0.008656295082129395,-0.0070999999999999995,-0.004,0.0044,0.0027,0.0044,0.0001
2022-08-30,-0.015305215017116125,-0.008521262047756606,-0.0043867997042524864,-0.008167020675137082,-0.021074442283177564,0.00017482001034374584,-0.038054089835829696,-0.003497250085630066,-0.010657329661038273,-0.007062093209565745,-0.0111,-0.0039000000000000003,-0.0022,-0.0025,0.0012,0.0001
2022-08-31,-0.010635106826850649,-0.005703763674598017,-0.00660912206182096,-0.015225659516225343,-0.024179098897823215,-0.005943723085895636,-0.007476178232955988,-0.006710581581983011,-0.01597968666790406,-0.016186761325114207,-0.0075,0.0023,-0.0046,-0.006500000000000001,-0.0018,0.0001
2022-09-01,0.004706752414057158,-0.004092422686371,0.014045497984898958,0.008282741023605045,-0.0766528952485277,0.006858361081417241,-0.01799327157390107,0.024792606474865364,0.012324389836719352,0.0058048609461276435,0.0,-0.0104,-0.0028000000000000004,0.005600000000000001,0.0055000000000000005,0.0001
2022-09-02,-0.01361091922677149,-0.016666681803994,-0.01722266438147535,-0.002425266463259912,-0.020807769047117786,-0.00698613439255702,0.01832296159797142,-0.01572503815359061,-0.017759534245060937,-0.016853660629135625,-0.009899999999999999,0.0011,0.0103,-0.0006,0.0026,0.0001
2022-09-06,-0.008215178795634936,-0.010973998053103617,-0.009642882418293364,-0.010979542799969155,-0.013336419174748815,0.0002637612322144989,-0.006695033277266171,0.002703572280537525,-0.011155151285886511,-0.0038895704887659255,-0.0051,-0.0054,-0.0054,-0.002,-0.0069,0.0001
2022-09-07,0.009253809897831644,0.019111645402278166,0.024716684409157086,0.026722663554652915,0.018795102390465335,0.018990678706024777,-0.008530792663237974,0.005454268319830868,0.015114598386848366,0.01608884003742128,0.0192,0.0040999999999999995,-0.015300000000000001,-0.013500000000000002,-0.0054,0.0001
2022-09-08,-0.009617734480344642,0.0016660193031223791,-0.009776219254829854,0.0026259778181887405,0.02012529078231573,0.02329590635742207,0.008179383787910943,0.008045177019733618,0.0013073747195637697,0.008183844730424328,0.0078000000000000005,-0.0015,-0.0018,-0.012199999999999999,-0.0106,0.0001
2022-09-09,0.018839713972826466,0.02297699062388059,0.020944976008550498,0.02657523304266962,0.028377456180168847,0.004806111905790278,0.016752523114709872,0.001934570444121153,0.015232953983955078,0.008576243054945865,0.0167,0.0037,-0.0051,-0.0014000000000000002,-0.0052,0.0001
2022-09-12,0.03850792837039152,0.008281123820385927,0.001897899203913811,0.023861278411006825,0.008201974128489553,0.011832041469068688,0.011502554210386817,-0.00042223155929710376,0.008145113794354453,0.009588203300879172,0.010700000000000001,0.0025,-0.0017000000000000001,-0.0012,-0.0016,0.0001
2022-09-13,-0.058679249270225387,-0.054978445900463746,-0.05899340383975549,-0.0705752837581286,-0.09472606368430514,-0.03474886490940543,-0.02335823984296026,-0.026020471348780716,-0.02069470114292371,-0.03542338523715516,-0.0429,0.0006,0.0141,-0.0036,0.009899999999999999,0.0001
2022-09-14,0.009555100160736574,0.0009125848231481548,0.006518417562199286,0.01364140798846103,-0.00022843464684474402,-0.0023198407593010284,0.024546338878521423,0.020641459384789007,0.0023882934318710802,0.0004671561278546399,0.0044,-0.0018,-0.0032,-0.0078000000000000005,-0.0052,0.0001
2022-09-15,-0.018930029857731068,-0.02711903440349206,-0.019904738809260025,-0.0176585314552421,-0.015158505273205058,0.0150705569560583,-0.02907734194491063,0.0025502695873214076,-0.0077250021806833935,-0.006177721204476461,-0.0104,0.0039000000000000003,0.0060999999999999995,-0.0032,0.0025,0.0001
2022-09-16,-0.01096018636850049,-0.0026081988726098793,-0.0010689687277064541,-0.021777003694830932,0.020805932187266896,-0.0067023365824971926,-0.01708326572967156,0.015265385921747088,0.006111776642254929,-0.006830554987555804,-0.0098,-0.0075,0.0086,0.0171,0.0095,0.0001
2022-09-19,0.025083072580386334,-0.0008989028398964649,0.0026265447723727853,0.009147615105472573,0.013941515629833923,0.009224605572599964,-0.00010749527608655551,-0.007875935202282802,-0.0020972442704131344,0.015065007405907105,0.0072,-0.0009,0.0068000000000000005,0.0063,-0.0006,0.0001
2022-09-20,0.015665472405765435,-0.008465658686188982,-0.01872532645855518,-0.019813903001303146,-0.01539375589877856,-0.019719174561732666,-0.008154281263630825,-0.007878316592094814,-0.003550747382283226,-0.006524492721183273,-0.0115,-0.0029,0.0003,-0.0011,0.0032,0.0001
2022-09-21,-0.02026771175272657,-0.01443602675811917,-0.018390283089049775,-0.02987152347123645,0.006451033187357957,-0.02883540704086418,-0.016118691558887566,-0.01024419081192629,-0.01287297547668409,-0.023057823172700442,-0.0168,0.0034000000000000002,0.0006,0.0039000000000000003,0.0012,0.0001
2022-09-22,-0.006374974218556595,0.0084954621013007,0.008662416191937972,-0.010376272544574294,-0.052786355531481255,-0.011378731837784817,-0.004178099700035576,0.017760823754468413,0.0035364614960529117,-0.008236612798942389,-0.011399999999999999,-0.011399999999999999,0.0044,0.011399999999999999,0.0101,0.0001
2022-09-23,-0.015124036656207762,-0.012698035911401728,-0.013980341841162591,-0.03009120154088929,-0.003582543775999758,-0.018613490850397763,-0.05321861630272373,0.003249486587497019,-0.004625163171716018,-0.0027560266844393055,-0.018500000000000003,-0.0046,-0.008,0.0019,-0.0018,0.0001
2022-09-26,0.0022602665492961194,-0.0019755850792861906,-0.005772828796874352,0.012040804722097675,-0.023010579420287613,-0.021531813922637588,-0.020641259189535743,-0.006118027232542178,0.0009587392784708992,-0.012884123804019598,-0.0102,-0.0004,-0.0075,0.0017000000000000001,-0.0043,0.0001
2022-09-27,0.00656626128100557,-0.004379645118399278,-0.006824781010587588,-0.006426381710496365,0.015129550420002635,-0.008802474466030996,0.02095730149446884,-0.004586538389124151,-0.027485129332989633,0.004350763712993366,-0.0004,0.0058,-0.0097,-0.006500000000000001,-0.0091,0.0001
2022-09-28,-0.012651472571049371,0.019711431399047408,0.02615383558069584,0.0314657666190894,0.026020939009286925,0.02021731170100649,0.036389325059487776,0.008609250726342,0.0,0.023769154818166438,0.021400000000000002,0.009000000000000001,-0.0036,-0.0087,-0.008100000000000001,0.0001
2022-09-29,-0.049119099244040454,-0.01480906068096055,-0.02628692953673184,-0.027201076403397084,-0.040515049532346636,-0.016945942643016854,-0.002025720265610542,-0.011000272407074574,-0.024852155637915874,-0.008094827496183066,-0.0216,-0.0029,0.0092,0.0043,0.0055000000000000005,0.0001
2022-09-30,-0.03003931810762095,-0.019368298675940365,-0.0181686252779244,-0.015679468675155683,-0.006628557285668024,-0.01563669041136151,-0.015448929213527363,-0.007111281413553661,-0.01903644645275282,-0.009496244847936763,-0.0143,0.005699999999999999,0.0027,-0.0066,-0.0011,0.0001
2022-10-03,0.030752480635190205,0.033662592962227844,0.03125962245822156,0.025486701357681163,0.030727499573445005,0.030908977416494343,0.052800640261332354,-0.0009792530825072365,0.017901005981989737,0.021646314946859313,0.0256,0.0,0.006999999999999999,0.0089,0.0042,0.0001
2022-10-04,0.025623311277718885,0.0338122847579041,0.03041374090707527,0.04496029692750958,0.052349698276280776,0.04678362481839082,0.03644446883573593,0.014828261096135442,0.012372521114787371,0.028189159770939165,0.0329,0.0074,-0.0009,-0.0097,-0.0038,0.0001
2022-10-05,0.00205327767346164,0.0012857916475237374,-0.00206614075278877,-0.001156159830559278,0.0031895590588522094,-0.012346784233648767,0.0404115689495943,-0.0030793306971410583,-0.006917665170782739,-0.004028681671913725,-0.0021,-0.0037,0.0004,0.0034999999999999996,0.0014000000000000002,0.0001
2022-10-06,-0.006625926122315828,-0.00967097758929314,-9.856243125117015e-05,-0.00537407121029132,-0.005980529025785386,-0.020382237808397208,0.029660902430343805,-0.019380999489058248,-0.021052778609512934,-0.010917769018102153,-0.0085,0.0045000000000000005,0.0012,-0.0012,-0.0051,0.0001
2022-10-07,-0.03671861753878125,-0.050852933628234065,-0.027016362368829983,-0.04771409266460691,-0.08027420950057207,-0.019974027446837628,-0.01009197759281344,-0.01056143410490551,-0.017473163387940693,-0.0263109879407466,-0.028999999999999998,-0.0022,0.0168,0.009300000000000001,0.015700000000000002,0.0001
2022-10-10,0.0023556912826208087,-0.021303003323369207,-0.008309769979834902,-0.007768849586377025,-0.033620425988974856,-0.009341464818157896,-0.021676934677783755,0.0013111155430309829,-0.004103668525578308,-0.007842758705489339,-0.008,0.0024,0.0076,0.0154,0.0044,0.0001
2022-10-11,-0.010254909783316668,-0.016750201601463566,-0.006948715787379323,-0.012844190270001499,-0.007197990713677549,-0.028859920993619337,-0.008498464412300732,0.014462744743648948,0.003797380656929361,0.0014236125322719673,-0.006999999999999999,0.0062,0.0033,0.005699999999999999,0.0060999999999999995,0.0001
2022-10-12,-0.004604836768845932,0.0015081545688808706,0.003910438127580074,0.006149206372302096,-0.007422664980672344,0.016182847621289742,0.004387761731198703,-0.00024570850504390673,0.0016100098733904389,-0.012382617892427339,-0.0027,0.0002,0.0004,0.0002,0.0002,0.0001
2022-10-13,0.03361288688730468,0.0376081840830611,0.015374932935191765,-0.00327726077574253,0.03999994007674168,0.05559318784753575,0.03494865871131836,0.0151204083693397,0.015108894373989212,0.04462120749733667,0.0241,-0.0024,0.015700000000000002,0.006500000000000001,0.0092,0.0001
2022-10-14,-0.03224019370249298,-0.024248620569214063,-0.025237209915652814,-0.05003107895219994,-0.06128762029266688,0.016640726195072064,-0.026307957036398766,-0.004177736548896305,-0.009737966693772693,-0.01127705187224759,-0.0245,-0.0018,0.0123,0.0055000000000000005,0.0173,0.0001
2022-10-17,0.029122721971534427,0.039245618672765215,0.03531487125362309,0.06445275295885255,0.058875803027979234,0.04200002952208015,0.014416847826468127,0.012951670850045671,0.018068453443779164,0.015953259880886694,0.0274,0.0036,-0.0141,-0.0098,-0.0128,0.0001
2022-10-18,0.009409522323855724,0.0040837781898153125,0.008002384636506266,0.022585461588422673,0.006645490281829813,0.02572075608243729,0.0017885313055647778,-0.0034819139444332015,0.008088511609537052,0.016785880436350098,0.011899999999999999,-0.0013,-0.0002,-0.0042,0.0002,0.0001
2022-10-19,0.0007652376278737272,-0.00846977551240724,-0.01131284334425664,-0.01108629175628062,0.007019349138019271,-0.019605994268992233,0.029662879039218604,-0.007951266583416383,0.009270107872074274,-0.011822405407376113,-0.0087,-0.0118,0.011899999999999999,0.0070999999999999995,0.008,0.0001
2022-10-20,-0.0032673186597050874,-0.0013954178369323111,0.0034125946263694473,0.0015642678860967596,0.011866116763313173,-0.0032616837433171453,0.0013490959992545903,0.0025502212669084035,-0.012880226663634087,-0.01728101466508125,-0.008,-0.0032,-0.0045000000000000005,-0.0060999999999999995,0.0013,0.0001
2022-10-21,0.02705952529227118,0.025280745462210374,0.011603607956883089,0.03531453097461368,0.022306166461075083,0.05252738347307906,0.01857008061158516,0.021803598541615843,0.012520625517190576,0.03283007723614917,0.023,-0.0007000000000000001,0.0009,0.0068000000000000005,-0.003,0.0001
2022-10-24,0.014802353765131615,0.02118762416493203,0.013744550038506054,0.004190412347291339,0.01066891655282487,0.001227041954378949,0.00699036921171281,0.013455155762943205,0.00614423052324331,0.017592301330584093,0.0103,-0.0060999999999999995,0.004699999999999999,0.011399999999999999,0.0053,0.0001
2022-10-25,0.019337622162620027,0.013791776600193595,0.019118329054990557,0.006509754475742646,0.05254383711225885,0.002614871737511848,-0.00675434706604916,-0.0015792809852409606,0.011517279984309736,0.0061220926004854626,0.0178,0.0101,-0.015300000000000001,-0.0123,-0.013300000000000001,0.0001
2022-10-26,-0.019627095700026298,-0.07715640499666587,-0.0914050682180737,-0.040961814879887926,-0.027524370664334996,0.011491385450057345,0.011900384705365807,0.00878720525395793,0.007030505403964105,-0.0024892865613765913,-0.0066,0.006999999999999999,0.0089,-0.0072,0.0069,0.0001
2022-10-27,-0.030465504229844398,-0.019756037545898053,-0.02854735281611176,-0.04063638620803933,0.021712304066958454,0.003948188277327791,0.003826651657069746,0.0005805057090175758,0.000758675402797282,0.0047137665358645275,-0.0054,0.0044,0.0108,-0.003,0.004699999999999999,0.0001
2022-10-28,0.0755526652548697,0.04022051742728916,0.0441336234846148,-0.06804249715805744,0.04993928366712841,0.011878155231101584,0.02928863491660927,0.014856907705621314,0.02532612376847787,0.03363460685721176,0.0233,0.0009,-0.0034000000000000002,0.004,0.0067,0.0001
2022-10-31,-0.015410471596950748,-0.015856145137776556,-0.018485982876763507,-0.009380148789788212,-0.02436037447164152,-0.0015865815247504411,0.000993820774570553,-0.005146644367929887,-0.004067494388118265,-0.015152049097010512,-0.0068000000000000005,0.0045000000000000005,0.0073,-0.0021,0.0044,0.0001
2022-11-01,-0.017542565669217636,-0.017059483024809752,-0.04274676045208936,-0.05515425020719422,0.0034084862983687625,0.018033238788006445,0.009927006405502592,-0.0050584999602041325,0.0015593156852440337,-0.00325321585615157,-0.0034999999999999996,0.0045000000000000005,0.008,0.0001,0.0054,0.0001
2022-11-02,-0.037304884167876695,-0.03536835043749964,-0.03868670575582511,-0.048248766657425834,-0.02392415169350348,-0.009208066613521027,-0.020552401306031087,-0.015367514530218451,-0.014383110338020755,-0.01587737854080884,-0.026699999999999998,-0.0084,0.016,0.0031,0.0116,0.0001
2022-11-03,-0.04240515412849666,-0.026578958660485097,-0.04070366297631667,-0.030612240672440172,0.015281214752854266,0.001811550101715964,0.013593601689084966,0.0017017312301783605,-0.00684513535448783,-0.019380866154807164,-0.0103,0.0039000000000000003,0.0028000000000000004,-0.0004,0.0004,0.0001
2022-11-04,-0.0019474143244113673,0.03332560128909279,0.03775610301892618,0.01881299269611514,0.05476486752642562,0.027358401896304008,0.010891181579686382,0.004451470153691739,0.01825357410523276,0.012753197249773418,0.0116,-0.0025,0.0128,0.023399999999999997,0.006500000000000001,0.0001
2022-11-07,0.0039023160580826666,0.02926969238495869,0.022060365906056978,-0.00494619214148917,0.01024293130778453,0.005279978211435221,0.011842165077527556,0.008747347917795745,0.015322652659110148,0.009461861095602986,0.0087,-0.0033,0.006,0.011000000000000001,0.0101,0.0001
2022-11-08,0.004175141979423147,0.004388574525260758,0.004633381935363445,-0.006075283660437414,0.02104773612337718,0.0006091408545476629,0.003167996257674277,0.004971728476365733,0.0022709135943448366,0.008339304902982958,0.0051,-0.0053,-0.004,-0.0016,0.0005,0.0001
2022-11-09,-0.033189893821509386,-0.019050166695072646,-0.017772891858637507,-0.042676192754212194,-0.05656772557850365,-0.013008727816417043,-0.0447367923129085,-0.007996105936234676,-0.002411813921923911,-0.01353334354027702,-0.022400000000000003,-0.005,0.0055000000000000005,0.0095,0.012199999999999999,0.0001
2022-11-10,0.08897410719519172,0.08226790004128737,0.07581331148455406,0.12177847617944293,0.14329268080864477,0.041159117563068115,0.014692234361412426,0.011713707658894013,0.034436876021439744,0.050407131883622336,0.056799999999999996,0.0096,-0.030899999999999997,-0.0066,-0.0291,0.0001
2022-11-11,0.019268907515038958,0.016997490303445106,0.02629344331151917,0.0430508514990382,0.036634675978057585,0.0016288979447638408,0.03122171065986601,-0.029919035313708986,-0.0014871755023216915,0.02150392068328766,0.0106,0.0014000000000000002,-0.0105,-0.009000000000000001,-0.012199999999999999,0.0001
2022-11-14,-0.009485413687787991,-0.02250020258323937,-0.00736454606895609,-0.022819754250081425,-0.001959705684213442,-0.010273447511075506,0.0029194781531074465,0.01571647759644934,7.09574584076833e-05,-0.0026152575080760077,-0.0095,-0.0023,0.0034999999999999996,0.005699999999999999,0.0054,0.0001
2022-11-15,0.011869365337745297,0.0017388456112148454,0.028631377423935067,0.004569038353104293,0.022767824785462798,-0.007243768690909813,0.006703571496251337,0.002792045881115701,-0.0034757139818881733,0.003463815711805651,0.0103,0.0043,-0.0073,-0.005,-0.0053,0.0001
2022-11-16,-0.008331170766331275,0.0018234038309399292,0.004164740321047189,-0.018394983322363,-0.04536193376834463,0.0013538007382294381,-0.010689355512640386,0.0062068502533045855,0.008897232204412742,-0.003935741588050101,-0.0102,-0.010700000000000001,0.0058,0.0116,0.0095,0.0001
2022-11-17,0.012971259286043146,-0.00020677019876214064,-0.0049570141477485175,-0.02337318995330062,-0.014644709137941359,-0.004356884647543913,0.0013284172318273058,0.008071077675819716,-0.006138101982414379,-0.004275188763016136,-0.0042,-0.0027,0.005600000000000001,0.0137,0.008100000000000001,0.0001
2022-11-18,0.003782110923440829,-0.0019032777609969687,-0.00945506670376195,-0.007485493894513584,-0.017095329966413608,0.009808439426735704,-0.008667977142829186,0.007663119168903609,0.012068408570701461,0.010798878798641276,0.004,-0.0009,0.0011,0.0038,0.0070999999999999995,0.0001
2022-11-21,-0.021680468022410637,0.003440854103549329,-0.01878273080626036,-0.017845764989037338,-0.005970416434698422,-0.0059024252294628266,-0.009903809468969071,0.005140976659442131,0.012695209004604413,0.0014158914518573873,-0.0052,-0.002,0.009899999999999999,0.005,0.0113,0.0001
2022-11-22,0.0146613583107702,0.012311406022418758,0.01516753045550523,0.008003437930963697,0.04707179575173459,0.01495657762735747,0.02892670868438052,0.0048301363754383875,0.008588468026465623,0.014652947878292855,0.013600000000000001,-0.0038,0.0044,0.0078000000000000005,-0.0023,0.0001
2022-11-23,0.005926200478571841,0.01040698019127273,0.014528474160230731,0.009978544373689724,0.029991401666768613,0.010663464419170543,-0.004991899686846324,0.0010745011820858519,0.005699729000296028,0.001330069980894688,0.0063,-0.0025,-0.009300000000000001,-0.0074,-0.0062,0.0001
2022-11-25,-0.01959358916391296,-0.0003635698328106063,-0.010156368620265921,-0.0076489282090407285,-0.015073617727353161,0.001905080964720085,-0.003520746232032912,0.0012994168456699207,0.0018435305989199513,0.0039534443322029045,-0.0003,0.0028000000000000004,0.0043,-0.0018,0.0012,0.0001
2022-11-28,-0.026264321429616322,-0.023152669865381337,-0.014467514159900663,0.00578089353348199,-0.027228151739965067,-0.017478271656569566,-0.03003272611428076,0.0005078992711167185,-0.0008175461528254768,-0.013105263390653654,-0.0155,-0.0048,-0.0019,0.0027,0.003,0.0001
2022-11-29,-0.021148184938469816,-0.005914819676984262,-0.008953637846883411,-0.016285245651894598,-0.011878367557780045,0.01644923144583399,0.006647699057748202,-0.006992712950795177,-0.0076399642459865635,0.005937421184189606,-0.0018,0.0034999999999999996,0.0104,0.0021,0.0051,0.0001
2022-11-30,0.048593884994703185,0.061623512406812964,0.0609307865969293,0.04457912603558589,0.08237937239957138,0.011862994062127541,0.007237289121196255,0.010846754447315865,0.025295438442932028,0.011011332361047454,0.031200000000000002,-0.0015,-0.0208,-0.0077,-0.0147,0.0001
2022-12-01,0.0018916880089223653,-0.0017634922532546726,0.0,-0.010772746070691896,0.01252725190125803,-0.01403936920092208,-0.004849939004761716,0.004157201710018654,0.0006033831418652547,-0.008662930674044778,-0.0002,0.0004,-0.0069,-0.0034000000000000002,-0.0036,0.0002
2022-12-02,-0.00337169605830856,0.0012956480904222634,-0.005446077276183514,-0.01434557849824114,-0.015115361303249975,-0.007927337539664014,-0.008483689193511057,0.000783393055492354,0.00911214118294823,0.0009815019066239383,-0.0008,0.0084,-0.005600000000000001,-0.004,0.0026,0.0002
2022-12-05,-0.007983080387806929,-0.01890062849606755,-0.009557787187576161,-0.033145598727553405,-0.01576192960174183,-0.02804101825677341,-0.027398702998785218,-0.0005591691443458391,-0.010092064843661541,-0.017649807622936886,-0.0202,-0.0053,-0.0054,0.0087,0.011000000000000001,0.0002
2022-12-06,-0.02537001267234884,-0.02030362591814905,-0.025130884701689893,-0.03032636052572657,-0.03750746738975774,0.0016746458516587737,-0.027796101307383525,-0.014990203127398849,0.0012744819771906002,-0.008983509286552782,-0.0151,-0.0004,0.011399999999999999,0.0086,0.0076,0.0002
2022-12-07,-0.013784586854177938,-0.0030598128859282703,-0.02103514699744946,0.0023795930251859776,0.00831944504712645,-0.0006837816366136451,-0.0022140139875914677,0.0060759890216304235,0.0064309116574701175,-0.006368157329429303,-0.0024,-0.0018,-0.0032,0.0009,-0.0016,0.0002
2022-12-08,0.012132452199363764,0.012399255047429447,-0.012955556565109161,0.021365582288144003,0.06507425419921398,0.010494423493174754,0.0074289426925713276,0.0001693027144038517,0.007188322721711771,0.0005558266499419151,0.0076,-0.001,-0.012,-0.005600000000000001,-0.0063,0.0002
2022-12-09,-0.0034349261734210046,-0.008003403329138736,-0.00939082587537532,-0.01394579034322141,-0.009785313636305859,-0.005418462951202407,-0.008427434911118636,-0.008239122320730097,-0.0026436082500591596,0.0013073120913402736,-0.008,-0.0053,0.0034000000000000002,0.0019,0.0013,0.0002
2022-12-12,0.016390190161515772,0.028889415926944828,0.005170698770725846,0.01638799835988136,0.031410163110779044,0.015511441261567116,0.024628116638728326,0.01194936149036585,0.010270563452277504,0.016514890553465778,0.0141,-0.0027,-0.0016,-0.0023,-0.0013,0.0002
2022-12-13,0.006782474324541932,0.01746461498458185,0.024863384730587912,0.02142456926150338,0.030624410384822998,-0.000968527331286273,0.01093388545628371,0.007703572343048304,-0.0015083199271486158,0.0028254112401493447,0.0066,0.0007000000000000001,-0.0077,-0.0027,-0.0054,0.0002
2022-12-14,-0.015535842651895782,0.0011678221576307823,-0.005855867283760419,-0.009838858835905628,-0.022023093475203703,-0.004997020205374958,-0.007365819505041449,0.0030690560354358354,0.003940840422322012,-0.009733224980113642,-0.005600000000000001,0.0003,-0.0045000000000000005,-0.0019,-0.0007000000000000001,0.0002
2022-12-15,-0.04685425721575731,-0.0319182633286218,-0.04428302149858421,-0.034177820705733164,-0.04085112612485797,-0.02481088457533054,-0.009581159886127288,-0.012627947876266754,-0.011318812201203343,-0.023861116359795376,-0.025699999999999997,-0.0013,0.0139,0.0025,0.0042,0.0002
2022-12-16,-0.014579022919190665,-0.017348672123602693,-0.006603657709066568,-0.006670394101153776,-0.02247521819548004,-0.0062259232325261316,-0.007018303298357842,-0.01025420338126981,-0.004433960478392507,-0.0063264007119386845,-0.0102,0.0053,0.0017000000000000001,-0.0007000000000000001,0.0046,0.0002
2022-12-19,-0.015909526525691997,-0.017328029238916853,-0.020163846129428342,-0.033462353983410575,-0.01912940765610538,0.005955619032669057,0.00448918919186192,-0.0010816318282662607,-0.00026596312820503787,9.999593098952708e-05,-0.01,-0.006,0.0125,0.0073,0.0121,0.0002
2022-12-20,-0.0005288122913482685,0.0056143447780891975,0.006557840752858368,0.0031795134041781026,-0.01039738940271373,0.004843866545349629,0.014452896473865495,0.0010828030224789842,0.0003990508251132674,0.00656601416097824,0.0013,0.0025,0.0025,-0.0046,0.0048,0.0002
2022-12-21,0.02380937846530662,0.01087664431932156,0.006290942802178012,0.018546709195681466,0.025862238198288034,0.01124808457824189,0.012840879903782687,0.01144197659684032,0.009171824002787599,0.019271547431187974,0.015300000000000001,0.0014000000000000002,-0.0012,0.0039000000000000003,-0.0029,0.0002
2022-12-22,-0.023772462978932984,-0.025528550881625756,-0.020316994011395306,-0.034343619255829294,-0.07041991675912884,-0.01134997960024553,-0.020174089481955426,-0.003658333625687793,0.0023048891907899716,-0.01666559924874933,-0.0152,0.0022,0.0038,-0.0013,0.0089,0.0002
2022-12-23,-0.002798026135974352,0.0022670855873820894,0.016750166352859086,0.01742450254827599,-0.00867065364732622,0.004745170724889336,0.026445158856668538,0.00254193292248317,0.0028255092953695105,0.012554057822588005,0.0052,-0.0034999999999999996,0.0116,0.0086,0.0054,0.0002
2022-12-27,-0.013878561424408353,-0.007414307571297796,-0.0206208498639614,-0.025923742926365456,-0.07135336058267572,0.003504024481336021,0.013894102187425927,-0.00028183784304192105,0.008714588543359492,-0.003066992304340599,-0.005,-0.0043,0.014199999999999999,0.0115,0.013500000000000002,0.0002
2022-12-28,-0.0306851568119878,-0.010255007340503108,-0.015676935461723884,-0.01469172937442731,-0.006019473895555683,0.005465288147546765,-0.016426275714309657,-0.004339516113129105,-0.01292643615926603,-0.0069382922660233826,-0.0124,-0.003,-0.0028000000000000004,-0.009300000000000001,-0.0008,0.0002
2022-12-29,0.028324258915715328,0.027629786615854357,0.02824926845834863,0.02884381103830358,0.04039602777847273,0.005737550871303121,0.007565904017936997,0.005094416937458046,0.004146189095719732,0.01855454311936855,0.0187,0.0102,-0.0106,-0.0103,-0.0089,0.0002
2022-12-30,0.0024687348902028283,-0.004937385028223384,-0.0024874521509852254,-0.002138278742257471,0.0007534075177857424,0.006605622893822494,0.010073434811977311,-0.005124841914290856,-0.006750453639658871,-0.0005177106819819199,-0.0022,0.0014000000000000002,-0.0004,-0.0054,-0.0002,0.0002
2023-01-03,-0.037404460344162116,-0.0010009127338101997,0.010087579091009324,0.021666663033621747,-0.020459931877706672,0.007606274684249792,-0.03436088515804159,0.008717640445959463,6.638799252156602e-05,0.003269698237557961,-0.004699999999999999,0.0008,-0.001,0.0028000000000000004,0.0054,0.0002
2023-01-04,0.010314236574628932,-0.0437432253228498,-0.011669832042638939,-0.007923564525679994,0.0303177479986092,0.009324760012181299,0.002910448305276203,0.010887542198972477,0.0043542303605883514,0.014972037288342177,0.008100000000000001,0.005699999999999999,0.0005,-0.0069,0.0,0.0002
2023-01-05,-0.010604592553825287,-0.029637725220742706,-0.021344176285414518,-0.023725589118479662,-0.03281555426235139,-0.00022132692301812806,0.022374204166612177,-0.007383858723401859,-0.012415397666199701,-0.005245569736185729,-0.011399999999999999,0.0017000000000000001,0.012,0.008100000000000001,0.009000000000000001,0.0002
2023-01-06,0.03679398471805717,0.011785294157793613,0.013224912141879708,0.035611152390083056,0.04164040017456294,0.01913560494070965,0.01208674437602597,0.008109727883201634,0.023812478966490414,0.018504342147214414,0.022099999999999998,-0.0001,0.0003,0.008199999999999999,0.0018,0.0002
2023-01-09,0.0040889385319027305,0.009736448344398463,0.0077857692117757615,0.01486987397850048,0.05175301517373465,-0.004132322824927703,-0.01863750308635781,-0.02590856810522224,-0.0122139307153597,-0.009915603369736625,0.0003,0.0033,-0.0123,-0.006500000000000001,-0.0115,0.0002
2023-01-10,0.0044564190806026804,0.0076172032923031985,0.004544456218427806,0.028731709234134817,0.017980486683668806,0.008954144334335945,0.014935108374372064,-0.002391992498699147,-0.0009868104707485559,0.002598825238142588,0.0079,0.0087,-0.005600000000000001,-0.004,-0.0049,0.0002
2023-01-11,0.02111228581112723,0.030238136999831244,0.035059923023620376,0.058083825879343465,0.00578285869909223,0.007431139324210578,0.011626554577906845,-0.0015985175531482154,-0.008097800596548299,0.012707409312824325,0.0125,0.0001,-0.0083,-0.0019,-0.010700000000000001,0.0002
2023-01-12,-0.0005994191730598342,0.011621429059194277,-0.004261511627300263,0.0018929468094222024,0.0318730862815777,-0.0010024082912504229,0.016611557698624768,-0.005032053103112388,-0.005641843767676846,-0.004494810573254626,0.0045000000000000005,0.013999999999999999,-0.0027,-0.011000000000000001,-0.0052,0.0002
2023-01-13,0.010119402759191543,0.0030187695162158246,0.01086375929682215,0.029915043601747016,0.023499615713298283,0.025234880961076733,-0.0006182662664688809,-0.0032760388521164696,0.007142241825175644,-0.004044705913423208,0.0046,0.0024,-0.003,-0.0014000000000000002,-0.0029,0.0002
2023-01-17,0.008756149617616504,0.004681723323723297,-0.009010044696978525,-0.02109661268732821,0.047517558621220646,-0.015453701871346759,-0.001944400916115585,-0.006169532073957207,-0.0029161707410719773,-0.008752138171105206,-0.0018,-0.0001,-0.0055000000000000005,-0.0060999999999999995,-0.0043,0.0002
2023-01-18,-0.005370207754514245,-0.018889189657001815,-0.0018620112167825331,-0.006142675153973931,-0.018359635979165456,-0.030042505021494526,-0.02054357979323329,-0.015084805840698712,-0.026788123907501626,-0.020834649888168744,-0.0155,0.0002,-0.0070999999999999995,0.0027,0.0001,0.0002
2023-01-19,0.0004441902057610303,-0.016453893181044843,0.021180732678230063,-0.01864654092151996,-0.03521907518926082,-0.013326676898391954,0.006418802965440618,-0.0013547113589346127,-0.02114801299167257,-0.009957758443708387,-0.0086,-0.001,0.0084,0.0054,0.006999999999999999,0.0002
2023-01-20,0.01922063672980512,0.035743535041594665,0.05341210308040001,0.03810845093076898,0.06406250766945831,0.0024489857042868657,0.018235591518719563,-0.004659856336041046,0.0038617898826105446,0.015201598675915307,0.0194,-0.0004,-0.0068000000000000005,-0.0017000000000000001,-0.008,0.0002
2023-01-23,0.023500504280668633,0.00982438282458964,0.018057489937394866,0.002776315095798454,0.07590105142781134,0.0162127052065435,-0.005204897648989015,-0.002548542492182504,-0.013429708812850216,0.0017749969962044254,0.0128,-0.0004,-0.009899999999999999,-0.0040999999999999995,-0.0103,0.0002
2023-01-24,0.010063050217294034,-0.002226187580366079,-0.020943959291114034,-0.012305137300550828,0.0037512725430819405,0.00859640596089295,0.00931175043217225,0.0,0.0054594708910409295,0.0028347861837820787,-0.0016,-0.0016,0.0018,-0.002,0.0038,0.0002
2023-01-25,-0.004700969070214778,-0.005908041640423134,-0.02538370631769249,0.008928577793566816,0.0030105042818180383,0.00483911452507324,-0.005271801238431295,0.007129710146317025,-0.000705403534917104,0.0019274209028066203,0.0,0.0013,0.0069,0.0006,0.0021,0.0002
2023-01-26,0.01480363870735224,0.030713592774170184,0.024154588590470594,0.02099198301215366,0.02478920097319448,0.006181785929059602,0.040190777851112136,-0.0036576042356586402,-0.004022092840379798,-0.00304578938135025,0.0108,-0.0063,0.0001,-0.002,-0.004699999999999999,0.0002
2023-01-27,0.013683934113256413,0.0006452025195422539,0.018970422357008854,0.03043737760442866,0.028431417649107615,0.0024287378031373485,-0.018257646117879056,-0.0039078689080845885,-0.004108938154711694,-0.005724388838781458,0.0034000000000000002,0.0033,-0.0113,-0.006,-0.0128,0.0002
2023-01-30,-0.020077999513833378,-0.021961642394196068,-0.02445400293213651,-0.01652968356145279,-0.05907196191230113,-0.008480222401762716,-0.017731909952379943,-0.03703233293308439,0.003130043841311103,-0.005951504918179418,-0.0138,0.0003,0.0074,0.0034999999999999996,0.009300000000000001,0.0002
2023-01-31,0.009020990292055053,0.021012656243451167,0.019599561525089904,0.025658817736008643,0.019569997949650864,0.0059655623974239624,0.021574378889349433,0.00876536872569944,0.009715618876527055,0.013633562048853243,0.0158,0.009300000000000001,-0.0006,-0.0011,-0.0054,0.0002
2023-02-01,0.007900552432666075,0.019934640999762943,0.016086679383840563,0.019586971068148662,0.07196605857526817,-0.0026437005473181063,-0.010947350038901349,0.00917863043717082,0.005689030586510491,-0.003049504760387678,0.011899999999999999,0.0063,-0.0165,-0.0012,-0.011399999999999999,0.0002
2023-02-02,0.03706277455578211,0.04688440486774503,0.07278717611536845,0.07379935352944922,0.03657534215281566,-0.004656691219389719,-0.03128803105108424,0.003759401206473001,-0.007123404380539822,0.004153582113282095,0.0154,0.0115,-0.0207,-0.0024,-0.0175,0.0002
2023-02-03,0.024400026815479592,-0.02362051774481644,-0.027473752175702026,-0.08431497620839845,-0.028052934456057166,0.015474249564432219,0.006927508477740485,-0.0056179302614922655,0.0030950532778208917,-0.010741921834444557,-0.0108,0.004,0.0098,0.0101,0.0105,0.0002
2023-02-06,-0.017929074033100734,-0.00611588858486134,-0.017942235632065207,-0.011703250716856073,-0.0005210595112543626,0.00588292669888113,-0.0016976439206330962,-0.0075936332099955095,-0.008484782825859738,-0.00025936626790334927,-0.0073,-0.008,0.0043,-0.0022,0.0045000000000000005,0.0002
2023-02-07,0.01924488906635924,0.04202200790355448,0.046064131780280126,-0.0006850625818668465,0.05140107407829886,0.012189924172380406,0.02855078572230596,0.00024475080230224044,-0.00975977201104472,0.014719737550602963,0.0125,-0.005,-0.0004,0.003,-0.0036,0.0002
2023-02-08,-0.017652682775942785,-0.003102236534370695,-0.07683017326694241,-0.02017429777965274,0.0014429973330571944,-0.007030977430449559,-0.008701495975285023,0.0012853029531303406,-0.010355485348965132,-0.014346391720811313,-0.0118,-0.0069,0.0070999999999999995,-0.0028000000000000004,-0.0004,0.0002
2023-02-09,-0.006911625714923986,-0.011659685858936397,-0.04387648132768507,-0.01809100582487666,0.005944487378672703,-0.01556371503104026,0.003774660393793816,-0.01350789215653192,-0.01096901415044882,-0.004117023748764992,-0.009399999999999999,-0.0060999999999999995,0.0021,0.0031,0.0038,0.0002
2023-02-10,0.0024561386893264814,-0.001972289773019331,-0.004631167239134815,-0.006412838631079665,-0.04799197532075283,0.00441537195892483,0.04215112714755631,0.004646753691746719,0.008828514924639652,0.008723750098965422,0.0012,-0.003,0.015,0.0054,0.0091,0.0002
2023-02-13,0.018806852040899713,0.031242812050888524,0.0004230925286663467,0.019772567289289666,0.024594596516091638,0.010847884510648331,-0.003889650718444715,0.0037003346914286084,0.013091688805724422,0.012423683900577354,0.011399999999999999,0.0009,-0.0073,0.0049,-0.0031,0.0002
2023-02-14,-0.004224966248450479,0.0031328401407790807,0.0007397528116834806,0.0016073541414833858,0.05429594869514798,0.004418745355688314,-0.01171488096029838,-0.004362541131680886,-0.005640437676476262,-0.009402632056083715,0.0012,-0.0005,-0.0068000000000000005,-0.0060999999999999995,-0.009399999999999999,0.0002
2023-02-15,0.013903377935866601,-0.007993017922882872,0.02387008131509849,0.014643999584324163,-0.009011364219537188,0.00419035421533831,-0.0030062772475132338,-0.016477488797961626,-0.0022973652480602347,-0.0037324355037677837,0.005,0.0072,-0.0091,-0.012,-0.0106,0.0002
2023-02-16,-0.010429629700623888,-0.02662243792948671,-0.014751453419429739,-0.02975486385196624,-0.033473889549010094,-0.013769384548493302,-0.002929328673259013,-0.007090141147384266,-0.013097453704734252,-0.004683048103106269,-0.0137,0.0022,0.0097,0.008100000000000001,0.0091,0.0002
2023-02-17,-0.007546412200571173,-0.01560190240224435,-0.012145295832827308,-0.009679109147912035,-0.027906541441527155,0.002961603308206495,-0.03845165580484067,0.020877256292114676,0.020927665048114497,0.00019468349672147056,-0.0028000000000000004,0.0066,-0.0014000000000000002,0.0015,0.005600000000000001,0.0002
2023-02-21,-0.026679963139899177,-0.020886528680362337,-0.027133056154100554,-0.02695468312187932,-0.03427150744633234,-0.018349397317158678,-0.000988337464037592,-0.014901474660143688,-0.0007141646679809099,-0.017908088465337202,-0.0216,-0.0113,0.0088,0.0038,0.008199999999999999,0.0002
2023-02-22,0.0028960580544283854,-0.004591009767037524,-0.0015252950780578756,0.012793392483054111,0.004792884035739853,-0.0076628202713444615,-0.012953136418138111,-0.0013922098791614435,0.004216821897357059,0.0014534964311310183,-0.0004,0.0044,-0.0046,-0.0034999999999999996,-0.0043,0.0002
2023-02-23,0.0032906123717360014,0.012961744573509293,-0.00829235407557749,0.000313172345862478,0.14021383861447512,0.00801099870920119,0.00920452250656778,-0.00031711480464413633,-0.00320253327403508,-0.00029686085500557624,0.004699999999999999,0.0012,-0.0023,0.002,-0.0049,0.0002
2023-02-24,-0.01800517040261085,-0.02178439788541564,-0.019364043630449745,-0.024212061179431754,-0.01597351385199053,0.009021101264777842,9.023073320624242e-05,-0.011158134495479977,-0.005641064336082913,0.003134528876151288,-0.0108,-0.0025,0.0126,0.0032,0.0040999999999999995,0.0002
2023-02-27,0.008247360131272918,0.0037718432845903482,0.008302650227106412,0.0027807715104863906,0.009232908784170268,0.008727661788962893,-0.0018059207667822097,-0.0021799346754819426,-0.0008617931697593173,0.0021051729214052184,0.0031,0.0005,-0.003,0.0007000000000000001,-0.0044,0.0002
2023-02-28,-0.0034478753128857065,-0.002958074993655413,0.00211391269247474,0.005012811540044737,-0.012127131464036545,0.008370926583442628,-0.005789184790366497,-0.015228624409033609,-0.011355318530432479,0.0017067846367144757,-0.0026,0.0052,-0.0069,-0.005600000000000001,-0.0018,0.0002
2023-03-01,-0.014245813582109301,-0.01262938040957673,0.003331202157584645,-0.02186145722806776,-0.022312101686635777,-0.005580983394474326,0.008916399870339209,-0.004501992584228454,0.000727005753689669,-0.001834974677349499,-0.0040999999999999995,0.0039000000000000003,0.0062,0.0015,0.0073,0.0002
2023-03-02,0.004128993205463782,0.01965318611131961,0.01814946230950021,-0.00043399062951077205,0.027138852779708067,-0.010382092326650438,0.0045991719421170085,-0.0007863134158619944,0.0164899240557006,0.010275113035860928,0.0067,-0.0052,-0.0044,-0.0012,0.0017000000000000001,0.0002
2023-03-03,0.035090077992240065,0.0166460893372542,0.017934931206957883,0.030066258059702422,0.02470630455871281,0.018359943391337286,0.012657226716295877,0.01029836942207596,0.007289181133531164,0.015272176139825344,0.0161,-0.0008,-0.0054,-0.0037,-0.0077,0.0002
2023-03-06,0.01853955611850533,0.006188968925591398,0.01580335532218835,-0.012118034851298809,-0.014064401634701462,-0.005847224689668806,0.00886425924206935,0.009998611668901036,-0.004256767433374331,0.014466278883282335,-0.0013,-0.015700000000000002,-0.0008,0.0031,-0.001,0.0002
2023-03-07,-0.01449655515025805,-0.010589060124445493,-0.013350042983169552,-0.0021333007812499583,-0.011125347641723682,-0.02940755793133898,-0.019330415199813267,-0.009449852936521341,-0.01987883131657553,-0.018456024484923783,-0.014499999999999999,0.0063,-0.0067,-0.0013,-0.0013,0.0002
2023-03-08,0.008377409258286672,-0.0017705050070715433,0.004155104991566461,0.003955051898638651,0.03834582203598713,-0.005915618448605997,-0.014604395188781205,-0.007333254025727376,0.00014513373514546402,0.0008035484826549588,0.0008,0.0007000000000000001,-0.0039000000000000003,0.0042,-0.0016,0.0002
2023-03-09,-0.014914741386822361,-0.005439380723268439,-0.020477415751831818,-0.017781071140368643,-0.030809307416289955,-0.05413655086072744,-0.007728762582867588,-0.011244695664253346,-0.007341011989539736,-0.021036027541779023,-0.0202,-0.006999999999999999,-0.0076,0.0106,0.0074,0.0002
2023-03-10,-0.013878768431532573,-0.01478291585916991,-0.018305749957014172,-0.0164769283801236,-0.020097240868727773,0.025395108376290665,-0.01237066682421284,0.0024462513781697837,0.004539841239009412,-0.003903951226339686,-0.0168,-0.0141,0.0072,0.0108,0.0116,0.0002
2023-03-13,0.013266040311068261,0.021440879761980502,0.005296213973129182,0.01873687738723384,4.365869895406327e-05,-0.017957310245601654,-0.011504787610673639,0.009564027226955929,0.006924633382314971,-0.002470111609323533,-0.0034000000000000002,-0.011699999999999999,-0.036000000000000004,-0.0109,-0.0074,0.0002
2023-03-14,0.01408925797268612,0.02705580131630536,0.03139058715205145,0.0265065123894086,0.04776611356398219,0.025676058514149558,0.0037544855602551497,0.005618895459942541,0.012378864748837648,0.008088951564831914,0.0172,0.0001,-0.0036,-0.0015,-0.0046,0.0002
2023-03-15,0.0026212997756553946,0.0178305628354547,0.02277313060898445,0.01391230747297123,0.006857168120609103,-0.04724388309621641,-0.049747632048808166,0.0027936951606262195,0.014157892946556228,-0.0243997707958169,-0.0079,-0.0051,-0.0184,0.0031,-0.0044,0.0002
2023-03-16,0.01869400727864834,0.04053624811608403,0.04380415827529194,0.03991688242309577,0.054193429568293094,0.019413559314602313,-0.005805769235144198,-0.002073455476154562,0.007473947112003776,0.013864659645206112,0.0176,0.0001,-0.0016,0.0013,-0.0072,0.0002
2023-03-17,-0.0054539330616582005,0.01169456090941745,0.012958418069709543,-0.010895681300578386,0.007204038510737254,-0.03778193755219128,-0.011778842120089839,-0.01071190172740788,0.0002796740942567766,-0.028144762508356735,-0.0121,-0.0106,-0.0163,0.0027,-0.0024,0.0002
2023-03-20,0.015483758526482205,-0.025766697345449008,-0.00393626278394843,-0.012531560404374087,0.0068027813000384185,0.010571511211322493,0.026141809966967022,0.009909232141857238,0.015392280649705992,0.025723101569849804,0.0084,-0.0034999999999999996,0.0078000000000000005,0.0051,0.0076,0.0002
2023-03-21,0.01194420147653985,0.005693696525456593,0.03655403281009684,0.029679680207260972,0.011544381032983608,0.026820585571553313,0.0448023719246915,0.0,-0.007234644353874775,0.009267284154477862,0.0149,0.004699999999999999,0.0073,-0.0026,-0.0121,0.0002
2023-03-22,-0.009103433987471155,-0.005442404607260198,-0.0147731901617969,-0.018984232685839597,0.010267539415185434,-0.025813735993178044,-0.022888516769911327,-0.018454761889629134,-0.0006248236735756363,-0.013559305691716483,-0.0174,-0.008,-0.0053,0.008,0.0022,0.0002
2023-03-23,0.006969272749496103,0.019722127248984256,0.02157303370786523,0.00010133876939955044,0.027315986265269876,-0.0026735029475967176,-0.011282299815640107,0.000529744512427488,-0.0013888490517330876,-0.0045374697871100045,0.0021,-0.0043,-0.0154,0.0015,-0.0085,0.0002
2023-03-24,0.008305909281134394,0.01047999031180713,-0.0015151630080252332,-0.005875816395847999,-0.01515190218047191,-0.015215912483661054,0.001160512374161815,0.010057250181406907,0.02037668060897113,0.0018434102609106162,0.0046,0.0018,0.0070999999999999995,0.003,0.0038,0.0002
2023-03-27,-0.012293333356558245,-0.014933959814108388,-0.028262532795927386,-0.0009171134251457769,-0.009260975419102535,0.028660755223549605,0.021926007158783456,0.004258273701188475,-0.0052480330987350055,0.01077211653973631,0.0028000000000000004,0.005,0.0103,-0.0022,0.0040999999999999995,0.0002
2023-03-28,-0.003980524547858022,-0.0041609542400581345,-0.013956725258998937,-0.00815996577200262,-0.0045609044929679765,0.0030351397805610247,0.012476209999274124,-0.009654289043009467,0.0028093639967436967,0.0005957260443991697,-0.0017000000000000001,-0.0003,0.0075,0.0011,0.004699999999999999,0.0002
2023-03-29,0.01979074109977841,0.01918414612645658,0.003563287247409619,0.0309543624265336,0.021734306219045374,0.0020175176229586533,0.017177108911397676,0.009814160204238531,0.0030745369572777737,0.009857040210885515,0.0139,-0.0036,-0.0054,-0.0092,-0.005699999999999999,0.0002
2023-03-30,0.009889979619496447,0.012619663779040113,-0.004931357751670973,0.0174563591022443,0.014786522239807587,-0.0030201191204811684,0.004864125262914465,0.0007828481350515837,0.004359175863600573,-0.0007206067130677285,0.0051,-0.0062,-0.006,0.002,-0.0007000000000000001,0.0002
2023-03-31,0.015644244351344927,0.014962026784161475,0.02814949241961684,0.012647067799287592,0.01438841229531973,0.012116429129173545,0.0015527643091304277,0.01023270332414472,0.008409713627478332,0.012095196682238463,0.015300000000000001,0.0049,-0.0076,-0.0048,-0.008199999999999999,0.0002
2023-04-03,0.007701635901720794,-0.003711042835785494,0.0060734594788127705,-0.008519675143944028,0.006768232518321149,-0.0011508329242935211,0.05900054601361271,0.011935639697194578,0.005514738543591635,0.004987559023599486,0.0028000000000000004,-0.0017000000000000001,0.0079,0.0055000000000000005,0.0070999999999999995,0.0002
2023-04-04,-0.0032496907978278866,-0.00017418163027016487,0.003449660543276778,0.015037527888523972,-0.018308504510227253,-0.013368296067404084,-0.009558346724529931,0.010455876921886098,0.004815818780899095,-0.00399597255689732,-0.0072,-0.0113,-0.0072,-0.0005,-0.0001,0.0002
2023-04-05,-0.011290127322667987,-0.009889560530360275,-0.0023873088926466,-0.027417013542964663,-0.0208356652894941,0.001491123679609574,0.01712749029934768,0.044923803532880724,0.006856149415084722,0.004270900743966521,-0.0039000000000000003,-0.01,0.013999999999999999,0.0079,0.0129,0.0002
2023-04-06,0.00549579534156619,0.025532795534104924,0.03780972929710669,0.009495540049077267,0.005803410096898665,-0.0010970969724791724,-0.016582628625044005,-0.002777544423451017,0.006346839320446662,0.006830100896089375,0.0034000000000000002,-0.0003,-0.0051,-0.0044,-0.0016,0.0002
2023-04-10,-0.015972147206249288,-0.007578506270637608,-0.018262293176737998,0.0010778033801970288,0.020046509850435212,0.003294841373556512,-0.004432800206059739,-0.005025697244270266,-0.008277449155009275,0.0003519418518624917,0.002,0.0085,0.0026,-0.0002,-0.0013,0.0002
2023-04-11,-0.00759141370807237,-0.022668510736540415,-0.010240308867032644,-0.022022120390757682,-0.01486651083240531,0.004926224058498629,0.007071672673352403,-0.00030428825796258163,-0.001987418443903266,0.00345472812587988,0.0006,0.0069,0.0055000000000000005,0.0005,0.0013,0.0002
2023-04-12,-0.004353278692002749,0.0023336358416832237,-0.006739663666752271,-0.020916697119598093,-0.024807589431722232,-0.0001557917034277212,-0.0010401638490026288,-0.0021307688003954217,0.0027214253116858433,0.00270951722302315,-0.0051,-0.0044,0.0037,0.0048,0.0044,0.0002
2023-04-13,0.03410374759687462,0.022399518116707373,0.026662854925463497,0.046713683014299345,-0.0012076920515982081,0.003813212913977182,0.004686168417174619,0.013360144497166715,0.004633601379897545,0.011127007266977351,0.0139,0.0015,-0.011899999999999999,-0.0027,-0.0075,0.0002
2023-04-14,-0.002113871626884034,-0.01276590402688571,0.013404107844835478,0.001074224694457282,0.011147512535836013,0.07550983315892901,0.0024186136363451016,-0.001625450219559177,-0.005073409089632053,0.005313637812513816,-0.0023,-0.0076,0.002,0.0072,0.0013,0.0002
2023-04-17,0.00012099222636674511,0.009296173050032275,-0.026637211333525923,0.0022436418178335416,0.009118794461649093,0.0079290597288586,-0.011632863155672024,-0.001024691120757093,0.0003309825708719405,0.01266659921887836,0.0033,0.0070999999999999995,-0.002,-0.0129,-0.0033,0.0002
2023-04-18,0.0075046462339367626,-0.001488841454785339,-0.013871873486420605,-0.004282604839014548,0.024627895912470832,0.01122790931758133,0.01952910879461589,-0.02812866636414546,0.0010594801053303016,0.002594262687923843,0.0004,-0.0040999999999999995,-0.0031,0.0005,0.0018,0.0002
2023-04-19,0.006968253889885645,0.00027726258616045385,-0.003062150443738032,0.019550341547772243,0.009542036997437497,-0.0012726661374821147,-0.0031639491961078514,0.009440532011306901,0.000198269493247194,-0.004743888493849435,-0.0004,0.0026,0.0042,0.0001,0.0011,0.0002
2023-04-20,-0.005846176048578955,-0.008112222705524141,0.010654670148359857,-0.0046980391066805405,-0.02960869514583586,-0.0029034936987539783,-0.007977948059859852,0.006460326483883394,0.0036658765467041388,0.0022594663858446218,-0.0060999999999999995,0.0014000000000000002,-0.0028000000000000004,0.0073,0.0053,0.0002
2023-04-21,-0.009781104152214226,-0.0012232771285110022,0.001139754484258404,0.03034391291745231,0.0005533924140976865,-0.0019176388507826658,0.0031994430832174015,-0.005440524889932297,0.03460411416450704,0.0015748849253043318,0.0008,0.0009,-0.009399999999999999,-0.0064,-0.0018,0.0002
2023-04-24,0.001878901711751535,-0.013962856310512972,0.0053124823497527895,-0.007011967150520215,-0.002839232991519114,0.0013519211889618798,0.018877556932434647,0.0060850636021565485,0.0017938019924959026,0.005303244509955007,0.0,-0.0027,0.0046,0.0068000000000000005,0.0032,0.0002
2023-04-25,-0.009435982440068158,-0.02253591964499313,-0.020005703995762403,-0.03427172037496595,-0.029620844277908565,-0.021743577160719174,-0.014213057210438307,0.009164032755490492,0.00025592003731667035,-0.0052445683763188145,-0.0176,-0.008199999999999999,0.0009,0.0043,0.0096,0.0002
2023-04-26,-6.0980708033397946e-05,0.07243471855441252,-0.0013480899130063895,0.023496184744855597,0.027247425921060886,-0.01772349894426839,-0.009182968106184353,-0.015498142172904794,-0.011573593726973197,-0.0117469248369374,-0.0040999999999999995,-0.0004,-0.0074,0.0001,-0.004,0.0002
2023-04-27,0.028394974163530984,0.03202764135226488,0.0374118895579727,0.046103983455159314,0.010016536765359962,0.01345866370301052,0.011953265286203996,0.002336870180561723,0.012226595995924239,0.017783084980311115,0.018500000000000003,-0.0059,0.0,0.0044,-0.0025,0.0002
2023-04-28,0.007541303688441303,0.007971634276607409,-0.0023235554966318794,-0.039792412663683385,0.019209555955549185,0.008682784758846207,0.012924586704252672,0.004294430606961219,-0.0005750598609173263,0.007111475733413863,0.0078000000000000005,0.0022,0.0019,0.0013,0.0022,0.0002
2023-05-01,-0.0005304417252552929,-0.0055328482622641895,-0.0013042588208601602,-0.032242712137328766,0.04183927254779207,0.021411983791959965,-0.03101224343436082,-0.0006107784628532897,0.00121496173199942,0.004930834560817221,-0.0002,0.0019,-0.008199999999999999,-0.0039000000000000003,0.0024,0.0002
2023-05-02,-0.006191374924332638,-0.0004909931550441948,-0.01753726737571948,0.015482549283793778,-0.0242130915666543,-0.01614745481098867,-0.0398534313762825,0.00874063468453623,-0.000894249148043591,-0.013053965838467074,-0.0127,-0.0074,-0.0146,0.0060999999999999995,0.0016,0.0002
2023-05-03,-0.0064673342527648,-0.003306870902935577,0.0008546638524504768,0.00019303553981586674,-0.014462828135362704,-0.021162931666827922,-0.01970928614350942,-0.013088700552443933,-0.0012784145832103189,-0.008101590405496295,-0.005699999999999999,0.0088,-0.0103,-0.0092,-0.004,0.0002
2023-05-04,-0.009913667521699754,0.0033178425800239886,-0.006830595403252704,0.0033767339022539034,-0.00863239480443112,-0.013678679508665859,-0.01751156892119554,-0.0045431470057711865,-0.00460850275086,-0.00996225855003452,-0.0078000000000000005,-0.0052,-0.0104,-0.0060999999999999995,-0.0031,0.0002
2023-05-05,0.04692724909816448,0.017157358393713906,0.008405833033231058,0.015961573674128537,0.04056288212732473,0.0195346729094672,0.02489643375212003,0.0033921752077790135,0.0033437550755237577,0.012125015258789062,0.0191,0.005,0.0069,0.0026,-0.0072,0.0002
2023-05-08,-0.0004034782757861288,-0.006438064438804125,0.02083900872279698,0.0016089169321718,0.01642255683461058,0.0024135159775262593,0.003956616119052958,-0.002274226121455003,-0.004678414638315309,0.006977923093593574,0.0007000000000000001,-0.0037,-0.003,-0.0054,-0.0038,0.0002
2023-05-09,-0.009971080131524812,-0.005345837679542775,-0.0038971650413054393,0.00746481056277859,-0.019896258500722297,-0.00481517042094548,0.0002748930443976505,-0.0077630228141524205,-0.010238387468953336,-0.003894092948450445,-0.0043,0.0011,-0.0002,-0.004,-0.0043,0.0002
2023-05-10,0.010420798877055937,0.017296339197307775,0.04098759731346391,0.03348339526223332,0.010990250302486793,0.0005131909504663135,-0.0128276147417975,0.00372549473353323,0.002081766945233765,-0.005786945273706601,0.0043,0.002,-0.0132,-0.0013,-0.0083,0.0002
2023-05-11,0.0010947974115498305,-0.007044219079160419,0.043131989558922834,0.01805969525073481,-0.01062846445718646,-0.003150558265095804,-0.018099071042090298,-0.004082948385723761,0.002337108984104219,-0.0010835493251154515,-0.002,-0.0053,-0.0009,0.0084,0.0013,0.0002
2023-05-12,-0.005417573537536247,-0.0036762110255379454,0.008063868731658097,-0.01711533396079623,-0.008328026700570201,-0.014333059120400726,-9.445271209185258e-05,-0.0013043411767688085,0.010169152952309135,-0.0004649901042992344,-0.0022,-0.001,0.0034000000000000002,0.0038,0.0048,0.0002
2023-05-15,-0.0028973638448979155,0.0015859587725843838,-0.00850994521235704,0.008525256609829501,0.021629933741246443,0.008426663252954603,0.0019068784744196154,-0.007650304747260583,0.000320486867283476,0.0032249327930025107,0.0046,0.008,0.0001,-0.006500000000000001,-0.0053,0.0002
2023-05-16,0.0,0.0073675616256740906,0.025748693434293646,0.01978421437062372,0.008980157806521838,-0.0067293925324241055,-0.024269457043185505,-0.0013160076781031371,-0.001730798889902907,0.0006800025392799114,-0.0072,-0.0046,-0.0048,0.0079,-0.0013,0.0002
2023-05-17,0.0036030916659459677,0.009451826844729672,0.011128869686712894,0.018518504813616277,0.033033331610728744,0.030747558136245967,0.022434670836666726,-0.002196483340635935,-0.004237513280906047,0.011243288489382275,0.0131,0.0085,0.012199999999999999,-0.003,-0.0031,0.0002
2023-05-18,0.013666177457281714,0.014394804693056207,0.016468206266582852,0.022943736154795724,0.04970505172547823,0.007583905354454412,0.00906308788313881,-0.003208002218077155,-0.016443256562205244,0.007239057427369966,0.009899999999999999,-0.0023,-0.0038,0.0019,-0.0070999999999999995,0.0002
2023-05-19,0.0006283770956150292,-0.0005650076143374205,-0.0005699838241224331,-0.01608126535201726,-0.013068966146250749,-0.0022941173771626744,0.004632814574096589,0.0027130988181096605,0.004195962197993008,0.0019104950999373482,-0.0026,-0.0038,-0.0032,-0.0002,0.0015,0.0002
2023-05-22,-0.005480767318033819,0.008921155461590002,0.018654245435223205,-0.010666648290490577,-0.002814591443284553,-0.008262483549026145,-0.012140147324206763,-0.0053891242055013056,-0.026179951283476388,-0.0038137041368085933,0.0017000000000000001,0.011200000000000002,-0.002,-0.0126,-0.009399999999999999,0.0002
2023-05-23,-0.015154905402187002,-0.01843197351898418,-0.019912040214692506,-0.00017393506729301844,-0.01565323114946726,-0.010432699584599137,0.013622998544395859,-0.00038239714141063974,-0.010793745220155526,-0.018290704104578448,-0.011000000000000001,0.006,0.0109,0.0018,0.0024,0.0002
2023-05-24,0.0016319205427375305,-0.0044724868098868775,-0.013544410860640621,0.015305697616548875,-0.0048879384235106516,-0.009151370876294473,0.011184125812500056,-0.0009566787716470682,-0.008268498429828797,-0.009006138084420523,-0.0072,-0.0039000000000000003,-0.002,-0.0003,-0.0007000000000000001,0.0002
2023-05-25,0.006692328357291721,0.03845767989815352,0.021340001684373222,-0.01498929336188437,0.24369639119241637,0.0024383608438149906,-0.017938248230779386,-0.014362213816631497,-0.006423781288240171,-0.0036852690455126957,0.006500000000000001,-0.0104,-0.0108,0.0179,-0.0132,0.0002
2023-05-26,0.01410493775769428,0.02138575661899611,0.009151263147514355,0.04443478791610045,0.025434427128900206,0.009360886595707107,-0.006530579191226238,-0.00038859770858512555,6.846015510397763e-05,0.0049527212847344515,0.0132,-0.003,-0.0085,-0.0024,-0.0058,0.0002
2023-05-30,0.010659536416007365,-0.005046642613723895,-0.007543454053321685,0.01290486257498391,0.02991333442794053,0.003797452653036437,-0.00885953420669583,0.00012958292515619085,-0.015268083729152226,0.004959439512228991,-0.0001,-0.0024,-0.0042,-0.0029,-0.0098,0.0002
2023-05-31,-0.00028177098918735766,-0.008514212308734947,-0.006468876929600853,-0.00887721353399118,-0.056767573652877434,-0.012731054554780186,-0.017877780690531475,0.004469760619245866,-0.0047491967553383585,-0.0034452213312934354,-0.006,-0.0026,-0.0116,-0.0111,0.0011,0.0002
2023-06-01,0.01602222581791657,0.012758708702440558,0.006917815462195165,0.01816217265513176,0.05117105653772258,0.013779543984939524,0.011548163732390648,-0.0033536212179337,0.010245585983546857,0.006353583624754355,0.0102,0.0007000000000000001,-0.0006,0.0003,-0.0040999999999999995,0.0002
2023-06-02,0.0047754032422764325,0.008479520138813257,0.007678586558377276,0.01205508998453797,-0.011139195488435338,0.021005812587908457,0.023219960950479734,0.015724049345598345,0.01778288268697059,0.01968313928339227,0.016200000000000003,0.0172,0.0166,0.0036,0.0072,0.0002
2023-06-05,-0.00757109141528467,0.0016101824372627416,0.010748504468200748,0.008450728786783213,-0.003966729488218412,-0.00982439168581295,-0.004444152644483501,0.008600480954752632,-0.003958665031909447,-0.002731651038156091,-0.0026,-0.0111,-0.0075,-0.0066,-0.004699999999999999,0.0002
2023-06-06,-0.002060322468233844,-0.006727484741134049,0.010316612369886347,0.010454888481148839,-0.013198465058929965,0.0017975185182519393,0.008167886706045291,-0.0008844404449984689,-0.00993542655896873,0.014699669143669825,0.0046,0.022400000000000003,0.013500000000000002,-0.0019,-0.0046,0.0002
2023-06-07,-0.0077561594873850614,-0.030868034558511726,-0.037781753299421794,-0.04249267220189956,-0.03040135972526703,0.009688641713890389,0.022421093625674793,0.002149571217945123,0.002145489142428847,0.006028642642834425,-0.0036,0.018799999999999997,0.022799999999999997,0.0076,0.0139,0.0002
2023-06-08,0.015465059550133109,0.005813804933967104,-0.002938891946632549,0.024911297199049942,0.027618640558133567,0.0002841641479567336,-0.0031327955213866776,0.0109764115587343,0.011325885411807457,0.0015801048180776878,0.0059,-0.0078000000000000005,-0.0116,-0.0015,-0.0055000000000000005,0.0002
2023-06-09,0.0021597449711938665,0.004703815871151873,0.000736967446116843,-0.006599595129369917,0.006751504703518041,0.001989633520724121,-0.007394393492456741,-0.0015596874985313036,0.0008194894610160652,-0.001964588891583796,0.0003,-0.008,-0.0040999999999999995,0.0009,-0.0022,0.0002
2023-06-12,0.015638804671419537,0.015484024455698187,0.011535598356588794,0.025439515368102628,0.01836477361732225,-7.08798305215641e-05,-0.009032424721099108,-0.0006876525160247615,-0.007846802265662256,-0.0050404199300195796,0.009399999999999999,-0.0026,-0.0141,-0.0029,-0.0078000000000000005,0.0002
2023-06-13,-0.0026116225333775445,0.007352712323609456,0.0015367856461854235,0.0007111003199982147,0.03900516557960132,0.007234329034692566,0.00018800623890369295,0.005253265116705652,-0.0024070895323259345,0.008363334813777268,0.0074,0.0053,0.0006,-0.005,-0.0052,0.0002
2023-06-14,0.0034913939268601535,0.009123829092683167,-0.001292103693964819,-0.001894879884926648,0.048145062755304835,-0.0037322250715342564,-0.012025512045250153,0.005101485119132443,0.009375522995896945,-0.0014567042141998554,-0.0003,-0.0105,-0.0092,0.0069,-0.0027,0.0002
2023-06-15,0.011198698414286001,0.031896533008132666,0.011482054144630771,0.005458016543269828,-0.008000680613609479,0.01130833171137291,0.006941744222511703,0.013431624648400309,0.013864226004837388,0.011670180110043171,0.012199999999999999,-0.0037,0.0009,0.0011,-0.0004,0.0002
2023-06-16,-0.0058599052554573205,-0.016575783307025027,-0.012470962054703993,-0.012744888197649074,0.0009142357021825198,0.0011879001865635619,-0.0071772693829642575,0.0030536729638108717,0.007342592960526639,-0.004443557568946543,-0.0045000000000000005,-0.0051,0.0022,0.0022,0.004,0.0002
2023-06-20,0.0004863885324859485,-0.012502385122576731,-0.003480954353858423,0.002310948445805039,0.026140861238838742,-0.00509536890560236,-0.0229239756638151,-0.0006087326070938204,-0.009228320852078142,0.0010641597107348133,-0.0048,0.002,-0.0069,-0.0008,-0.005600000000000001,0.0002
2023-06-21,-0.005675206051722781,-0.013282106486648737,-0.020714858872386888,-0.00755284590127181,-0.017416921466283264,-0.0014732933200914955,0.011195411265570998,-0.0015231153869019742,0.008639445474827978,-0.00017724650483319504,-0.005600000000000001,0.0029,0.0053,0.0060999999999999995,0.009300000000000001,0.0002
2023-06-22,0.016525440779158185,0.01843753662365133,0.02156788181187186,0.04261789623803569,-0.0004647333356919692,-0.019252453057774455,-0.005487636697513065,0.010617201160910472,0.0034124121781160532,-0.0048728447708689115,0.0032,-0.0096,-0.0126,0.002,-0.0055000000000000005,0.0002
2023-06-23,-0.001711415412427808,-0.013806208560344979,-0.006577370662805393,-0.006300361919969633,-0.01896589843292129,-0.005230058615786959,-0.008712357836536677,-0.0008452551464911418,-0.009936354406466119,-0.005074761094615243,-0.0084,-0.006,0.0007000000000000001,0.0023,0.001,0.0002
2023-06-26,-0.007552892771702124,-0.01916286887728491,-0.03269588647838728,-0.01546431587167707,-0.03736133254561225,0.002448821833968662,0.01845681132345578,-0.011179571134371846,0.0010103680528941172,-0.0033706335057792636,-0.0048,-0.0001,0.0129,0.006,0.008100000000000001,0.0002
2023-06-27,0.015059090140476128,0.01816806957367212,-8.434835558457365e-05,0.014529104045574393,0.030616041575143083,7.168870406504269e-05,0.002493184866023457,-0.0020779755863695737,0.009487895815850633,0.0036513864435896437,0.0121,0.0032,-0.0051,0.0025,-0.0072,0.0002
2023-06-28,0.006327903224624398,0.0038257534688430628,0.015634206039278897,-0.001083754432466999,-0.01812480537195338,-0.004382129523005984,0.008130135428643381,-0.0020206996147099643,-0.0001998172624614325,-0.0035486445231758257,0.0003,0.0048,-0.0043,-0.006500000000000001,-0.0044,0.0002
2023-06-29,0.0017963815100929814,-0.002381983038155955,-0.00898668416502102,-0.008834406537251538,-0.007174940056832613,0.034922985266360396,0.012333834112206343,0.00699546121822503,-0.004067049652437871,0.0082597929553756,0.0044,0.0076,0.0078000000000000005,0.006,0.0049,0.0002
2023-06-30,0.023102632105794996,0.016385621852228693,0.005037919227612209,0.019233769000189582,0.036255063506608565,0.014013906119163755,0.005154655168422284,0.008653441411085483,0.015798687703106662,0.012139729581887249,0.011399999999999999,-0.0072,-0.0078000000000000005,-0.0005,-0.0033,0.0002
2023-07-03,-0.007784778979915141,-0.007488233661933297,0.0016708242632226256,-0.0010739443770555468,0.002624084792763881,0.00804451758622493,0.001958036489651205,-0.013110478887965904,0.005008454011055985,0.0029325513196480912,0.0015,0.0027,0.0106,0.0018,0.001,0.0002
2023-07-05,-0.005871357809326683,0.0004735655242815717,0.015429553480934999,0.0012287180203460757,-0.00226329275128323,-0.006661423320086124,-0.005118041350513303,-0.003305664200584979,-0.0017048223175472055,-0.0012865568462171462,-0.0029,-0.0106,-0.0026,-0.0031,0.0,0.0002
2023-07-06,0.0025087836972119693,0.009226639437351247,-0.013470296179128094,-0.015493205988729275,-0.0050569634022551435,-0.009886723918880458,-0.03732116065496294,-0.00743182881257487,-0.0016421355948853522,-0.00029279220116651405,-0.009399999999999999,-0.0058,-0.0069,0.005699999999999999,0.0004,0.0002
2023-07-07,-0.005891415839529013,-0.011867593530175524,-0.005244999523234317,0.011062622017709689,0.009500348986847484,0.007890406381253046,0.0023318897825155283,-0.01454253304330233,-0.02098809365674681,-0.0016400092913005926,-0.0013,0.013000000000000001,0.0121,-0.0024,0.0017000000000000001,0.0002
2023-07-10,-0.010855748096160966,-0.01598355201058521,-0.025359912470091728,-0.020419182854096718,-0.007599424369239105,0.005611660618130676,0.014831264038975833,0.001632955666572622,0.00040313435284256016,0.000674716897759664,0.0036,0.0124,-0.0001,-0.0103,0.0055000000000000005,0.0002
2023-07-11,-0.002809920300337887,0.0019287662818943119,0.005925210047128759,0.012978852839820476,0.005334106476385436,0.015639184440568554,0.012226531792915107,-0.0055168912757841415,-0.00523986260555831,0.006566382910657476,0.0076,0.0019,0.0048,-0.0021,0.0027,0.0002
2023-07-12,0.00898533288168446,0.014226792535850352,0.015280901831475235,0.01568569880112225,0.03530237041338902,0.004951864003190476,0.004907077609751287,-0.00346701367401836,0.00520013465746505,0.0057664065424598565,0.0074,0.0037,0.0045000000000000005,-0.0029,-0.0044,0.0002
2023-07-13,0.004057529736204213,0.01619204120260398,0.047170480922203106,0.026758409161619312,0.047264418748360404,0.004859910109486609,-0.018311664252968374,0.004617697662722575,0.0006713671296465495,-0.005241052632416143,0.009000000000000001,-0.0007000000000000001,-0.001,-0.0016,-0.0067,0.0002
2023-07-14,0.0007873877517317052,0.007529500912301312,0.00706599490570059,0.002829408900884234,-0.011048947149628674,0.006045616506495044,-0.03443655609104834,0.006674702475021332,0.007385215401186196,-0.007131664860254183,-0.0025,-0.0069,-0.0152,0.0042,-0.0058,0.0002
2023-07-17,0.017305490875827,0.0014193282849390698,-0.006139303412317387,-0.008315972513331604,0.02181696571408076,0.024103643217105786,0.0043590893972833555,-0.0050040333155528804,-0.00706440879928194,0.009264427851994217,0.0048,0.0066,-0.0027,-0.004,-0.001,0.0002
2023-07-18,-0.0013401711759738477,0.03979965646185413,-0.007140022795181555,-0.005465676406731013,0.022233525313855695,0.00182562657280827,-0.004537439253525899,-6.281633073079718e-05,0.0018793782872530418,0.003166292920524727,0.0078000000000000005,0.0043,0.0108,0.0063,-0.0043,0.0002
2023-07-19,0.007071559723964116,-0.01226716810632067,-0.013978657835511998,0.019046892602732513,-0.008780093856286864,0.0038393571553667627,0.006936224234240784,-0.002011827258759924,0.00683304252845951,-0.00842648894703224,0.0025,0.0026,0.0132,0.0016,0.0017000000000000001,0.0002
2023-07-20,-0.010097285893049368,-0.02312162675188978,-0.023191123425660876,-0.03989357175040831,-0.03307313519065136,0.01231769955764861,0.017614717400781688,0.060728379105335684,0.008108909551179044,0.012206853269827178,-0.008100000000000001,-0.0034999999999999996,0.0066,0.0043,0.0144,0.0002
2023-07-21,-0.006161784427752726,-0.00893703301439941,0.0068792636790036,0.00030773533446226686,-0.02660385601115911,-0.007684768638035244,0.00464159872272929,0.010749352320211125,0.015741014014617694,-0.0024522536045099574,-0.0005,-0.0037,-0.0036,-0.0014000000000000002,0.0013,0.0002
2023-07-24,0.004220219163846739,0.003897901262454484,0.012581228055381866,-0.009230745755709147,0.006838548796541888,0.019683702494361688,0.01568973025884146,0.005229399148194203,0.0032039567402675218,0.01119272040688224,0.0031,-0.0003,0.0076,0.0095,-0.0028000000000000004,0.0002
2023-07-25,0.004513650901641464,0.017008971908913928,0.005595337254866939,0.002562125956798944,0.023917262094427683,-0.007468309743640988,0.0015163956153079194,0.0076573247155127255,0.0023465633642067996,-0.005863393535786465,0.0025,-0.0025,-0.0078000000000000005,0.0042,-0.0037,0.0002
2023-07-26,0.004544717623565786,-0.0376374491660576,0.057769301936306805,-0.007589335934878205,-0.00496966116807096,0.005994097265710874,-0.005583051658589744,0.0019143231410860828,0.0010408215070039084,0.006387022574562362,0.0001,0.0087,0.0102,-0.0034000000000000002,0.0063,0.0002
2023-07-27,-0.006580815814786534,-0.020872044855126948,0.0010058410516133875,0.0007803832093540297,0.00985687681846259,-0.01102934567006042,0.003140191674792625,0.005615808065572603,-0.01188808315855061,-0.0014007725885485378,-0.0074,-0.008199999999999999,0.0028000000000000004,0.0038,0.0013,0.0002
2023-07-28,0.013508015846071197,0.023131172131186428,0.02457495295177403,0.030877245332297854,0.01851838266616901,0.005704310070586915,-0.01195207799138931,0.004548444874353352,0.028269151563956374,0.0014313933282603664,0.0113,0.0044,-0.0034000000000000002,-0.0072,-0.0037,0.0002
2023-07-31,0.0031658502546660916,-0.007240449579962949,0.001055901552052152,0.011118568090654923,-0.0004492650150400568,0.0066918499647743435,0.029569998286144372,-0.039832534485275906,-0.0007031169088108635,0.006146176242788126,0.0025,0.01,-0.0009,-0.0095,0.0006,0.0002
2023-08-01,-0.004275710825100254,0.001250187276526038,-0.00881539368086004,-0.014886223394710907,-0.004750805830607385,-0.004938135292833823,-0.005781490681066592,0.008117904888186533,-0.0003202172448448781,0.0008524216326593059,-0.0034000000000000002,-0.0011,0.0031,0.002,-0.0028000000000000004,0.0002
2023-08-02,-0.015490164566472231,-0.026282754571146483,-0.024097429531013903,-0.026425663778747666,-0.048121616300371595,-0.011324632766603893,-0.01247430412137207,0.006039376604647595,0.0021758709031878265,-0.0030375498056980366,-0.0149,-0.0005,0.005699999999999999,0.0067,0.0067,0.0002
2023-08-03,-0.007321497095300056,-0.0025649455215471795,0.0005451629105399647,0.005459768439170398,0.005556840080402026,0.0061130628709547,0.017380703722389867,0.004296485896934765,0.0026186841367932256,0.007460335143295138,-0.0019,0.0002,0.0008,0.0031,-0.0034999999999999996,0.0002
2023-08-04,-0.048020196587026276,0.0034286899089397416,-0.0026467997389776343,0.08269337801006271,0.003706580420185235,-0.0021102723097806697,0.00280047606508238,-0.009376696882287816,-0.010955590333871834,-0.01079677609614782,-0.0048,0.0007000000000000001,0.0076,-0.0018,-0.0066,0.0002
2023-08-07,-0.01725359893878986,0.007108184734504475,0.02669557323876348,0.01898684357254843,0.01649507932640537,0.004742743984074149,-0.0020481842880660794,0.02401814888969045,0.01056161441546899,0.03597244689615153,0.0077,-0.0109,0.006,0.0063,-0.0007000000000000001,0.0002
2023-08-08,0.005311667007962928,-0.012298858137898327,-0.0009882069828687223,-0.016031491771390738,-0.016579742604574288,-0.005613540291321439,0.004944212802833858,0.00046208987227402964,0.001083237556500638,0.0031717812804135104,-0.004699999999999999,0.001,0.0015,0.004699999999999999,0.0002,0.0002
2023-08-09,-0.008954261032087518,-0.011715930209341252,-0.013242036378965705,-0.01493494570121734,-0.04724159788934279,-0.013407826486582342,0.016986964846271047,-0.000635068029403496,-0.0012731665434705386,-0.01569851758223728,-0.0078000000000000005,-0.0002,-0.0004,0.0087,0.0003,0.0002
2023-08-10,-0.0012349555515944743,0.002172428630678347,0.00023142810266607583,0.005150463718840648,-0.0039008583830689725,-0.0014955900707488423,0.00511128809031125,-0.00520030652728265,-0.004971384594917527,-0.002904804366395397,0.0001,-0.0045000000000000005,-0.0067,-0.0004,-0.0005,0.0002
2023-08-11,0.0003376180368781512,-0.005945478842492524,-0.0010023459337049623,-0.0010825194798443905,-0.03616597579294012,0.005795799388194078,0.01552853658726483,0.009757860217668002,0.005829102822928256,0.0038377362177850483,-0.0011,0.0024,0.0045000000000000005,-0.0021,0.0036,0.0002
2023-08-14,0.009393225927585958,0.009438778395407743,0.013661585507222185,0.015605834874352187,0.07093381531090492,0.0020717502485076977,0.0008048340749879923,-0.0023584392498513518,-0.007833590106267163,0.00036278744411388786,0.0051,-0.0085,-0.0078000000000000005,0.001,-0.0063,0.0002
2023-08-15,-0.011200223920025842,-0.00672756881433989,-0.011802411879824781,-0.020630355012962953,0.004274086183635006,-0.025456983817286893,-0.02567345433325341,-0.002882810514919343,-0.00641863531526643,-0.011102462799466695,-0.0118,-0.0001,-0.0103,0.002,0.0009,0.0002
2023-08-16,-0.004959136927852104,-0.0024285345319834395,-0.008321690531295167,-0.018885675014943426,-0.010332339054334505,-0.004243270771250751,-0.01682701308374146,-0.0031802306180138684,-0.010207485532061411,-0.0011001823651269893,-0.008100000000000001,-0.0048,-0.0014000000000000002,0.0038,0.0,0.0002
2023-08-17,-0.014555140667578015,-0.010986203372508996,0.009479496061031822,-0.008069975106044458,-0.0032654586173888056,-0.010386674495154735,0.019371841123792866,0.009397145010876073,-0.00717974960547807,-0.002598014594936915,-0.0087,-0.0018,0.0049,0.005,0.0021,0.0002
2023-08-18,0.00281599332758109,-0.001262185844496111,-0.018934914960919147,-0.005672447612115605,-0.0010381720685455065,0.0022874363725193803,0.015129299956278874,-0.00873494879821235,0.002826839166095496,-0.0017837562741233048,0.0004,0.004,-0.0022,0.0007000000000000001,-0.0012,0.0002
2023-08-21,0.007736837790348616,0.01706262209386389,0.007139481445391116,0.01095925117625085,0.08471336026077414,0.003423542756754383,-0.012086654318870793,-0.029798755038353053,-0.005047770331754187,-0.0013331098932317653,0.0064,-0.0088,-0.0059,0.0019,-0.0087,0.0002
2023-08-22,0.007904965915771056,0.001801769108465301,0.005530952212956963,-0.0031926989840012077,-0.027657869663353374,-0.020738438226638678,-0.005611168028184288,-0.007947711090010356,0.0003951643718409503,-0.004317046861544993,-0.0032,-0.0001,-0.0104,-0.0034000000000000002,-0.0018,0.0002
2023-08-23,0.021948965213454796,0.014079353184462962,0.025488121607964764,0.009459994580714559,0.03170735385790979,0.006763011322239665,-0.008788061302940964,-0.00897467279408204,0.009352843320053372,0.010525722007911575,0.0108,-0.0022,-0.0012,-0.004,-0.0023,0.0002
2023-08-24,-0.02617047099589953,-0.021498648412966892,-0.019566449402611097,-0.027154721211281152,0.0009973698542382614,-0.0009498737004216551,-0.007466275329844674,0.003403622439818843,-0.004633142978561766,0.00011284939378342074,-0.014199999999999999,0.0002,0.0062,0.0052,0.0037,0.0002
2023-08-25,0.012642978023561069,0.00940738372788208,0.000770674168385943,0.010770617478674804,-0.024277550253467006,-0.0012225696791648977,0.01786557713814152,0.014338009157533582,0.006555714589127959,0.004600634882790278,0.006500000000000001,-0.0024,-0.005699999999999999,-0.0034999999999999996,-0.0015,0.0002
2023-08-28,0.008846255751490562,0.0022291412545658584,0.00870014459916435,-0.0009004586682715976,0.017754063342155568,0.0034681321024907508,0.008406511067680977,-0.011789708682571343,0.0015630810872779843,-0.0010676393971627007,0.0063,0.0009,0.0040999999999999995,0.0024,0.0005,0.0002
2023-08-29,0.021810182118857213,0.01455058897630268,0.027173736675391025,0.013294308852149106,0.04161398398097771,0.00813245848631916,0.005954406090048048,0.000122078992086605,0.0005853211631774435,0.007706429042401153,0.015,-0.0008,-0.0012,-0.0005,-0.0040999999999999995,0.0002
2023-08-30,0.01917228768468937,0.0011570071877859966,0.009734604342396702,0.0011860029483812262,0.009839441393688864,-0.004033427560962477,0.009744199990492364,-0.0035302512639245887,0.001104709481474453,0.007731136642412428,0.0040999999999999995,0.0009,-0.0046,-0.004,-0.0001,0.0002
2023-08-31,0.0011724351641542174,-0.0031326391206952797,0.0021340892789589727,0.021766395374215985,0.001847181929089503,-0.012351383493570123,0.0027958952430751083,-0.012520424546397457,0.0019478846782805537,-0.0023818350340041317,-0.0008,-0.002,0.0022,0.0004,-0.0021,0.0002
2023-09-01,0.008463488395486829,0.0027459804647269603,-0.0037451704868755042,0.0007970481467276525,-0.01714117943216631,0.003348519615924417,0.020955047680144778,-0.007422015191821729,0.0011011311736954799,0.006274234235028153,0.0026,0.0085,0.0058,0.0,-0.0022,0.0002
2023-09-05,0.001266533668115244,0.014878459840360181,0.0008107361450131467,-0.006154002858205887,0.000804027124418738,-0.01103407497406872,8.811186290502704e-05,0.0012461486912693776,-0.01339728657896666,-0.005490234181119602,-0.0054,-0.015700000000000002,-0.0087,-0.003,-0.0048,0.0002
2023-09-06,-0.035793259502721164,-0.0020084961729018858,-0.009648680824297706,-0.013914209970579572,-0.030549529123888086,-0.0016528829133846124,0.008632051099784599,-0.01661680174886926,-0.001967679789767529,0.0033290210085930028,-0.0070999999999999995,0.0001,-0.0018,-0.0045000000000000005,0.001,0.0002
2023-09-07,-0.029249462215400257,-0.008922347169526668,0.005949656016537297,0.018395430569861038,-0.017424273527899325,-0.008553808981724309,-0.004890355050173323,0.012784056552085366,0.00953045090258664,0.00035937279953768275,-0.004,-0.0069,0.0002,-0.0019,0.0002,0.0002
2023-09-08,0.003491769127604627,0.013215834842204233,0.008280527083849076,0.0027565441218631026,-0.014467586750827821,0.0007650889004722217,0.01456775351259676,0.003311502049440973,-0.004297020350532699,0.0037313602793378475,0.0012,-0.0051,0.004,0.0029,0.0001,0.0002
2023-09-11,0.0066225596664841735,0.010979019659177247,0.003959540758330604,0.035231212663680456,-0.008645810901064643,0.004380315461588902,-0.012542119738182533,0.013079443588851714,0.011900950627019125,0.0065262154950305185,0.0066,-0.004699999999999999,-0.0052,-0.0051,-0.0034999999999999996,0.0002
2023-09-12,-0.017060744147297746,-0.018257441111714234,-0.011539714654983046,-0.013067856717097759,-0.006817314138461428,0.013013905284116278,0.02916945543048377,0.005656174698241312,-0.01757686537382175,0.006182999106898235,-0.0059,0.0021,0.0101,0.0024,0.0016,0.0002
2023-09-13,-0.011854581461518854,0.012930493186158465,0.010122767537032562,0.025632022130484877,0.013706132777505875,0.00047850236778468336,-0.008936835602871618,0.0025063193826773134,0.006972520589817011,0.0001087839062881013,0.0003,-0.0087,-0.002,0.0028000000000000004,-0.0036,0.0002
2023-09-14,0.008782501612119686,0.007855670605143139,0.010167577936839312,-0.0008975138235036706,0.00211076356512363,0.019397353107909465,0.017863113456342283,-0.0015244722635723296,0.01097372768484095,0.00456743146737093,0.0083,0.005,0.0086,0.008,0.0001,0.0002
2023-09-15,-0.00415405183073958,-0.0250368734453561,-0.005068926423602682,-0.029919857618376344,-0.03687973885791296,-0.0029479472652391703,-0.015355999657022168,-0.013985669088438124,-0.008399526715097694,-0.004438469955175939,-0.0121,0.0021,0.0025,-0.0034000000000000002,0.0045000000000000005,0.0002
2023-09-18,0.01691341918926681,-0.0035128116756133476,0.005895444814259854,-0.0029204620264398073,0.0015034183812028257,0.002082907061773387,0.008054946733358603,0.006317844656257066,0.0037792943731929096,0.006986373692595471,-0.0004,-0.008199999999999999,-0.0018,0.0018,-0.0004,0.0002
2023-09-19,0.006180852322920538,-0.001246123837317259,-0.001230334870871097,-0.016788047695762587,-0.010144109764233189,-0.0012740797353552047,-0.002635233385272162,-0.0016618742083238658,-0.002921154552786409,0.00013502770168671852,-0.0026,-0.0011,0.0,0.0032,0.0029,0.0002
2023-09-20,-0.019992182349209298,-0.023976830373680147,-0.03115022739408224,-0.01700219075536713,-0.029434521938699,-0.0042299867745193565,-0.007926229767590831,0.004377301059104388,-0.000846382946517843,-0.009879085385377073,-0.0095,-0.0005,0.0027,0.0028000000000000004,0.0049,0.0002
2023-09-21,-0.00888949558481833,-0.0038655598007485414,-0.024674712583308667,-0.04405345369833069,-0.028930777389412854,-0.00782193604292869,-0.014089338080894742,-0.007673097311157062,-0.008666069941639098,-0.0096505328887172,-0.0168,0.0034000000000000002,0.0038,0.005699999999999999,0.0009,0.0002
2023-09-22,0.004944531952645104,-0.007886722552496006,-0.00145655294122371,-0.0016238050792075631,0.014457559800092223,-0.009582929964275344,0.0015682893305994927,-0.00717542109909719,-0.003680786496366162,-0.00858840323626786,-0.0025,-0.001,-0.005,0.0019,-0.0015,0.0002
2023-09-25,0.007380084574879042,0.001672011138465157,0.006602485168416106,0.01665124873434287,0.014707871473912615,0.004940727046221838,0.011223370536044497,-0.0014953992454052045,-0.006069323011322791,0.004303608888295285,0.0039000000000000003,-0.0006,0.0032,0.005699999999999999,-0.004699999999999999,0.0002
2023-09-26,-0.02339835853845018,-0.017005862974835417,-0.019372944529193248,-0.040298626825268746,-0.007365826313880719,-0.010378908284695454,0.0015486720855821812,-0.007737247544329584,-0.008894229689015432,-0.0063309780803446625,-0.0146,0.0036,-0.005,-0.0034000000000000002,-0.0008,0.0002
2023-09-27,-0.008897417894357496,0.0020824236321261846,0.015322336242183265,0.0,0.013290028612373828,0.005865034367623645,0.03255717136325198,-0.0120112105746637,-0.013260356951425023,-0.004562947490867053,0.0013,0.0078000000000000005,0.001,0.0018,-0.0027,0.0002
2023-09-28,0.0015258275924618925,0.002717740782367528,0.013559261632848596,0.0,0.0146228042301777,0.012415838398095902,-0.006073094275190538,-0.0014638897499901216,-0.006786970012775062,-0.0020124132795563687,0.006500000000000001,0.002,0.0003,0.0040999999999999995,-0.0003,0.0002
2023-09-29,0.0030463717524877865,0.006727341564369604,-0.01095928719053485,0.009049050319664742,0.009515100842771629,-0.017413056202855937,-0.015819955351640158,-0.0072028637322788525,-0.003280083644446097,-0.01893241979456317,-0.0027,-0.0002,0.0032,-0.0017000000000000001,-0.0012,0.0002
2023-10-02,0.014835484012871047,0.019160587280882657,0.025294274898433944,0.01840783446134786,0.029495086922860514,-0.008619505610299116,-0.01658445081796589,-0.0038525128764721472,-0.004593123334056037,-0.006337428769809583,-0.0014000000000000002,-0.0128,-0.0105,0.0088,-0.0053,0.0002
2023-10-03,-0.00776961058755532,-0.026134140521704485,-0.012968533135677363,-0.03661366636292884,-0.028248150243280756,-0.007372616617360217,0.0017297163003133775,0.0012249125601786481,0.0020661615240848974,-0.014479367449347413,-0.0149,-0.0026,-0.0014000000000000002,0.0029,0.0012,0.0002
2023-10-04,0.007308366303704794,0.01777320804915372,0.021218718906760303,0.018280939360016735,0.01204141114408186,0.004484362809187958,-0.03738240448416141,0.001158376326292121,0.00329890588822801,0.0018948049215643525,0.0077,-0.0053,-0.0037,-0.0039000000000000003,-0.0032,0.0002
2023-10-05,0.0071980797046531375,0.0012542488426179332,-0.0012571265074526883,-0.008188983586829512,0.014690845200980629,0.004216462989968139,-0.022511234851648965,0.010417064000472598,-0.014865836201589433,0.003986136074531466,-0.0015,0.0029,0.001,-0.0045000000000000005,-0.0014000000000000002,0.0002
2023-10-06,0.014750572372924653,0.024736887812343067,0.018582976877824953,0.015878056641289273,0.024033357397655886,0.015395412208603743,-0.016698638251508635,0.003181641059750495,0.0020166610514333883,0.003709496285727809,0.0121,-0.0044,-0.005600000000000001,-0.0032,-0.0053,0.0002
2023-10-09,0.008451077054660638,0.007822689272757533,0.006105388887408525,0.0023444468936362206,-0.010685745669939073,-0.002274180987070773,0.034991173859760805,0.005709170057942359,-0.005066114937217647,-0.0025696833754975668,0.0059,-0.0016,0.0025,0.0084,-0.0037,0.0002
2023-10-10,-0.003352412998618548,-0.004335710875337129,-0.0026006055652891824,0.009511938819224852,0.011596164055795777,0.006078417566107053,-0.004237494627699401,-0.0011353101691069512,0.009904963354987473,0.009002707314129887,0.006,0.0033,0.0063,-0.0024,0.002,0.0002
2023-10-11,0.007904323493992615,0.012272003591258462,0.01803558448064546,0.01814956889912689,0.022009754451157493,0.0034327173512753717,-0.03585330432841072,-0.01376617192573526,-0.012294643514988102,-0.0003729770591092141,0.0033,-0.006500000000000001,0.0038,0.0062,-0.0024,0.0002
2023-10-12,0.00506127189884098,-0.00379049919232044,-0.011241458349339206,0.0037927633547389927,0.002969662909867443,-0.002326262397571388,-0.00018785725789594032,0.000960317072737471,0.0022379894699828817,-0.007949915540851227,-0.008100000000000001,-0.0149,0.0011,0.012,-0.0023,0.0002
2023-10-13,-0.010292793170578407,-0.010357245219303146,-0.0115851895171315,-0.019194502454286222,-0.03161143903716013,0.015019581084309674,0.03193414271056372,0.0033265288443193874,0.009558625460372339,-0.0016490404391014124,-0.0059,-0.0034000000000000002,0.0006,0.0009,0.004,0.0002
2023-10-16,-0.0007269535113791914,0.014981669238151252,0.012667355449983875,0.021265196921155027,0.013945986989726489,-0.0010133541025918458,0.0007280822974387036,0.004335278639806095,0.009537967501636935,0.0033035285303411044,0.0113,0.005699999999999999,-0.0009,-0.0034000000000000002,0.0002,0.0002
2023-10-17,-0.008784823231392402,-0.0017437683894000466,0.004457189431381403,-0.008147882355257097,-0.04679442990252369,-0.0021644673432787975,0.013096712191349225,-0.009141451630409914,0.0013007120567618546,-0.002426122263340713,0.0009,0.0104,0.006999999999999999,-0.0009,0.0034000000000000002,0.0002
2023-10-18,-0.007394820709688332,-0.005872501922276507,-0.012596717292629123,-0.025405007278304192,-0.03964693876680225,-0.010980713011519816,0.014004891050393597,-0.021525811300508013,0.025775986939778228,-0.013028749556006747,-0.0146,-0.006,-0.0018,0.0087,0.0045000000000000005,0.0002
2023-10-19,-0.0021608489940430076,0.003665645519854266,-0.001522087349859702,0.002107149015711185,-0.002251169471069958,-0.00424942765244074,0.0006197465688260184,-0.002684152370988513,-0.005627720540948844,-0.006541731615776314,-0.0092,-0.0054,-0.0022,-0.0005,-0.0003,0.0002
2023-10-20,-0.01470415712874329,-0.014034853872459285,-0.01560795706788598,-0.02515573116103942,-0.016959352535605654,-0.01610570457933269,-0.017165152838590658,0.004464100162708817,-0.001349034883310396,-0.008267933267196548,-0.0132,0.0008,-0.0015,0.0019,0.0039000000000000003,0.0002
2023-10-23,0.0006940000839097404,0.008112073525041952,0.006636891684528079,0.011104892625885654,0.03836943313924457,-0.013640799633628409,-0.014673928161770489,-0.01052314792791964,0.0006754286184225133,0.00291791528931995,-0.0023,-0.0058,-0.0078000000000000005,0.0017000000000000001,-0.0042,0.0002
2023-10-24,0.002543438564096112,0.0036743440347983825,0.016923286997226228,0.015802781594350668,0.01600948425280002,0.0012054990955601141,-0.009684860107704418,-0.0010566681224619678,0.01181257644531275,0.005314121138768391,0.0074,0.0008,-0.0058,-0.0098,0.0019,0.0002
2023-10-25,-0.01349162536960935,0.030678059344201092,-0.09509396143931681,-0.055771610960691276,-0.043148772966353,-0.005454490438566717,0.0018450985651452534,0.0022483031145952292,0.004669757945205744,-0.005108853206693298,-0.015700000000000002,-0.0002,0.0086,0.0149,0.0017000000000000001,0.0002
2023-10-26,-0.02460560672245571,-0.03751438675521901,-0.026510591083996893,-0.01499299533713827,-0.034778234392008,0.0025639757943536345,-0.009116932820151802,-0.016956113150969565,-0.005312153580664392,-0.0021964685300718267,-0.011399999999999999,0.011899999999999999,0.0168,-0.0073,0.0045000000000000005,0.0002
2023-10-27,0.007969160485018056,0.005855458112228318,-0.000899636630699252,0.06832816082460003,0.004314906789455231,-0.03601864589005421,-0.019051958506811073,-0.02281841112663241,-0.01762348577094619,-0.013237780100407659,-0.0052,-0.0059,-0.0059,0.0046,-0.009000000000000001,0.0002
2023-10-30,0.012305113341965379,0.022740498166504253,0.018744333594101326,0.03890722509168976,0.016320871585179253,0.012749556361801195,0.003126611076974539,0.009821311185044257,0.014270227789757062,0.017183721786695694,0.0115,-0.0033,0.0029,-0.0018,0.0017000000000000001,0.0002
2023-10-31,0.0028190400769398938,0.0023715696822783627,-0.003053073829483832,0.002863308000901066,-0.009256292469059457,0.011934333964246813,-0.000283409273606261,0.008909591856270271,0.0051587702942779146,0.011617862148751934,0.0063,0.0006,-0.0006,-0.008100000000000001,0.0004,0.0002
2023-11-01,0.01873877718244743,0.02354282654880313,0.019100669417898564,0.02937864429857373,0.037886361930496104,-0.0008630105442737346,-0.0019839500651015474,0.0023594279213421387,-0.002799492731392128,0.007089952605796146,0.009300000000000001,-0.006999999999999999,-0.0002,0.0016,-0.0070999999999999995,0.0002
2023-11-02,0.020693200573127513,0.0065016025000317335,0.008224473027190538,0.007810272439553012,0.027902838203729408,0.017849481699832692,0.03284743292531633,0.010424746712393462,0.012231986240948567,0.015330877130681708,0.0194,0.0072,0.0163,-0.0022,0.005600000000000001,0.0002
2023-11-03,-0.005181269533401811,0.012861733739578662,0.012628393235778468,0.0038386235328597973,0.034455220024844246,0.01117241414029091,-0.012189520831799694,0.007321232847168124,-0.009046686894179645,0.007993835977149644,0.011000000000000001,0.0173,0.0060999999999999995,-0.0118,0.0017000000000000001,0.0002
2023-11-06,0.014605280621205141,0.010572521324177186,0.008907943219304437,0.008225103459209127,0.01657584112982602,0.007552413560014681,-0.01772118792445998,0.00237886492810202,0.005797263403882313,-0.014723835910656624,0.0001,-0.0124,-0.0064,0.0084,-0.0023,0.0002
2023-11-07,0.014450691984794206,0.011219134699346656,0.0055276950055844765,0.02125376487729147,0.004458991354228337,-0.00048570489087418345,-0.01567972237902393,-0.005273638238603717,-0.002318737286706618,-0.0013270387692884134,0.0034999999999999996,-0.004,-0.012199999999999999,-0.0125,-0.0007000000000000001,0.0002
2023-11-08,0.005885047264357679,0.007405999525792906,0.006642874012154687,-0.004414580990635519,0.013469785419245595,0.004930081248197382,-0.012282920763781235,-0.0036445519580726726,-0.0038516054766959407,0.0003754639633495316,-0.0003,-0.0101,-0.0046,0.0040999999999999995,0.0004,0.0002
2023-11-09,-0.00262465527035749,-0.006911016194899422,-0.012136013078432262,-0.010416636461610618,0.008073037946013883,-0.0029713316140694834,0.0002913682841123588,-0.019488117377636893,0.0022668241108352305,0.00542883323442811,-0.0089,-0.0101,0.0049,0.0053,-0.003,0.0002
2023-11-10,0.023220045621431984,0.024896952895250957,0.018043504435387714,0.021052569890351647,0.029499441447861097,0.014831407956569231,0.007672970992685935,-0.001152979362244233,0.007049973217174044,0.006835559000739844,0.0149,-0.0062,-0.0044,0.0073,-0.0034999999999999996,0.0002
2023-11-13,-0.008583722636924196,-0.008088456637885044,-0.0037711250093087623,-0.006756765374750118,0.005896145017018961,-0.004439092835196057,0.010506010564440338,0.002580468537795033,0.006935051907494216,-0.0015688834915535965,-0.0005,0.0006,-0.0026,-0.003,-0.0018,0.0002
2023-11-14,0.014285704734187776,0.009790644962335504,0.01158313810611733,0.02251214528584833,0.021308384679707748,0.018246770767651466,0.0038503268168066374,0.00020338938791386596,-0.0022303960478625706,0.012113911362747087,0.0218,0.0323,0.011899999999999999,-0.0097,-0.0022,0.0002
2023-11-15,0.0030409252257046493,0.0004058931433159607,0.007483995680612088,-0.017832688951265996,-0.015466323610973443,0.008757749852137175,-0.0060409408926841435,0.007720248028328713,-0.004601717370415148,0.007170101749955915,0.0018,0.0013,0.0049,-0.0012,0.0049,0.0002
2023-11-16,0.009042132047165863,0.017583337275105082,0.01715927690285346,-0.0025837648398919777,0.012109298694208404,0.01141966137152206,-0.011576126679492593,0.008736497675504662,0.00931219516001236,0.008604436035529073,-0.0011,-0.0149,-0.003,-0.0048,-0.0043,0.0002
2023-11-17,-0.00010542954847492236,-0.016800912112250765,-0.011830911383359899,0.016453061783939793,-0.0036782425473407265,0.009045977424105178,0.024399665910375123,-0.0020651868393519734,-0.01151623255276113,-0.0025843181060342113,0.0025,0.012199999999999999,0.0063,0.0002,0.0034999999999999996,0.0002
2023-11-20,0.009278452837774731,0.020521788229741933,0.006947107087269533,0.0065436854591447435,0.02253619507485438,0.0030755733639338256,-0.0043826883848543385,0.008815647274712735,-0.005295518453121595,0.00668652368277356,0.0073,-0.0011,-0.0029,-0.0029,-0.003,0.0002
2023-11-21,-0.004230887292373309,-0.011577996826441561,0.005284500637187994,-0.015260459261028925,-0.009224545119960292,-0.002087443136543743,-0.00038283301702035644,0.00807167974467271,-0.004392145591840535,-0.0009132554300185225,-0.0032,-0.0095,-0.006,0.0042,-0.0004,0.0002
2023-11-22,0.0035145382515211487,0.012812685057821627,0.011097348202073531,0.019527539517508297,-0.024587519715926764,0.0023532858790682454,-0.004307742146960614,-0.001985427111175775,0.009424634348338623,0.002216032667503365,0.004699999999999999,0.0019,-0.0004,-0.0037,0.0001,0.0002
2023-11-24,-0.007004620527484295,-0.00111164363390992,-0.012997453987695917,0.0002044767086364363,-0.019295462451087042,0.001369527207085719,0.005384109529087855,0.011139133308908367,0.002383570973305771,0.0024322966072516383,0.0011,0.0062,0.0018,-0.005,0.0024,0.0002
2023-11-27,-0.0009474860684018926,0.003126322867222253,-0.0020484182654403327,0.006746559883569869,0.009753743483770005,-0.0022795289949955055,-0.0058334371888821845,-0.007999992217065155,-0.0009244088709865483,-0.0036947070832454854,-0.0023,-0.0013,-0.0009,0.0012,-0.0025,0.0002
2023-11-28,0.0032140425379894033,0.010802693115839368,0.005791429709381735,-0.00473835354015173,-0.00872667838979646,0.0022847371195053867,-0.0005772724474755186,0.002313718828188094,0.006942302378031062,-0.0035700685171745627,0.0005,-0.003,0.0004,-0.0015,0.0001,0.0002
2023-11-29,-0.0054096616757077776,-0.010060113904401757,-0.016107944673639296,-0.0048288883967405605,0.006670795109235739,0.005080174483923505,-0.015014540924978892,0.0031656076590353965,-0.007616897355867458,-0.0037772126028914332,0.0001,0.0058,0.0069,-0.0076,-0.0005,0.0002
2023-11-30,0.003062783514226952,0.00015837532747697836,-0.01822358319882378,-0.001571972217158657,-0.028458669169282302,0.011404832823203925,0.00390872441638157,0.016764181099843123,0.015814014190040027,0.0036521719302944344,0.0034999999999999996,-0.0042,0.0001,-0.0013,0.0017000000000000001,0.0002
2023-12-01,0.006791492575347169,-0.0116122144718801,-0.005055316276319166,0.006434406632690459,-0.00010708470441023188,0.004869264347146851,0.0024333091469572743,0.02405276208023399,-0.005601889999231502,-0.00813886854383683,0.008100000000000001,0.0223,0.010700000000000001,-0.0036,0.0059,0.0002
2023-12-04,-0.009464835988069242,-0.014338645030710917,-0.01964224341662424,-0.014894936132684111,-0.026836222789165642,0.007332363511665108,-0.005437352494831682,0.00315673722288512,-0.003930407516165357,-0.0011482444722306084,-0.0044,0.0149,0.0051,-0.0042,0.0074,0.0002
2023-12-05,0.021063268648481515,0.009156266417723824,0.013305676775760444,0.014084566393959497,0.023293667597925838,-0.00012648161433559402,-0.019427968207061386,-0.002076772088581591,-0.034854553273273026,-0.004570192525306882,-0.0021,-0.0105,-0.0083,0.002,-0.0045000000000000005,0.0002
2023-12-06,-0.005687002611852954,-0.009985955837656713,-0.007405061571846283,-0.016067541747663228,-0.022827753417573926,-0.010508417980893192,-0.013241683462885123,-0.012172986159934451,-0.0007497927336296284,-0.007464140792597496,-0.004,0.0036,0.0032,-0.0023,0.0027,0.0002
2023-12-07,0.010139436220780285,0.005829582352010032,0.05314540677028945,0.016329923474831087,0.024020364782989745,0.0030707723750771354,-0.006962109232120706,-0.007789546674233594,-0.0010224794421545003,0.000908131334878659,0.008100000000000001,0.001,0.004699999999999999,0.0008,-0.0019,0.0002
2023-12-08,0.007412430743985787,0.008842123164914062,-0.014167777370794554,0.0036764247561378305,0.019529521630541558,0.011033734323305788,0.011481639346263561,-0.006306082680151426,-0.009215094017547831,0.001077330173187896,0.0044,0.0015,0.0052,-0.0012,-0.0015,0.0002
2023-12-11,-0.012927526084779095,-0.007829294364044115,-0.012593407859925132,-0.010378502226973785,-0.018502954961182816,0.0036588680699711773,0.0007030819360742679,0.004144336317450481,0.004615920817473862,0.01127226446609586,0.0036,-0.0044,-0.0012,0.0003,0.006999999999999999,0.0002
2023-12-12,0.00792020693723261,0.008295023254673906,-0.005776986012292928,0.010898597193382598,0.02209020712174281,0.008925374242400252,-0.015760030324597496,6.453118413651815e-05,0.0008231568713061854,0.008289899387545985,0.0034000000000000002,-0.0064,-0.0088,-0.0038,-0.0024,0.0002
2023-12-13,0.01669144426452407,-2.6475161885586296e-05,0.000377427926900209,0.009221593773735215,0.009043909912995085,0.003363900285737964,0.008873069312238524,0.0046429689147724496,0.018089496825610007,0.005583050460980621,0.0154,0.0192,0.013500000000000002,-0.0096,0.0019,0.0002
2023-12-14,0.000757651176805263,-0.022544446979170685,-0.004752147692353437,-0.00954043404920335,0.00544816640213841,0.018192085412104264,0.02689056337501916,0.006932584512201689,-0.026383146027707083,-0.010800220079256517,0.005,0.0183,0.0203,0.0005,0.0039000000000000003,0.0002
2023-12-15,-0.002725744340726255,0.013117282899040461,0.0050021505336173,0.01729753821347546,0.011168670182879037,0.007561358895630255,-0.006694175356150134,-0.010900888546311771,-0.004838796764183639,-0.004523609793576022,-0.0006,-0.0059,-0.005699999999999999,0.0012,-0.0038,0.0002
2023-12-18,-0.008503288619942873,0.005178676357025402,0.024132796772736942,0.027338841569267247,0.024279020697805187,0.0060522627044734545,0.0074331296987817375,0.0018045400037887127,0.015351349626189892,0.008835887507669948,0.0042,-0.0051,-0.0036,0.0034000000000000002,-0.0027,0.0002
2023-12-19,0.005360153866313722,0.001637119529465103,0.00625903197631561,-0.0018174467759756174,-0.009445624402619868,0.013354913728709672,0.013182305541786787,0.006562272121235058,0.0,0.005978017330658503,0.0072,0.015,0.0069,-0.0039000000000000003,0.0004,0.0002
2023-12-20,-0.010713813489896862,-0.007073042174711164,0.01236749216188926,-0.01085895208954335,-0.0300982376032225,-0.011279234758312717,-0.01670058446739442,-0.0203886027886363,-0.015461418860892362,-0.017827479013470704,-0.0155,-0.0034000000000000002,0.0013,0.0075,0.0004,0.0002
2023-12-21,-0.0007699815483470651,0.007878811426749177,0.015035422265653242,0.011306871390431628,0.01827019884043346,0.005703905035693513,0.00454238152775277,0.010243262838280476,0.002432121240730778,0.0022231842728370754,0.0109,0.0074,-0.0004,-0.006,-0.0016,0.0002
2023-12-22,-0.005547615505905434,0.002784223705828648,0.007620047868420521,-0.0027300973670256745,-0.003265986579483071,-0.0005969854552897447,0.0017693699217447012,0.004004169079821374,0.007070618141349128,0.000926564156491505,0.002,0.0060999999999999995,0.001,-0.0064,0.0021,0.0002
2023-12-26,-0.0028407776402422646,0.00021360201310116622,0.00021207834051972796,-6.514474615582078e-05,0.009195128889833315,0.005914073021297206,0.002256722786596166,0.0043739663271715745,0.0045430040820622075,0.0010098615601026317,0.0048,0.008199999999999999,0.0044,-0.0032,-0.0015,0.0002
2023-12-27,0.0005177873805966016,-0.001574760046468282,-0.008126168129185318,-0.0004563413242133496,0.002800511984488052,0.005997780151603571,-0.004699326427155981,0.0013451480285731066,0.0008221425290664275,0.000336366446997971,0.0016,0.0016,0.0011,-0.0032,-0.0015,0.0002
2023-12-28,0.002226564914502571,0.0032344788883551523,-0.0009973030677604688,0.0002609139551152939,0.0021247305474705325,0.0053130846781048735,-0.014459914728777612,0.0014709167878197427,-0.0022592593965699015,0.001736924207829782,-0.0001,-0.0038,0.0004,-0.0032,0.0015,0.0002
2023-12-29,-0.0054243550325618894,0.0020253098533047353,-0.003850721833213777,-0.009388462612883952,0.0,-0.0011744349985239877,-0.0020961886789656603,0.001021949543254852,0.0055579095098916564,-0.002544966421873962,-0.0043,-0.0113,-0.0037,0.0067,-0.0009,0.0002
2024-01-02,-0.03578668742126878,-0.013748663643255332,-0.010881262506984402,-0.013228970207501023,-0.027341369924562597,0.011640206607246517,0.023804983756963605,0.02060722412893523,0.01501333031443064,0.0162619518124143,-0.006999999999999999,-0.0025,0.0079,0.0067,0.0059,0.0002
2024-01-03,-0.0074874596116797365,-0.000727813843036107,0.0054277947551979455,-0.00973782115920796,-0.012435685431668064,-0.004358316400362217,0.008401562662126993,0.00625103241837488,-0.0060510970743801185,0.011835812630519138,-0.0101,-0.0192,-0.001,0.0036,-0.0021,0.0002
2024-01-04,-0.012700124597973761,-0.007177804315513514,-0.01821168022018882,-0.026267891590348702,0.009018578177752756,0.006635930181922767,-0.008719306581042807,-0.0021118673179572056,0.0054789202033114215,-0.00837084478314587,-0.0033,0.0024,0.0009,-0.0044,0.0021,0.0002
2024-01-05,-0.004012969537175892,-0.0005161528391837145,-0.004839171277095322,0.00463442024626004,0.022896813931105653,0.005017363285528598,0.0030297411379909267,0.003112724744042561,-0.0082743265387899,0.00525187995098797,0.0015,-0.006,0.0063,0.0009,-0.0018,0.0002
2024-01-08,0.02417474483402482,0.01887138673820088,0.022913047993186053,0.026576703830634596,0.06428079348949445,-0.0014512066083762765,-0.016661694134824212,0.002482268451455605,0.008614732723450924,0.007084428906246387,0.0149,0.0055000000000000005,-0.0127,-0.0097,-0.004,0.0002
2024-01-09,-0.00226337011840394,0.0029358121752354194,0.015197625717693342,0.015224607114340927,0.016975121873467724,-0.007906201776418098,-0.012386123097669954,0.0006191580797221263,0.004102335803107371,-0.003476557131728897,-0.0021,-0.0075,-0.0089,-0.003,-0.0015,0.0002
2024-01-10,0.005671470015663482,0.018574134759043126,0.009435937675883466,0.015590940651907248,0.02277007471451009,0.002109523934714863,-0.009832218523582625,0.0014847743317418782,0.004286705333438334,0.0027801023391071933,0.0051,-0.003,-0.0044,0.0024,-0.0018,0.0002
2024-01-11,-0.0032225988884277967,0.004859518017112707,-0.0014059330026261474,0.009432101662268044,0.008684355328120397,-0.00421007239109128,-0.0002028967398467474,-0.004448126492260451,0.003801655117498637,-0.012448404334338692,-0.0014000000000000002,-0.0066,-0.0051,0.0045000000000000005,-0.0012,0.0002
2024-01-12,0.0017780806249629855,0.009983539048629364,0.004011780668796261,-0.0036086969005325598,-0.0020429563053692146,-0.007339970373828608,0.012972468004935012,0.007694867404882011,0.0005979937283158154,0.0007706247099659169,-0.0001,-0.0022,-0.0048,0.0011,-0.0023,0.0002
2024-01-16,-0.012317143133892539,0.004633439701536846,-0.001121527056381355,-0.009442449238027617,0.030561138325097437,-0.006270219899087048,-0.02261126391135404,-0.011515324394779758,-0.005378509193139758,-0.006930281743334099,-0.004699999999999999,-0.0088,-0.0060999999999999995,0.0016,-0.0026,0.0002
2024-01-17,-0.005173421353296792,-0.002049826616103312,-0.007158222058285868,-0.009467203666572499,-0.005835119650996146,-0.005357582007132322,-0.007267856351329094,-0.0005607175459303448,0.0010012642878716171,-0.005012455076156663,-0.0059,-0.0016,-0.0024,0.0026,-0.0024,0.0002
2024-01-18,0.03257057562554344,0.011297443785881711,0.014207881609588524,0.011798781932089941,0.01880354574128007,0.0019749094111363164,-0.0018560324797941563,0.004862072923284666,-0.005764862301355089,0.008600284629134869,0.0087,-0.0027,-0.0034999999999999996,0.006999999999999999,-0.0017000000000000001,0.0002
2024-01-19,0.015533166404067433,0.012186782810098773,0.020211773678636913,0.011986946826648914,0.041746321027036126,0.017262150041254865,0.0015496272456516635,0.0029151129299491707,-0.0038478040868155095,0.012721412024521817,0.011899999999999999,-0.0038,0.0067,-0.0003,-0.0025,0.0002
2024-01-22,0.012163075856822081,-0.005418059165206102,-0.002664391111021347,-0.003604979862209201,0.0027398468914008323,-0.0011744394832239324,-0.0013409495458052145,0.004886474551251574,0.001964979975060732,0.0029156308147135768,0.0038,0.0183,0.0058,-0.0044,0.0012,0.0002
2024-01-23,0.006653484388654984,0.006027627141906855,0.0071923620523106635,0.008011406531487353,0.0036711306233205843,-0.006584140547880479,0.011258091874716047,-0.01637236494394423,0.041390651791382016,0.011085195666215242,0.0022,-0.0069,-0.0055000000000000005,-0.0015,0.0025,0.0002
2024-01-24,-0.0034840652423641094,0.009175228788827372,0.011289518290140466,0.005447960655367012,0.024869349731728274,0.00893572040457169,0.017260739006545123,-0.0053187121871355325,-0.012079548722936262,0.011957815645428527,-0.0001,-0.0077,0.0006,0.0026,-0.0040999999999999995,0.0002
2024-01-25,-0.001696547824940775,0.005738205846510969,0.021318309870827168,0.005609771850602074,0.004155633276289761,0.014310817768695472,0.02540161479408387,0.0037742834357750166,0.02300803944688612,0.011312063004994766,0.0046,0.002,0.005699999999999999,-0.0018,0.0053,0.0002
2024-01-26,-0.009012830644324121,-0.0023216494096142126,0.0021068779035247065,0.008684596622424712,-0.009510460332879167,-0.003816394969447967,0.008518433527764824,-0.00037595752165575647,0.0033414916443847975,0.011946928502167387,-0.0002,0.0034999999999999996,-0.0028000000000000004,0.002,-0.0001,0.0002
2024-01-29,-0.0035858916774162974,0.014334013796253986,0.00867335836055183,0.01344896590822775,0.023496253386031674,0.0026121324891819064,0.0012621851452747634,-0.0008776674963097975,0.00012813909451714345,-0.005760252350443529,0.0085,0.0089,-0.0058,-0.011000000000000001,-0.0031,0.0002
2024-01-30,-0.019245647127664967,-0.002757839172301324,-0.013354235900651101,-0.014014601164705653,0.0049468078362766565,0.020494420015882975,0.016678075007691584,-0.0037023305928508554,0.008517077645996851,0.010360669389286814,-0.0012,-0.0096,0.0085,0.0096,0.0008,0.0002
2024-01-31,-0.019357765393706816,-0.026946357193651682,-0.07500326213455577,-0.023899390262627773,-0.019864863250648956,-0.010835764179877305,-0.019456442805654284,0.0008186795576077266,-0.0022225385871773584,-0.00880796517078375,-0.0174,-0.0089,-0.0029,-0.0021,0.0034999999999999996,0.0002
2024-02-01,0.013340755333718146,0.01559442148761958,0.007566095308128018,0.026288672108771616,0.02437962930721449,-0.003613212500630625,-0.004085296107075753,-0.0033982941407877387,0.012982030763343033,0.007036045957530268,0.012199999999999999,0.0033,-0.013500000000000002,-0.0006,-0.0024,0.0002
2024-02-02,-0.005405272264678129,0.01842579371821529,0.008642644334888594,0.07866649218561839,0.049708817941241046,0.005755951471283716,-0.004101891242475619,-0.011050861339483853,-0.006847596769707698,0.0111530833541158,0.009899999999999999,-0.015700000000000002,-0.0051,-0.0017000000000000001,-0.014199999999999999,0.0002
2024-02-05,0.009846705296579605,-0.01354500803444203,0.009130307683752337,-0.008730574595861018,0.04794428185119304,-0.0013160999705855714,-0.004118704233949111,-0.005171819802910038,0.0007592480298590498,2.56168026231407e-05,-0.0042,-0.009399999999999999,-0.0066,0.0008,-0.0015,0.0002
2024-02-06,0.0086315034280533,-0.0003945599745760475,0.0029234129699273748,-0.00681113075414308,-0.01599541783556735,0.0034382575243734337,0.006893006405883639,0.01450557003520303,0.004740540562825135,0.007626114224271285,0.0027,0.0076,-0.004699999999999999,-0.0072,0.0059,0.0002
2024-02-07,0.0005812408987335704,0.02111025728162086,0.009992921222030882,0.008158468416245013,0.027497896544770528,0.0018846584613321227,-0.00029342251332376,-0.0005061381109378038,0.0010062086634063938,0.009955842751458777,0.0077,-0.0103,-0.0060999999999999995,0.0063,-0.008199999999999999,0.0002
2024-02-08,-0.005754562667262486,0.00014498651535066465,0.0025421765387556583,-0.004046223223746481,-0.006533674050459903,-0.0035912661199970497,0.017120139956931846,-0.010001211464903181,-0.0030164114920204765,-0.0004275346430837601,0.0021,0.0141,0.0002,-0.0053,-0.0018,0.0002
2024-02-09,0.0040938767931471,0.015551425870395041,0.021177501963108636,0.02714319777292107,0.03578391630573208,0.0012014952636154597,-0.021160258045546776,0.0023017429183567195,-0.007690426688707008,0.0021887220774403637,0.006500000000000001,0.0083,-0.0042,-0.0033,-0.0040999999999999995,0.0002
2024-02-12,-0.009001874948184718,-0.012578881581556067,-0.009865788880595305,-0.012095159915523457,0.0015940947635662006,0.004456829273290497,0.013756706929559215,0.006953518039091833,-0.001969125846926101,-0.0016316746670997917,0.0004,0.0165,0.0111,-0.0005,0.0044,0.0002
2024-02-13,-0.011274401323025707,-0.02152840983894244,-0.01620002944434762,-0.021469171561243172,-0.0016609262001444636,-0.00870358945535743,-0.008608939905547897,-0.008742574190216623,-0.005346641729856327,-0.007316898555811302,-0.016,-0.0253,-0.006500000000000001,0.0075,-0.0008,0.0002
2024-02-14,-0.004809684557483984,0.00966523844171463,0.005511961279679234,0.013875689909627953,0.024567398836425225,0.010157333606491514,-0.004933854053358666,-0.00466548108691256,-0.004095578809631739,0.00982777356327369,0.011399999999999999,0.0137,-0.0022,-0.0155,-0.0017000000000000001,0.0002
2024-02-15,-0.001574846284749909,-0.007155072511445981,-0.02172126722221923,-0.006901349311422389,-0.016806500820492176,0.0218143575208265,0.02865937943848751,0.013997800065964183,0.008867533400983119,0.011964532002811445,0.0067,0.0123,0.0104,-0.0021,0.0025,0.0002
2024-02-16,-0.0084303822297348,-0.006149153003072616,-0.015759604159518714,-0.0017079419299743659,-0.0006195301427793787,-0.0046698887614670115,0.0,-0.0011485624805775974,0.0031840641220393096,0.006295644938635769,-0.0053,-0.0066,-0.0018,0.0007000000000000001,0.0019,0.0002
2024-02-20,-0.004113792504472191,-0.0031432628088940984,0.004269749977911408,-0.01433539469369316,-0.043531928215558624,0.003909787538298959,-0.00944765351102117,0.008367926671667636,0.006348951317390883,0.0028572223207761205,-0.0073,-0.0070999999999999995,0.0033,0.0039000000000000003,0.0049,0.0002
2024-02-21,0.004186008971657662,-0.0015145245827159481,0.010133427003085949,0.00903755380828164,-0.02850883957790018,0.00650981352868385,0.020437983100060952,0.005194391176831292,0.01192351388907742,0.005157819317196166,-0.0002,-0.0066,0.0014000000000000002,0.0086,0.0019,0.0002
2024-02-22,0.011243883184227421,0.023546787123321256,0.010803104656649909,0.035530017339574504,0.16400865852314306,0.011995612454066329,-0.00085841863645153,0.011154564666482347,0.0009975822380141608,0.01444105965084752,0.0202,-0.015600000000000001,-0.0129,0.0038,-0.011699999999999999,0.0002
2024-02-23,-0.01003416001746904,-0.00318234952728802,-0.0009021739409318386,0.0023485144793740087,0.0035523814292959255,0.005025626637542802,-0.008782046729635673,0.008663145367928005,0.0029274076036023278,0.004961936459250804,0.0002,0.0032,0.0,0.0007000000000000001,-0.0011,0.0002
2024-02-26,-0.007451256000776119,-0.006823631134057595,-0.044387255523515634,-0.0014858549486425066,0.003489228310881387,-0.003424446510066903,0.003948460093398776,-0.0064879806569621,-0.005030367819255477,-0.019366249337580133,-0.0026,0.0097,-0.0012,-0.0074,-0.0001,0.0002
2024-02-27,0.008114373507595252,-0.0001471832912153248,0.009522208857744685,-0.006810521779339163,-0.00494379926760613,0.0004910505403179499,-0.002110504111224931,0.0011817307318571224,-0.005741855273249552,-0.0005621815957692622,0.0026,0.0124,-0.0044,-0.011000000000000001,0.0067,0.0002
2024-02-28,-0.006625552681906677,0.0005889725315397776,-0.018001081872840108,-0.0021896371944472026,-0.013189108279041073,0.005069565391187192,0.0027876953311705144,0.0035408044171028052,0.004708103711555944,0.007899075487028506,-0.0026,-0.009000000000000001,-0.0001,-0.0006,0.0051,0.0002
2024-02-29,-0.003692952203842359,0.014519844527691061,0.015251505836301638,0.02078996747858297,0.0186575895133263,0.009111495723350016,0.0019172449107429657,-0.0010522145521171256,-0.006935483821670196,-0.006648276446271306,0.0053,-0.0017000000000000001,0.0098,0.0028000000000000004,-0.0074,0.0002
2024-03-01,-0.006030438249623127,0.00449659855605522,-0.009533428075752082,0.00825982552183624,0.0400316265934193,-0.0041384672614931395,0.01262912783162995,0.0045853506814967915,-0.0005661085637821417,-0.005593572494045795,0.0076,0.0,-0.0055000000000000005,-0.0025,-0.0009,0.0002
2024-03-04,-0.02538124105795514,-0.0013957893600282656,-0.027635969892922385,-0.003591063770984282,0.03595090736306794,0.007501842979692475,-0.013983312592986907,-0.014063624580341716,0.00446953513077597,-0.009137507889698693,-0.0018,-0.0060999999999999995,0.0034000000000000002,-0.0021,0.0022,0.0002
2024-03-05,-0.02844091711100183,-0.02957209396210081,-0.005099429931210597,-0.01948421375262155,0.008576652524700856,0.01001702281398198,0.012265267145792791,0.0008133150294804548,-0.0015040974853018918,-0.0065693852545458675,-0.010700000000000001,0.0004,0.011699999999999999,0.009399999999999999,0.0053,0.0002
2024-03-06,-0.00587836176945844,-0.0013907285945126135,-0.009572602335735425,-0.0035033346396604603,0.03182724445876017,0.0051976055585321035,0.010696706578438908,-0.003938293925507819,0.001569205097112114,0.008035138242180162,0.0053,-0.0026,-0.0003,-0.0109,-0.0003,0.0002
2024-03-07,-0.0007095088783010128,0.017533471091069952,0.022678795567637522,0.019076784751165476,0.04474628289584337,-0.008758448646897121,0.005619519464579392,-0.002949586881233146,0.006580090260624338,-0.0038864660853801247,0.0102,-0.005,0.0003,0.0034000000000000002,-0.0068000000000000005,0.0002
2024-03-08,0.01023672290513189,-0.007137011193968257,0.007664739162157375,-0.008313545751684748,-0.055477004815561726,0.0018628657574235596,0.009406686600506697,0.004091301024251592,-0.0016809681271875432,0.0018886632878076792,-0.0066,0.0062,0.005699999999999999,-0.004,0.0052,0.0002
2024-03-11,0.011831719745890368,-0.004184841623033231,0.016690138762174955,-0.019332758891648982,-0.020039161352640167,0.00037191456371465925,0.005905202064891091,0.010719737543295915,0.007483741144499012,0.003993590210878306,-0.002,-0.0062,0.004,0.0046,0.0063,0.0002
2024-03-12,0.0027783098072149404,0.026599329577315256,0.006028892855288737,0.019946455814511488,0.07157160563591347,0.008231945362805915,-0.006420874362642159,0.00936543650118371,0.0023522023281594695,0.0005435349723172944,0.0104,-0.011699999999999999,-0.0068000000000000005,0.0052,-0.0075,0.0002
2024-03-13,-0.012122307635456409,-0.0004333951448955986,0.009314018696993775,0.0066708374081581034,-0.011151783830904094,0.008112129066240259,0.011170709017514602,-0.010077260336329608,0.002284853455702285,0.007778146602378078,-0.0014000000000000002,0.0034000000000000002,-0.0002,-0.0006,0.0014000000000000002,0.0002
2024-03-14,0.010927209742864541,0.024379734515257434,0.023678660819343778,0.012403729449981915,-0.032391615455846456,-0.017818041354016212,0.017711941292373412,-0.011731906096817402,-0.004929116509541309,-0.0034302645719134217,-0.0042,-0.0147,-0.0104,0.0106,-0.0005,0.0002
2024-03-15,-0.002196521391318651,-0.020695158247688528,-0.013417290612374622,-0.024223786467438835,-0.0012166114795088001,0.012395760916860787,-0.0017941931296062696,-0.006469582695577292,-0.0007430148126399416,0.0034420717888246077,-0.0058,0.0096,0.0079,-0.0012,0.0034999999999999996,0.0002
2024-03-18,0.006372362504787343,0.0021611925222304595,0.04604022188374235,0.00034398325434925603,0.00703591807694548,0.012401588859560997,0.009256844084868376,-0.008977158331960333,-0.001053462781471115,0.0006860529143826177,0.0053,-0.0102,-0.0025,0.0021,-0.0016,0.0002
2024-03-19,0.013584898355889496,0.009800675683987015,-0.004401006099221005,0.00813845829732096,0.010660833266297631,0.0058650791405061575,0.0070345866255625555,-0.0035083793658533535,0.0038457652026877565,0.00820255643465373,0.0054,0.0046,-0.0027,0.0044,0.0004,0.0002
2024-03-20,0.014709508859861664,0.009064733967115934,0.011630254502572157,0.012791359170393646,0.010895084498290908,0.01310707531790567,-0.0008840265237195499,-0.0028809126419562237,0.0009887671696653388,0.010564346907834699,0.0102,0.0104,0.0101,-0.0021,-0.0008,0.0002
2024-03-21,-0.040857567319954935,0.00973594139792966,-0.007664399013125878,0.0,0.0117623741688333,0.013904934023643678,0.004424921522061309,-6.396716814194292e-05,-0.0008025734694959707,-0.005599448833935261,0.0042,0.0034999999999999996,0.0095,0.0023,0.0006,0.0002
2024-03-22,0.005310091847829046,-0.0014672867867455697,0.021477079371016394,0.0040415450203241665,0.031213440315809526,-0.012257585324601528,0.0,-0.0033386905324636063,-0.0012355031874854427,-0.005268482483958836,-0.0023,-0.0098,-0.0053,0.0029,-0.0036,0.0002
2024-03-25,-0.008300277657825372,-0.01371465509127856,-0.00464305914508456,0.004696213001679439,0.007561807274210519,-0.00915451308932036,0.010221157838973038,-6.42909509116496e-05,-0.009093150169819486,-0.004081614798029709,-0.0027,-0.001,0.0086,-0.0021,-0.0015,0.0002
2024-03-26,-0.0066726681888058526,-0.002861518415419373,0.003998138834603759,-0.007845994154095037,-0.025694111727136426,0.004670930020822528,-0.007500955888253613,0.0035431861650470076,0.002247273131481542,0.00402516062264735,-0.0026,0.001,-0.0013,-0.005,0.0022,0.0002
2024-03-27,0.021212720542816532,-0.0005217355887422448,0.0013274398710838575,0.008581036192426339,-0.024967388324073525,0.01936333039061955,0.01036994127102231,0.014059267384663343,0.012831019513237063,0.013023265194686884,0.0088,0.0129,0.0091,-0.002,0.0055000000000000005,0.0002
2024-03-28,-0.010559155139424292,-0.0016847324526599872,0.00039758151186752855,0.0030584610251771505,0.0011745043539064248,0.003909411652245565,0.011046367449666139,0.0014560358579642774,-0.0022139288191500572,0.008610549495013942,0.0011,0.0046,0.0048,-0.0001,0.0008,0.0002
2024-04-01,-0.008455669376050245,0.009150961883316988,0.030212759356088137,0.003270852211551434,7.748020486619822e-05,-0.006789779218570824,0.006452161639136866,-0.0025919843128170417,-0.010292818092108136,-0.0007609074835922547,-0.0026,-0.009000000000000001,-0.0028000000000000004,0.0034999999999999996,-0.0032,0.0002
2024-04-02,-0.006998872077350837,-0.007372113019574411,-0.005981193048640088,-0.0015472110151306673,-0.010081468145444528,-0.00040215292060830077,0.01957424522193163,-0.00031677799347940017,-6.224726013048798e-05,-0.0030461654976493557,-0.0085,-0.0103,0.0004,0.0029,0.0002,0.0002
2024-04-03,0.004797469269181676,-0.002348942975660906,0.0023291356733987634,0.009519072430478781,-0.005455501719780598,-0.002816122121236053,0.00016778251394344856,-0.021999760811283298,-0.02752698480077098,0.003150904144779698,0.0017000000000000001,0.0031,-0.0003,0.0,-0.0018,0.0002
2024-04-04,-0.004892400022803556,-0.0061125740087850655,-0.028337096001992634,-0.013212014767422509,-0.034384759968471346,-0.007608475371695844,0.0035206243982479624,-0.011409268917388915,-0.0044829099305712106,-0.011707555264819702,-0.012199999999999999,0.0021,0.0015,-0.0002,0.0005,0.0002
2024-04-05,0.004501723472345676,0.01828261525542585,0.013087096026512146,0.028166707356770848,0.024480649463715976,0.009200153367214359,0.013782032869181782,-0.0007212552738372624,0.00418137969585719,0.007945650907187352,0.0106,-0.0052,-0.0068000000000000005,-0.0036,-0.0058,0.0002
2024-04-08,-0.006663335074929888,-0.0021855297778432536,0.01540984606719542,0.0006483768975988902,-0.009942372094208007,0.0052166494559744425,-0.006756060934637653,-0.005249757207183681,-0.0003844113268051119,-0.006330308937447016,0.0001,0.0054,0.0014000000000000002,-0.0024,0.0008,0.0002
2024-04-09,0.007242349678663551,0.003980409077489977,0.01130146334398141,0.002591909504893186,-0.02041714318229071,-0.006700978693452542,0.005226005843778747,0.004617820251128224,0.003973603775953016,-0.0030771420427929685,0.0013,0.0031,-0.0032,-0.0015,0.0009,0.0002
2024-04-10,-0.011139153598515028,-0.0070846144734402206,-0.002937478808455629,0.0015080453603608657,0.019741461524318993,-0.0085214495555066,0.008417147927372248,-0.01372371276137907,0.003702137014042428,-0.013455875610679069,-0.01,-0.015700000000000002,-0.0104,0.0033,-0.0045000000000000005,0.0002
2024-04-11,0.04327072783409247,0.011033406955533787,0.02094267180119691,0.016671181255133227,0.04109638773555302,-0.00020464518393892295,-0.003355221635121808,-0.009387661115727086,-0.008903668073145798,-0.00366649569482147,0.0073,0.0005,-0.0062,0.0012,-0.0052,0.0002
2024-04-12,0.00862676182007105,-0.014091041045833252,-0.010538989739694804,-0.015445639364236818,-0.0268162593514778,-0.0646779242374772,-0.01165924377678973,-0.008535394480367886,-0.0032726338251614084,-0.010671906337587966,-0.015300000000000001,-0.0038,0.0011,0.006500000000000001,-0.0009,0.0002
2024-04-15,-0.021863588687535573,-0.019578081922270618,-0.01819551550868026,-0.013485250630092094,-0.024777257247446838,0.0005471031783239599,-0.0057324042467493674,0.0004743337424188976,0.0007726338953020218,-0.007439368961339898,-0.0129,-0.0024,0.0076,0.008199999999999999,0.004,0.0002
2024-04-16,-0.019167131963474526,0.0022725182117733222,-0.0029704845461792084,-0.001633742516860992,0.016441771476546796,-0.01142763579862538,-0.00827205323687663,-0.021275149967271312,0.003216542747322304,-0.008344566672664588,-0.0023,-0.0029,-0.008199999999999999,0.0,-0.0023,0.0002
2024-04-17,-0.008147508646926704,-0.006609234843286904,0.006930197890352208,-0.011128128209780819,-0.03866632741311371,-0.0039822342108697395,-0.0005055709967869415,0.002215260732869817,0.006476554863031003,0.0020658489844325167,-0.0064,-0.0037,0.005600000000000001,-0.0031,0.0052,0.0002
2024-04-18,-0.005714278368982861,-0.018380852916236257,0.003473154194511885,-0.011363622972558218,0.007568296535554797,0.00649703647454869,-0.0009273373877516367,0.00670048079009411,0.008572878243541249,0.005405602823079336,-0.0027,-0.0009,0.0087,0.0001,0.0025,0.0002
2024-04-19,-0.012212581717483295,-0.01273898339937296,-0.012306700986394303,-0.02561096030926935,-0.10004588647371937,0.025103509669811785,0.011474978545705783,0.014889438877762284,0.005404217794942046,0.01297849842134946,-0.008199999999999999,0.0126,0.019,-0.0005,0.012199999999999999,0.0002
2024-04-22,0.005090761961467738,0.004609907102643085,0.014212372451529731,0.014888568814227066,0.043543164221545805,0.019429558589031837,0.00567232966427067,0.008180565764025927,0.015176303521562629,0.00913402866021662,0.0087,-0.0012,0.0054,-0.0024,-0.0004,0.0002
2024-04-23,0.006391795880714479,0.016485573115813112,0.012669650342923111,0.01303389727631088,0.03653265305160258,0.014413093063344373,0.0038985924393171167,0.0029506334470439377,0.005979851330242925,-9.787304917396877e-05,0.0127,0.0055000000000000005,0.0,-0.0028000000000000004,-0.0063,0.0002
2024-04-24,0.012702400609537756,0.003655953229080522,0.005497098734519756,-0.016430862529557833,-0.033315909548930045,0.0048922602701768625,0.00016508326972242138,-0.006886799356826567,0.006811162220325517,-0.006825801472823745,-0.0001,-0.0029,0.0028000000000000004,0.0027,-0.0005,0.0002
2024-04-25,0.005147186724784758,-0.024495194046381008,-0.019669342318557104,-0.016535467634067658,0.037087092032624946,0.001501918759593046,0.002313037861884748,-0.011512689579253,-0.00030739059659778967,-0.0025619128307636796,-0.004699999999999999,-0.0039000000000000003,-0.002,0.0038,-0.001,0.0002
2024-04-26,-0.0034728117581493967,0.018243731689685294,0.10224346216825508,0.034260361668536854,0.06175586433487723,0.000620685606658844,-0.02777545371845558,-0.004631453814946007,-0.007751714690492517,-0.006939807693510658,0.0103,0.0021,-0.010700000000000001,0.0002,-0.0043,0.0002
2024-04-29,0.024807953429031082,-0.010016768631174289,-0.033730835943366344,0.007460258507441919,0.0002508959260676402,-0.0010853401246071481,0.014242122458945072,0.004653003988017268,0.0022940698625537603,-0.0028351520296769905,0.0033,0.0034000000000000002,-0.0048,0.0019,-0.001,0.0002
2024-04-30,-0.018270740028672128,-0.032119344619344625,-0.020282830777606176,-0.03293549122868411,-0.015440483921971282,-0.007967863842538003,-0.011451021989720922,-0.015188757121627705,0.009526290201783416,-0.010549632279768018,-0.0167,-0.0027,-0.0025,-0.0059,0.006,0.0002
2024-05-01,-0.006047163072268602,0.01440938149272819,0.006634938248251121,0.02285714285714291,-0.038899698247112924,0.000626045528552277,-0.01893974606097315,0.04557712372367373,0.0012253397034187596,0.004663059346930121,-0.0027,0.0095,0.0003,-0.013500000000000002,0.0004,0.0002
2024-05-02,0.022031975857705444,0.007342969717398784,0.016843514180531205,0.031955314082140474,0.03342933395445957,-0.0010424786291880483,0.001809957781425675,-0.008334445278087355,0.002692785302575995,0.005068040542180574,0.0101,0.0072,-0.0003,-0.0001,-0.0077,0.0002
2024-05-03,0.059816051962811034,0.022169639757723347,0.003721104812197451,0.008066292135759712,0.03463179765311386,-0.0060002989722163225,-0.0020646945691413787,-0.004335436738941434,0.0037842791773372575,0.0006739615815236633,0.0118,-0.0005,-0.002,0.0042,-0.0049,0.0002
2024-05-06,-0.009106533198613653,0.016918409171795767,0.005142337658988305,0.013371946429286963,0.03774129741995069,0.007821124311691463,0.006465510944470676,-0.004622513542567264,-0.00012156563534548859,0.010103071718707612,0.0108,-0.0002,-0.0006,-0.0025,-0.0068000000000000005,0.0002
2024-05-07,0.003796988249531452,-0.010156280739433865,0.01873879751776819,0.0003179520909595279,-0.01721300741689713,-0.0013021066448407614,-0.004967805417684823,0.0009420095403378514,0.00802716465111497,0.003012943742581431,0.0005,0.0001,-0.0059,0.0015,0.0025,0.0002
2024-05-08,0.0018642089057328004,0.002931557470185364,-0.010919694903021027,-0.004026247769404412,-0.001568183847926008,0.02033891408615629,-0.00017227421244325747,0.0015466099550680568,-0.004162686169490115,0.0005662590743467089,-0.0009,-0.0039000000000000003,0.0058,0.006999999999999999,0.0008,0.0002
2024-05-09,0.010014266180542242,0.00433586867156599,0.003424199391498073,0.007978723404255428,-0.018415496530486686,0.009455847108707616,0.019715949803697397,0.006042444072628328,0.00587640335298123,0.006029018472007763,0.0052,0.0052,0.0036,0.0004,0.0005,0.0002
2024-05-10,-0.006890371907253279,0.00586903027520802,-0.007707612819749854,-0.01065965315282813,0.012743837384986412,0.006430416554345841,-0.004052756253934642,0.0004004683776828166,0.0048782168016776595,0.007900739716460103,0.0009,-0.009000000000000001,0.0001,0.0054,-0.0007000000000000001,0.0002
2024-05-13,0.01764549456412423,-0.0024594287278019156,0.002905338784934708,-0.004853789332504466,0.005796887765234793,-0.00020132805735317838,-0.0004238347330461911,0.008738458811759386,-0.005873333274424519,-0.0020142861226891684,-0.0004,0.0026,-0.0026,0.0018,0.0024,0.0002
2024-05-14,0.006173521987057784,0.006864590878354893,0.007094813845264669,0.002679959159411549,0.010586378147468878,0.013988802200364248,0.006070389342430538,0.001058096531942665,-0.0006633180063343458,-0.0023831792797504026,0.005600000000000001,0.0052,0.0002,-0.0016,-0.0005,0.0002
2024-05-15,0.012217865599862154,0.017484043340184385,0.012739170299046476,-0.005773249525686364,0.035837854207746433,0.0029775095205248903,0.007733523267293263,0.008521426989666736,0.004524522892574767,0.006142793465381713,0.0115,-0.004699999999999999,-0.0022,-0.0042,-0.0036,0.0002
2024-05-16,0.0006324248413944744,-0.004940053224852803,0.009680554125622631,-0.012688857146349708,-0.002863743259057694,0.001781138881527644,-0.0059874579124636895,0.010545734726157496,0.00810767288498826,0.0008721420269539593,-0.0025,-0.0021,-0.0001,-0.0002,0.0038,0.0002
2024-05-17,0.00015822942731413825,-0.0018527541423432048,0.010793491943638545,0.005826891232250109,-0.01992400827753371,0.01145858618529294,0.015016512062247411,0.002333391904962623,-0.0013106192784673176,0.009246725816636214,0.0011,-0.0022,0.004,-0.0017000000000000001,-0.0015,0.0002
2024-05-20,0.006161939478787071,0.012208335590509378,0.004884811762255081,-0.006280474722663021,0.02488131200751087,-0.044972915867747765,-0.008107741338542196,-0.01388523741879144,-0.0019683639162468847,-0.009449806730789656,0.0014000000000000002,0.0014000000000000002,-0.0088,0.0016,-0.0051,0.0002
2024-05-21,0.006857161932748657,0.00869889397054302,0.005256352881151116,-0.0021248741632045043,0.006393851569648001,0.020145232711832772,-0.006909797567806519,-0.00019848062544780554,0.0062160561761357425,0.003317179460502473,0.0016,-0.0043,0.0018,0.0039000000000000003,-0.0037,0.0002
2024-05-22,-0.007538108784951536,0.0034495213622627308,-0.008265233730516908,-0.00010914012742568868,-0.004571068944476675,-0.006064656872463159,-0.020110346332406603,0.014943299997349557,-0.00320787312324311,-0.0009170666005994255,-0.0034999999999999996,-0.004,-0.0037,-0.0044,-0.0004,0.0002
2024-05-23,-0.021058136521104553,-0.008176135652943173,-0.016044843607795567,-0.011358061353112014,0.09319672197197404,-0.007009134634415881,-0.017059151580460452,-0.02475572822144556,-0.013824835406902602,-0.019589810243892947,-0.0084,-0.0069,-0.0064,0.0121,-0.006500000000000001,0.0002
2024-05-24,0.016588077952640612,0.0074005999173354375,0.008297205048743761,-0.0016570176564539851,0.025722623923613908,0.019246257854762083,-0.0007929681345570927,-0.018236526826010624,-0.0009671572810769913,0.00376958401717431,0.0070999999999999995,0.0016,0.0015,0.0028000000000000004,-0.0043,0.0002
2024-05-28,5.254210118299518e-05,0.00037173363166354,0.00805771385080667,0.007745471073219212,0.0698043258032972,-0.006028461699553067,0.012696112984792451,-0.017622521562017046,-0.01342738641584107,-0.008615423612759576,-0.0004,0.0013,-0.0087,0.0008,-0.0111,0.0002
2024-05-29,0.001579017992697107,-0.0026722544314152774,-0.0028345428605409673,-0.0007136405620595809,0.008112161767108272,-0.006967565502544737,-0.01070871576367105,0.00041545510994045465,-0.008951215740122365,0.00047041952036996904,-0.0077,-0.0039000000000000003,-0.0062,0.005,-0.0003,0.0002
2024-05-30,0.005255122402572976,-0.03378625337631336,-0.02154640260433338,-0.014833517662161122,-0.037665979812291805,0.006158422120413176,0.0031682347518779963,0.00581564150147118,0.005753171099561083,0.011185599877836072,-0.0053,0.013600000000000001,0.01,0.0029,0.0105,0.0002
2024-05-31,0.005018518672118555,0.0011094526655248682,0.0022659819614661014,-0.016060700229647673,-0.007846063576968598,0.01655548266364515,0.028686764839067624,0.009567655299432376,0.012055479420930437,0.014170012365067874,0.0068000000000000005,-0.0001,0.0078000000000000005,0.0095,0.0076,0.0002
2024-06-03,0.009258892014608167,-0.003878556577881165,0.003884126650604225,0.01076849847083472,0.048954289003130036,-0.003997514256885548,-0.023963775181288782,0.007295485301586524,0.0006685814287379355,0.0009411550535276536,0.0005,-0.0031,-0.005699999999999999,0.0039000000000000003,-0.0044,0.0002
2024-06-04,0.0016492693127221347,0.006166648817791165,0.003580357226250497,0.00560726713319748,0.012495589778145355,-0.013180084434928241,-0.01555278668632909,0.0004060065237867505,0.014333507074602014,-0.012681139027617916,-0.0006,-0.0128,-0.0076,-0.0022,-0.0007000000000000001,0.0002
2024-06-05,0.0078208526745005,0.019083552962058103,0.009321454386554962,0.010817455564965828,0.05155577482463958,-0.009540062216435885,0.003994036891276975,-0.012381577332069238,-0.0057480937424423395,0.0007814014240046241,0.0123,0.0031,-0.0060999999999999995,-0.0044,-0.0062,0.0002
2024-06-06,-0.00709639578310528,0.001202641064230514,0.007525393835296157,0.020520748266509736,-0.011777170593317066,-0.0017743559368383899,0.007514190999237114,0.0030826398987173764,0.014574056442782757,0.0030010502633477376,-0.0006,-0.005699999999999999,-0.0007000000000000001,-0.0001,-0.0016,0.0002
2024-06-07,0.012391985961293761,-0.0015782346128343505,-0.012844498891092626,-0.003783767287795614,-0.0009090473928216047,0.01543840236516325,-0.010704491861839194,0.004507554618090381,-0.008369649803950718,0.006422143462762264,-0.0023,-0.009399999999999999,0.0007000000000000001,0.0033,0.0012,0.0002
2024-06-10,-0.019147685197681508,0.009484376247881565,0.004303774444534669,0.014975553234585881,0.007461274795203865,-0.0017003502329675513,0.0029267119133822295,0.00033996746199127514,0.0017360442687894828,-0.007033751458772275,0.0027,-0.0015,-0.0028000000000000004,-0.0022,-0.0040999999999999995,0.0002
2024-06-11,0.07264895498120416,0.011241746914224526,0.009199531965821794,0.0009087895389929823,-0.00714385826394226,-0.026301119216671665,-0.008047432120956488,-0.0025147498051173445,0.0007766276700569286,-0.005623031504398246,0.002,-0.0019,-0.0106,0.0026,-0.0013,0.0002
2024-06-12,0.028578346431339385,0.019367795689748446,0.006624344826588802,-0.0018159287809064173,0.03548079827619999,-0.01456071687072702,-0.011054637345144336,-0.009198582536715239,-0.013733088420801676,0.0006609278180462752,0.009399999999999999,0.0072,0.0009,0.001,-0.0026,0.0002
2024-06-13,0.0054911456875350595,0.0011787528202300557,-0.014792736309615973,-0.016373254687715777,0.035223684253943954,0.011120985301350528,-0.008023041499861883,0.0002751198054673498,0.007446740582186084,-0.006972076381669412,0.0005,-0.0102,-0.0063,0.0102,-0.0005,0.0002
2024-06-14,-0.008168260573861219,0.0022420641618561277,0.009305584299268421,-0.0009247574783878276,0.017514327387519124,0.000619673570889212,-0.008451499983457178,0.0006185982501167864,0.002283362646531506,-0.0009361570512466111,-0.0016,-0.0148,-0.0064,0.0013,0.0006,0.0002
2024-06-17,0.019671306617958573,0.013105259169232664,0.002545763871893536,0.002177904217078641,-0.0068245554049455315,0.006192485603739417,-0.006873720486887058,0.0028170971020353708,0.00425694444174618,0.004389206346578467,0.0078000000000000005,-0.0034000000000000002,0.0052,0.0083,0.0025,0.0002
2024-06-18,-0.010984454632417151,-0.004527458078104174,-0.012130665015874675,-0.006791263808433312,0.03511984880730612,0.01036014428402865,0.009413034576889912,-0.002055375261105663,0.006328267881745786,0.0015467074326920294,0.002,-0.0045000000000000005,0.0037,0.0026,-0.0011,0.0002
2024-06-20,-0.021512961374303807,-0.0014338677218063145,0.006910798656752037,0.017996874289478493,-0.03540332259882961,0.008477133416914695,0.021576235981324077,0.014624067401480367,-0.0052800102883932,0.002941491980748223,-0.003,-0.0034999999999999996,0.0025,-0.0062,0.0029,0.0002
2024-06-21,-0.010444295048286256,0.00915403239809498,0.018888442048261567,0.01601287280926522,-0.03219161702428375,-0.011929321210227828,-0.008770410660545513,0.006563863662196523,0.0035187859260932264,0.0011487259628850666,-0.0013,0.0044,-0.0051,-0.008,0.002,0.0002
2024-06-24,0.0031325941465367713,-0.004691058893257827,-0.002282723288026034,-0.0185635417434159,-0.06684053865661765,0.013143070347312769,0.029703821305928413,0.002487143684154036,0.0011292732902987712,0.01064405039088312,-0.0026,0.0063,0.0109,0.0003,0.0062,0.0002
2024-06-25,0.004468370088445139,0.007326809036857895,0.02683859429282376,0.004149318226444709,0.06756418703674871,-0.004072729681510845,0.0028057095729669967,-0.0129422865743829,-0.009498451886128967,-0.007270906047984083,0.0031,-0.008199999999999999,-0.0121,0.0008,-0.0121,0.0002
2024-06-26,0.01999309178044184,0.0026831928907302682,-0.0008150916616516124,0.03901472799901873,0.002458675568590696,-0.0032312612315407163,0.00034987584067880384,-0.002513834413962024,0.0035961858581872175,-0.0017275992237127946,0.0016,-0.0001,-0.0021,0.0044,-0.0027,0.0002
2024-06-27,0.003985960577130632,0.0015259906748219532,0.008320650155231313,0.0218997235669518,-0.019066439257383938,0.008813204379757078,0.004282616571649189,-0.006947240917678288,-0.0049568252787542955,-0.005630569647559369,0.0014000000000000002,0.0053,-0.0039000000000000003,-0.0095,-0.0014000000000000002,0.0002
2024-06-28,-0.016254101352429107,-0.013028513352818627,-0.017582621124704878,-0.023249966952787915,-0.003629353759071363,0.015514397355929965,0.0019149414316808056,0.0024691209608800335,-0.010202820536132307,-0.002819032674716171,-0.0034999999999999996,0.0101,0.0127,-0.0017000000000000001,0.0068000000000000005,0.0002
2024-07-01,0.029104597524862497,0.02188166322597218,0.0046115904538708286,0.02043982896891161,0.006151751290351726,0.015771894920538543,-0.0013900293405526565,0.001915845375932701,-0.013339735877375247,-0.003957682890545877,0.0023,-0.0105,-0.004699999999999999,0.0048,-0.0033,0.0002
2024-07-02,0.016239943713221683,0.005583101622036901,0.012295777374067729,0.014198798656638534,-0.01311341112286013,0.016451733222144993,-0.006784853688976189,-0.002800115258444924,0.007251656743497037,0.0047138469621683665,0.005699999999999999,-0.004699999999999999,0.004,0.0048,-0.0060999999999999995,0.0002
2024-07-03,0.005811050030459564,0.0032441027578018478,0.0031309233291747507,-0.012050018310546862,0.04573242586488391,-0.0006704351496967798,0.005079702268677044,-0.002328201118167783,-0.0004269334827946558,-0.003267052493007183,0.0048,-0.0029,-0.0069,-0.0001,0.0058,0.0002
2024-07-05,0.02162030920702196,0.014736301208751135,0.025723953241852282,0.012196992290986808,-0.019098808253067867,-0.013250532888875566,-0.012112150248567932,0.005422421893319429,0.00842344811531559,0.013308092171105734,0.0048,-0.008,-0.0143,-0.0034000000000000002,-0.0103,0.0002
2024-07-08,0.006538874205380685,-0.0028232004977812863,-0.008237013386186098,-0.0035500335693359197,0.0188347630457546,0.001855597121448671,-0.010496783779143093,-0.006826978453214894,0.007929244029898808,-0.005083120819159848,0.001,0.0053,-0.0019,-0.0032,0.004699999999999999,0.0002
2024-07-09,0.0037749249751495295,-0.014370180501659169,-0.0002646190852628738,0.0002509059834530092,0.02480529511589369,0.011990141547666644,-0.011053652338797515,0.010792004144557943,-0.005164698150280533,0.0035200999527555954,0.0,-0.006,0.0051,-0.0048,0.0068000000000000005,0.0002
2024-07-10,0.018803507812795717,0.014601386382248505,0.011641355107372409,0.002257434315787954,0.02686859193288882,0.0008186960746849881,0.008833730428422948,0.01618491291702795,0.006881688166665123,0.00796555495167639,0.0097,-0.0013,0.004,0.002,0.0018,0.0002
2024-07-11,-0.023220682069807097,-0.024772097291064332,-0.029344042437230544,-0.023724863074531144,-0.055666817283970826,-0.0016844104651364544,0.011883416400341185,0.0018070185041823006,-0.007554203960690176,0.012059233261629831,-0.006,0.042,0.0176,-0.0103,-0.001,0.0002
2024-07-12,0.013050721691689748,-0.0025291107269673763,-0.0026942864958082735,-0.0028710461411536325,0.014442549095743384,-0.012099257414226905,0.00017652317123650896,0.0012025060521005937,0.006463875796496987,0.01351545842353441,0.0058,0.0062,-0.0046,-0.004699999999999999,0.0013,0.0002
2024-07-15,0.016743276947551955,0.0009041061372947468,0.00788878679557703,-0.009100746683474936,-0.006189913600725849,0.024934316105849952,0.017127326755494776,-0.004270309497548586,-0.012184158483814822,0.023513360967209573,0.0038,0.0116,0.006,-0.0024,-0.0036,0.0002
2024-07-16,0.0017918604217883605,-0.00978068755625039,-0.01399237818709731,0.0015566783408964557,-0.016194336565724,0.01699582605802097,0.00720414381327239,0.011860293777815167,0.014400241300170036,0.010312555430863624,0.008199999999999999,0.0277,0.0134,-0.0060999999999999995,0.0005,0.0002
2024-07-17,-0.02529590123966685,-0.013347553074109286,-0.015767640339386046,-0.02637038381521739,-0.06623930472533479,0.015213875744205518,0.013788464475096518,0.036884877239021785,0.014914721448240797,0.015288201295032833,-0.0149,0.0049,0.024399999999999998,0.0077,-0.0012,0.0002
2024-07-18,-0.020534792599341767,-0.007102259697870927,-0.018395764178655183,-0.022242286163404512,0.026273336065276043,-0.03177011759199466,0.009860528568662374,-0.007408378632037027,-0.0059018342797291234,-0.008505146096207117,-0.0095,-0.011399999999999999,0.0002,0.0098,0.0038,0.0002
2024-07-19,0.000579737630414412,-0.007402849631313768,-0.00016893873827616979,-0.0033741230867346816,-0.026096244048401274,-0.0009525706876735152,-0.02297968278566509,-0.004696905002746776,0.0031474861230420537,-0.016635747548032653,-0.0068000000000000005,0.0008,-0.0013,-0.0011,-0.0049,0.0002
2024-07-22,-0.0015602024286938132,0.013337518499859424,0.022571119117691163,-0.003167158934036185,0.04757069530732383,0.0023835457729390885,-0.0068924844762972,-0.0029089740911725226,0.0017265823105232503,0.003475521351030908,0.0108,0.0053,-0.005600000000000001,-0.0034000000000000002,0.0068000000000000005,0.0002
2024-07-23,0.00468826529850741,0.004312186484116687,0.0006606966542714865,0.021144894800451786,-0.007689905859094459,0.0002378029217926514,-0.016135939341979877,-0.01225371461472513,-0.009687879554498458,-0.004518558583101906,-0.0007000000000000001,0.0115,0.0,-0.0043,-0.0017000000000000001,0.0002
2024-07-24,-0.028754197897380096,-0.03585492048567973,-0.050387747475991396,-0.029934025650088625,-0.06803165751628859,-0.008272818247915703,0.014108002381941986,0.025795871147943128,0.008282179444192739,-0.0027880047589448065,-0.024,0.0004,0.0171,0.0013,0.0004,0.0002
2024-07-25,-0.004804538689710536,-0.024481092251392722,-0.030991197448916208,-0.005419431054668911,-0.017242767060426822,0.0003836436250290731,0.021041639098533516,0.02149995171093866,-0.006547602671342911,0.0011322106418070188,-0.003,0.0167,0.0067,-0.0014000000000000002,0.0017000000000000001,0.0002
2024-07-26,0.0021609424003672384,0.01641964996016365,-0.0016739345786741522,0.014734466536293178,0.006946723750755224,0.01710822609515006,-0.0008514778629371555,0.006263988652925212,0.013241627743028506,0.010085612478955674,0.011000000000000001,0.0055000000000000005,-0.0017000000000000001,0.0008,0.0013,0.0002
2024-07-29,0.001284652651888596,0.0034331459938159448,0.015149637578243391,0.003835599716395466,-0.013001893751000693,-0.006549121935509383,-0.010483277096335675,-0.012948366160983493,0.004848827452461846,0.001485157179192953,-0.0002,-0.01,-0.0048,0.0064,-0.0023,0.0002
2024-07-30,0.002565938289724068,-0.008928330359357917,0.00448311896420317,-0.008133134602594794,-0.07043641700034997,0.02058338208499655,0.017829424076329703,0.017469916821861275,-0.04843180640204392,0.006730424182571637,-0.0049,0.0070999999999999995,0.0134,0.0040999999999999995,-0.0105,0.0002
2024-07-31,0.01499083349056729,-0.0108059194970489,0.007340423205788316,0.029002194810164417,0.12812103709584366,-0.011106436479739523,0.003554172930011701,-0.021570665817898127,-0.005813118503478765,-0.006254837747682984,0.0152,-0.0097,-0.013300000000000001,0.0051,0.013999999999999999,0.0002
2024-08-01,-0.016750587231237346,-0.0029639907929811526,-0.004547012389339522,-0.015563100170141508,-0.06674069623534473,-0.02274433381010632,-0.013829123960955703,0.01843516447090754,0.030666789952795037,-0.015256562010048436,-0.0161,-0.0123,-0.0066,0.0088,-0.009300000000000001,0.0002
2024-08-02,0.006869263885296961,-0.020666067609210526,-0.024010545887540813,-0.0878470841762542,-0.01776397572092725,-0.04241197462407276,-0.0005985649305876306,0.02102517436177731,0.026495382482719876,-0.007989653381202944,-0.021099999999999997,-0.011899999999999999,-0.0077,0.0091,0.0079,0.0002
2024-08-05,-0.04816701712613147,-0.03265693447637752,-0.04446156703864923,-0.04097671157906757,-0.0635777779568708,-0.02129168943850923,-0.018052802217272457,-0.017606898283734518,-0.011876812934941028,-0.034176824707013886,-0.0302,-0.0034000000000000002,-0.0001,-0.0009,-0.0016,0.0002
2024-08-06,-0.00974816821134794,0.011286879880402223,-0.006028348717084575,0.005651399696776416,0.0378297473249074,0.027911715961946193,-0.005314796050979842,-0.014139550856115846,0.000178429673218794,0.020351961236804383,0.01,-0.0003,-0.005600000000000001,-0.0011,0.0027,0.0002
2024-08-07,0.012498227133290074,-0.0029526894350310195,0.004106455628972272,0.0051874985158653075,-0.051223041180568085,0.0002996807558686143,0.013314493394972038,-0.00044051918989385097,0.011482133484891577,0.011560084796269576,-0.0083,-0.0046,0.006999999999999999,0.0068000000000000005,-0.009000000000000001,0.0002
2024-08-08,0.016633306227976874,0.010691918070380613,0.01944123640482287,0.018615215947435537,0.06126774486074682,0.018263306984508176,0.01910450308784717,0.008307369717631907,0.00499934215443143,0.010585030320688915,0.023799999999999998,0.0009,-0.008100000000000001,-0.0055000000000000005,0.0008,0.0002
2024-08-09,0.013735923887983947,0.008269214307032424,0.010121570326671936,0.00687575011257735,-0.0020956757537589077,0.008527011644580584,0.008143168412060309,0.0024963833083373466,-0.0019314855615021331,0.0003012580067625059,0.0043,-0.0076,-0.0034000000000000002,0.0023,-0.0017000000000000001,0.0002
2024-08-12,0.00712994649476939,0.0019457709751304897,-0.00843150535870485,-0.000838620987187122,0.04076357666003494,0.001895008875128168,0.0012620947875754407,-0.004606985582494394,-0.02187143366408628,-0.002965225147637307,-0.0008,-0.0086,-0.0058,0.0009,0.004,0.0002
2024-08-13,0.01719293855237969,0.01769877996255409,0.011522538234962854,0.020563504874259175,0.06530907697608623,0.008487274409174628,-0.009579912420025538,-0.009319551914401036,0.0028772330367601295,0.004693391911803291,0.0169,0.0016,-0.0075,-0.0048,0.0106,0.0002
2024-08-14,0.002033815662230376,0.006883811139487106,-0.023087272049707175,-0.0007636117446156998,0.016704077192929212,0.011060886219720789,0.00924838914490933,0.0005681630719209796,0.009026374538274595,0.014014471236259984,0.003,-0.0108,0.0025,0.0013,0.0038,0.0002
2024-08-15,0.013530580185465713,0.011823767597344492,0.005799063963935591,0.04403286281963403,0.04048108867528599,0.0062309414227224025,0.006186324019551881,0.0038490263302852767,-0.005213409273331249,0.0054051476967396095,0.0177,0.0096,-0.0075,-0.0045000000000000005,0.0040999999999999995,0.0002
2024-08-16,0.005918421787055372,-0.006080361166767911,0.010291479846293194,-0.002984395462729106,0.013999592379095649,0.011439363414555537,-0.004716535807456457,0.0018858160132773083,-0.00017848256064256773,0.008325046407362313,0.0022,0.0004,0.0077,-0.0024,0.005,0.0002
2024-08-19,-0.0007077554629322247,0.0073124457883617655,0.022766496893984245,0.006551472258579993,0.04350633348028876,0.0069169826101243,0.0030464814024346865,0.001505731667172272,0.0031569522590468857,0.009583539525449547,0.0098,0.0022,-0.0026,-0.0103,0.004699999999999999,0.0002
2024-08-20,0.002744682165532808,0.007757527657417995,0.003059632696370773,0.003703308593809629,-0.021154039680302494,-0.004316626295155834,-0.033324828150936736,0.003320175109067014,0.011815729808041686,-0.0009136164898425614,-0.0031,-0.0074,-0.006500000000000001,0.0037,-0.0064,0.0002
2024-08-21,-0.0004856191783777497,-0.001553631860764182,-0.00795546339423836,0.006876093995775934,0.009823208933355643,0.00037289026271669634,-0.006371187104281084,0.007929506401323616,-0.0014672908307270527,-0.003925370919679372,0.0051,0.0085,-0.0064,-0.0040999999999999995,0.0019,0.0002
2024-08-22,-0.008259740905813606,-0.020252834271969555,-0.012360552401236902,-0.022097583221652117,-0.03704275039618976,0.009459480285006983,0.0077294711532176485,0.00569929918425327,-5.8774091698965414e-05,0.005441094139210678,-0.0096,-0.0024,0.0137,0.0051,-0.0024,0.0002
2024-08-23,0.010288207269278704,0.0029840393692375233,0.011111127810423893,0.005166572293719973,0.04549846256936174,0.007755157762313836,0.013858699235711258,0.010963933020823546,-0.005759442338327925,0.009687562335125133,0.0129,0.019,0.0085,-0.005,0.0070999999999999995,0.0002
2024-08-26,0.0014987593994653103,-0.007917747769893402,0.0032606531655545723,-0.00869856159361615,-0.02249355084146276,0.003939325014051143,0.021406280441812475,0.0029242955126491665,0.0069751663325370306,0.002448245047439679,-0.0034000000000000002,0.0033,0.0018,0.0014000000000000002,-0.0005,0.0002
2024-08-27,0.0037416975709239075,0.0008464950150808281,-0.008907142094520148,-0.013561281383547064,0.014550207013566574,0.0046082665142426205,-0.00951093282124904,-0.0025706958615582254,-0.006457182147425744,0.013509680697854742,0.0005,-0.0089,0.0002,0.0028000000000000004,0.0023,0.0002
2024-08-28,-0.006753619147701229,-0.007829168059319436,-0.011112482480394092,-0.013401063602498708,-0.02096653914209945,0.005041348925514333,-0.009857253177090075,0.005952728679940789,-0.001122711650747732,0.00859690296572313,-0.0066,-0.0021,0.011399999999999999,0.005600000000000001,-0.0018,0.0002
2024-08-29,0.01457006577123865,0.006137420477476452,-0.006570722496974657,0.007728290643119529,-0.06384843771574378,0.004157441897877812,0.013817535343696896,0.0018909440934380406,0.0057376091894720815,0.008136203553870125,0.0007000000000000001,0.0066,0.0029,-0.0013,-0.0121,0.0002
2024-08-30,-0.0034377922118358217,0.009730917032376496,0.009890316511622421,0.037067191865004956,0.015137282569461119,0.011655708843047785,-0.0016084190317878777,0.009925196429130034,0.008880725158032288,0.016119773660261627,0.0098,-0.0055000000000000005,0.0005,-0.0018,-0.0013,0.0002
2024-09-03,-0.02720522671033454,-0.018459119001423607,-0.036846569658160466,-0.012605042016806678,-0.09525004359777911,-0.020017753006871364,-0.02094292583538826,0.007838020776178789,0.017371993048912016,0.0019120295824026634,-0.0226,-0.0073,0.013600000000000001,0.0062,-0.008100000000000001,0.0002
2024-09-04,-0.008618805151778042,-0.0013189091213317017,-0.005783072167010905,-0.016567365497562103,-0.016574074113428594,-0.004403111271176763,-0.012210850247468819,0.0011965603274826098,0.007907547462495002,0.0036491428831089134,-0.0022,0.0011,-0.0058,-0.0027,-0.0007000000000000001,0.0002
2024-09-05,0.0069277611016922425,-0.0012471887837161022,0.005049607016755608,0.026308183871355473,0.009415449355547612,-0.007750885992114376,-0.0078029586244861004,-0.014161110067957283,-0.0024447231810149628,-0.028522460011241035,-0.0031,-0.0005,-0.0068000000000000005,-0.0025,0.0002,0.0002
2024-09-06,-0.007014948391658393,-0.016381415717335646,-0.040193207803580266,-0.03653943460735232,-0.0408545318714687,-0.023755901733435114,-0.004683244857027202,-0.0036974203186103116,0.0006838541583491509,-0.011829991915060734,-0.0182,-0.0008,0.0018,0.0033,-0.0005,0.0002
2024-09-09,0.0004075502072728998,0.010007481746121538,-0.013336208329127852,0.023396899008788496,0.03539833411639015,0.0204744002643249,0.021040381529555674,0.013566235565113827,0.0026766824582737936,0.00041350380539739717,0.0109,-0.0106,-0.0072,-0.0108,0.0037,0.0002
2024-09-10,-0.003621324252801039,0.02090116324380631,-0.0003362300019870146,0.023660258265018275,0.015309303548304953,-0.05188871958944352,-0.036431515460144226,0.004621549209420817,0.009826354780400282,-0.0015012117791574076,0.004,-0.0028000000000000004,-0.0083,-0.0008,-0.0016,0.0002
2024-09-11,0.011585155376317102,0.0213423167988831,0.016816844442354206,0.02768031821904482,0.08149871802457165,0.008124065041404949,-0.00992602731802672,-0.015294360260587725,-0.021767252370250234,-0.012681964512177957,0.0104,-0.006500000000000001,-0.016399999999999998,-0.0018,0.0059,0.0002
2024-09-12,0.0004939468363112098,0.009360793164597814,0.02335254787319574,0.013440254011034547,0.019161704233137566,-0.00304010976098279,0.013762368082497867,-0.0010921737580432689,-0.0025875621819601013,-0.004921675030431727,0.008,0.0046,-0.005,0.0038,-0.0006,0.0002
2024-09-13,-0.0012120173160723446,0.00840751533485129,0.017906900210975074,-0.0027272433520638684,-0.00033568490411250984,-0.01103573492194887,-0.0007192438951294511,0.005344941138534898,0.003516438423567525,-0.007230487282210207,0.006999999999999999,0.019,0.0003,-0.0029,0.003,0.0002
2024-09-16,-0.027775309417678584,0.0017417377248094557,0.0038107454042459743,-0.008579580976924128,-0.019479409625637656,0.01732577496468579,0.014034948285112314,0.008881050327443907,0.018152723671783333,0.009316176055498726,0.0016,0.0001,0.0091,0.0037,-0.0044,0.0002
2024-09-17,0.0021726079973596324,0.008832899344733747,0.007971504869201507,0.010763186217390919,-0.010190212941124988,0.006687123533288153,0.013042413898821215,0.00047899566396081283,-0.007673250795851683,0.010845973504192585,0.0008,0.0077,0.0055000000000000005,0.0039000000000000003,-0.0032,0.0002
2024-09-18,0.017989898283744532,-0.009973607362354753,0.003075598933566015,-0.0024080275860086653,-0.019205737525469724,-0.008219851956497548,0.0035033063232630113,-0.005506584145834936,-0.011143884699072681,-0.00017514796695372592,-0.0025,0.0026,0.0027,0.0006,-0.0038,0.0002
2024-09-19,0.03706554979493015,0.018291249935418863,0.014579805382088029,0.01845197970580159,0.03969306609208667,0.014214912200390506,0.01239301813194249,-0.008004653248185334,-0.013684522240867358,0.006811181143211442,0.0177,0.0032,-0.002,-0.002,-0.0004,0.0002
2024-09-20,-0.0029275027270966314,-0.007795953543680789,0.008942835941549987,0.009111555436973395,-0.015864887811707473,0.0028980611303255355,-0.006293125295484425,-0.004004474237950806,0.015623236762280168,-0.009571238342150235,-0.0026,-0.0078000000000000005,-0.0063,0.0023,-0.0034000000000000002,0.0002
2024-09-23,-0.007581020828456242,-0.004043480861925519,-0.010636303367732247,0.011899784481557152,0.002241278593184459,0.0016580823700793612,0.01813130564326948,-0.005726156850974773,-0.0025829216576621628,-0.0007247514309701719,0.0021,-0.008100000000000001,-0.001,0.0045000000000000005,-0.0023,0.0002
2024-09-24,0.003973962029000688,-0.010011194660886846,0.002718589140055183,0.0004126358007008335,0.0396525726474064,0.0007094196933372654,-0.0026414516048429704,-0.002695819703167679,-0.0030500350323076075,-0.00092314699018059,0.0024,-0.0011,-0.005699999999999999,-0.0028000000000000004,0.008100000000000001,0.0002
2024-09-25,-0.0043981635621761495,0.006850306027479158,-0.004929427840591916,-0.007372694808574054,0.02184157772413875,-0.006616506459040328,-0.019478840323364888,-0.013392242683142763,-0.0056568062299144906,-0.00483987200556002,-0.0029,-0.009300000000000001,-0.0070999999999999995,-0.0005,0.0014000000000000002,0.0002
2024-09-26,0.005080303155636123,-0.0018513280154224265,0.007678496887943309,-0.007115748848874004,0.004291072474536195,-0.001950743204567007,-0.017164600495659932,0.00491906119917096,0.005514815011837371,0.004023360560515332,0.0043,0.0021,0.0043,-0.0051,0.0055000000000000005,0.0002
2024-09-27,0.0011866461027327802,-0.007628054641227622,0.0074968553791689985,-0.016687603998192135,-0.0212833915378563,0.0034322210246049423,0.02677288264712474,6.187716145911182e-05,0.0019629452248837165,0.007243842965294345,-0.0009,0.006999999999999999,0.005699999999999999,0.0011,-0.0006,0.0002
2024-09-30,0.022872078754435865,0.005326913515331988,0.01158907826939104,-0.008724793206352333,0.000329498759228386,0.001710240588597145,0.01208784471069091,0.004089428122747041,-0.00201672565525024,0.006098779236839658,0.0036,-0.0009,0.0014000000000000002,0.004,-0.0002,0.0002
2024-10-01,-0.029141635926272724,-0.02233323091364725,0.006873582287172386,-0.006440170323887107,-0.0365613701423918,-0.018116284356887502,0.02311882532026721,-0.0004320450829651268,-0.0009238797818170719,-0.006192165391398885,-0.0097,-0.006500000000000001,-0.0004,0.0079,-0.0059,0.0002
2024-10-02,0.0025197397753966566,-0.0084622916628595,-0.0067666635196809155,-0.0019986515757441925,0.015812143856202443,0.0012073913052159657,0.013257601577686184,-0.005061994492847499,-0.00647239432241542,-0.0016177832326589314,0.0,-0.0026,-0.0017000000000000001,-0.0051,0.0040999999999999995,0.0002
2024-10-03,-0.004894646569364447,-0.0014144669957205647,0.0,-0.015154729791167831,0.033655803428645825,-0.009937652180102674,0.008722959014483056,-0.004157025138629145,-0.010470001122230843,-0.008124076167841832,-0.0023,-0.0066,0.002,0.0045000000000000005,0.0033,0.0002
2024-10-04,0.005007289242970003,-0.0011522730768861456,0.007234941988631727,0.02500542770436165,0.01684969367844591,0.035493671376415126,0.018355348705107355,-0.001308632821916178,-0.007288943130699388,0.01989140307222592,0.0103,0.0048,0.0027,-0.0054,-0.0017000000000000001,0.0002
2024-10-07,-0.022530743862777425,-0.015670826877243194,-0.02442242293783381,-0.03061493551686767,0.022414440538268465,-0.0013729854873989478,0.004326013575264742,-0.004741368135522062,-0.010421688051029165,-0.018334526480771718,-0.0097,-0.0019,0.003,0.0007000000000000001,0.0077,0.0002
2024-10-08,0.01840395887050028,0.012623843672193713,0.008589954005892242,0.010619458719785868,0.04047918397275185,-0.0008534238057966714,-0.026561494112592343,0.0010028902381917781,0.006223213291940866,0.000661494582069988,0.0087,-0.0075,-0.0111,-0.0032,0.0021,0.0002
2024-10-09,0.016698405684277162,0.006631242036297724,-0.015330231229445324,0.013408477078997505,-0.0018059417394399313,0.012668995297098418,0.0004097177832982357,0.006011817063966252,0.0066008446522183295,0.004627602820636678,0.0069,-0.004699999999999999,0.0018,0.0015,-0.0023,0.0002
2024-10-10,-0.0021782587309658874,-0.0038806385992958825,0.001359163096533722,0.007992632403596822,0.016283458285943464,-0.0027175909087139294,0.00860021652115428,-0.0008715739364000274,-0.0018905643797538785,-0.002127662280520637,-0.002,-0.0038,0.0009,0.0013,0.0016,0.0002
2024-10-11,-0.0065053760479252265,0.0011545108558834727,0.007157087999104972,0.011626110360002828,-7.422315930538659e-05,0.04439952406674208,0.0038168904586590724,0.005918787317928054,0.012666400209632389,0.011606178674308243,0.0075,0.0127,0.0076,-0.0098,0.0,0.0002
2024-10-14,0.016479811622202467,0.006773579940648533,0.010536736581491235,-0.006779016992029097,0.024258133260209425,-0.0036438968140785066,0.0038022455879895833,0.0008671017005947856,0.008299896071275903,-0.0004997294127032648,0.006999999999999999,-0.0011,-0.0031,-0.0011,0.0048,0.0002
2024-10-15,0.011024814930414406,-0.0009546037015282227,0.0030308972109653887,0.0007998782160802964,-0.04686026381316932,0.0041087394623646745,-0.030061232614904676,0.01547021690956285,0.006144531050891411,0.005869780479511588,-0.0072,0.0098,0.0051,-0.0027,-0.0044,0.0002
2024-10-16,-0.00885195122110094,-0.00625671505839509,-0.0018130617526622705,-0.004262363692000948,0.03130701794974766,0.005620927721325941,0.002575758937783501,0.001096769545495313,-0.006856058493799333,0.006505597417812314,0.0052,0.0104,0.0054,-0.0032,0.0066,0.0002
2024-10-17,0.0015963307295623341,0.0014418135770952745,-0.013502225902339404,0.0034244710350397334,0.008915261222733895,0.0034875695756173553,-0.0025691414487344355,0.0011567487731483084,-0.0005800782138636329,0.00034358406079260106,-0.0005,-0.0009,0.0016,0.0029,0.0008,0.0002
2024-10-18,0.012276603449848267,0.00345562350969586,0.003007359391707709,0.007785456851548744,0.007814450980013099,0.00423306906168297,-0.0028251632905721413,0.003951885962240498,4.0944069279680306e-05,-0.002253983678844329,0.0036,-0.0043,-0.0074,-0.0058,0.0015,0.0002
2024-10-21,0.006297830113760838,0.0014827440572922068,0.003977636548784691,0.0004233124965837831,0.041376678577173864,-0.010515906211823745,0.0005833888909523299,-0.013868508257435797,-0.01015894809084128,-0.0013769022109880735,-0.0029,-0.0137,-0.011899999999999999,-0.0017000000000000001,0.0044,0.0002
2024-10-22,-0.0026217704872381065,0.020846268981536964,0.006521556096443115,0.003332044214411578,-0.0008349857207115008,0.005022397474798268,0.005163100892632944,0.003807501146226855,0.0009438792710891875,-0.00583848550865429,-0.0011,-0.0026,0.0058,0.0011,-0.0031,0.0002
2024-10-23,-0.02162307090636173,-0.006806931231525759,-0.014290862495879186,-0.026304640562205495,-0.028066094328774494,-0.0031680162706957393,-0.003562543009542174,0.014744555096274592,-0.0007072183158222112,-0.0018204070500530412,-0.0097,-0.0002,0.0108,0.0026,-0.0009,0.0002
2024-10-24,-0.000823263518737738,0.00030620015896998254,-0.00036862014576588553,0.009041189476714617,0.006090622303142501,0.007027450829489412,-0.00565395019348458,-0.01320395401932728,0.00023574892107336431,-0.006165728985929375,0.0029,0.0008,-0.0029,-0.0001,-0.0033,0.0002
2024-10-25,0.0036431749261158775,0.008052117210589405,0.015671236157246193,0.007779788122410869,0.008047804988076557,-0.011867680775023093,-0.0008362230551198779,-0.017046266441133495,-0.008253609449783927,-0.008213686651124208,-0.0008,-0.0027,-0.008199999999999999,0.0007000000000000001,-0.0031,0.0002
2024-10-28,0.008599340087600549,-0.0036436461368256623,0.008773375826510721,0.002981406341556969,-0.007206245455966376,0.014349431449424799,-0.004937532016862312,0.004475385430193102,0.006420298105052291,0.00986758082946837,0.0038,0.0134,0.0064,-0.0059,-0.0009,0.0002
2024-10-29,0.0011569489982601322,0.012564823957591731,0.017754239365779023,0.012951868195294036,0.0051948527058047755,-0.0115299276696329,-0.013625030315738584,-0.00934426577543801,-0.012581364800851924,-0.0084407406914363,0.0015,-0.0023,-0.010700000000000001,-0.003,-0.0014000000000000002,0.0002
2024-10-30,-0.015277915141599041,0.0013427565996380064,0.028170889024827117,0.009956473710913016,-0.013522254962745506,0.006774259826150653,-0.005030643290623749,0.0032481680257880896,-0.006041613212822816,0.0007478693008278192,-0.0032,0.0017000000000000001,0.0074,0.004,-0.0012,0.0002
2024-10-31,-0.018209682872369015,-0.06052750099407056,-0.019202135694270206,-0.03284388507953562,-0.04722252844626118,-0.011095663984960424,0.0007712626854203819,-0.004669543219750438,-0.005898150242109157,-0.008879853400785565,-0.018000000000000002,-0.0001,0.0059,0.0040999999999999995,0.0019,0.0002
2024-11-01,-0.013279491146381606,0.009892885434835907,0.0010517553052487028,0.06185621865256041,0.019885618482113454,0.004596147120858429,-0.015670464353421898,0.001688990568434079,-0.00048425131557683354,0.0027055823302875037,0.004699999999999999,0.0031,-0.010700000000000001,-0.0037,0.0014000000000000002,0.0002
2024-11-04,-0.0040374973080130605,-0.00465444407060156,-0.011967922154277999,-0.01086239567545566,0.004800544733689183,-0.01417420030576877,0.03184001585122487,-0.011802898238175485,-0.0001212184568968322,-0.021785300536106056,-0.0027,0.0068000000000000005,-0.0055000000000000005,0.0017000000000000001,0.0036,0.0002
2024-11-05,0.0064861281977126595,0.007344718395667416,0.002954429424228522,0.0190009257528736,0.0283720332381463,0.007780516761147327,0.0029508253834489295,0.0006952159169633099,0.00411930855204834,0.006262834249375793,0.013000000000000001,0.0066,-0.0012,-0.004,-0.002,0.0002
2024-11-06,-0.003266991609935821,0.021192873045654093,0.03988444858290552,0.038045094425516846,0.040740519602484815,0.11544540462588992,0.017148566594761494,-0.002968228632436065,-0.028414640365707733,0.05356580341676742,0.0291,0.0268,0.0359,-0.0007000000000000001,-0.0102,0.0002
2024-11-07,0.021372095095781862,0.012494594905056555,0.02402130390668833,0.01429333510169939,0.02245721991492844,-0.043228340558866485,0.0012396506981640076,-0.007284071971503603,0.014653839416673753,-0.018703325075342114,0.0066,-0.0089,-0.027200000000000002,-0.0003,0.0026,0.0002
2024-11-08,-0.0011881400008508791,-0.006793067494859417,-0.0132779564448956,-0.008902691496347037,-0.008396456192963253,0.002538263993762113,-0.0003300747072668697,-0.008039330203461481,0.02631416252833385,0.007128417500467554,0.0043,0.0037,-0.005,-0.0034000000000000002,-0.0074,0.0002
2024-11-11,-0.012028533840612421,-0.010720906122759777,0.011213990094290027,-0.006436720074140534,-0.016053478500673513,0.009747511107756068,-0.005284618208650005,-0.0027658664091808616,-0.010017300274998142,0.008523729868233909,0.0032,0.011399999999999999,0.0086,-0.0087,-0.0074,0.0002
2024-11-12,0.0,0.012009338239765466,0.007041663116639674,0.010007771034946433,0.020859079090016497,0.0011284506670188321,-0.0009959486160736608,-0.015479845283619897,-0.0011443535405384342,-0.0022894061112993525,-0.0038,-0.013500000000000002,0.0013,0.0058,0.0048,0.0002
2024-11-13,0.003969151834468887,0.005129603837764396,-0.015086236070651182,0.024843245179395845,-0.013621602659836474,0.00667903020808569,0.009306161821790004,0.003930941549773692,0.00446227039885394,0.0038816992117027826,-0.0012,-0.0095,0.0018,0.0037,0.0016,0.0002
2024-11-14,0.01377044166210939,0.003974620520231564,-0.018448315287577843,-0.012237320417028852,0.0033497902785477596,0.0029439065394043507,0.0006638345381198008,-0.008940323078051815,0.0030015182998039958,-0.0008545052152721944,-0.0070999999999999995,-0.0067,0.0072,0.0070999999999999995,0.0018,0.0002
2024-11-15,-0.014109223679542482,-0.02785256769852429,-0.01759863042027221,-0.041942478231440816,-0.032570414367736666,0.01422262673094088,-0.010368101776561889,0.014025107105301249,0.014723404336872914,0.005516327784750086,-0.0138,-0.0037,0.0166,0.0017000000000000001,-0.0028000000000000004,0.0002
2024-11-18,0.013422237936325354,0.0018312956596067131,0.016290797034139937,-0.004491405455644082,-0.012889041141503799,-0.0011414718383584432,0.008381502147495778,0.005000081058085248,0.007137030494430263,0.004082702714804265,0.0040999999999999995,-0.0036,-0.0001,-0.0011,-0.0055000000000000005,0.0002
2024-11-19,0.0011402106585700622,0.004882655586042173,0.016086461575384625,0.014427385751800914,0.04894768615404099,-0.007917397119499459,-0.013963912097660236,-0.01143633094112917,5.86037089678193e-05,-0.007073330726650506,0.0049,0.0026,-0.0161,-0.009300000000000001,0.0058,0.0002
2024-11-20,0.003153956928306556,-0.005505131464563551,-0.012014367654712532,-0.00845508881471324,-0.007618540140591823,-0.009502705711394333,0.01424579316725616,0.0007190260071601173,0.0007612410094286481,-6.398238330018735e-05,0.0004,0.0005,-0.0011,0.0004,-0.0009,0.0002
2024-11-21,-0.0020959600569572245,-0.004316853253550468,-0.047448518685971997,-0.022180598835253806,0.005346568980776123,0.016529684465098615,0.01338111770695094,0.015609747784271821,0.01088423978493469,0.006889514491049464,0.006500000000000001,0.0091,0.0028000000000000004,-0.0038,0.006500000000000001,0.0002
2024-11-22,0.0059075002554076494,0.010003079011757787,-0.017120973109559956,-0.006351495788949668,-0.03218117501976492,0.015484560860999697,-0.001148176581512006,-0.0021222944604064597,0.02043425940789101,0.0095538910073929,0.0053,0.0139,0.0043,-0.0068000000000000005,-0.006500000000000001,0.0002
2024-11-25,0.013050889455906711,0.004292629755249022,0.017540821253267724,0.021966324768223133,-0.041775329437353514,0.007000588251600881,-0.01494378451155609,0.0039311021691077475,0.006296585555300105,0.0018045309993195424,0.0040999999999999995,0.0129,0.0022,0.0006,-0.004699999999999999,0.0002
2024-11-26,0.009404336783352285,0.021967942627596937,0.008767978214007988,0.03181932866326265,0.006616724131589313,-0.0012785018173616658,-0.016670785774451136,-0.00012924497361133103,0.010823605226912836,0.0023668493813706615,0.0042,-0.010700000000000001,-0.0068000000000000005,0.0054,-0.0034000000000000002,0.0002
2024-11-27,-0.0005530308384982252,-0.01168252250827373,0.0006505447858289326,-0.010199148999145757,-0.01153972164588113,-0.0007201371617581165,-0.002627850745135607,0.005695062803596995,0.0002788517095537735,0.009444978762811251,-0.0039000000000000003,0.0045000000000000005,0.0049,-0.006,0.0011,0.0002
2024-11-29,0.010215927635734534,0.001111225047903508,-0.0016545419546513118,0.010450052683389277,0.021501587457699367,-0.00028013917628078033,0.0025498149918423696,-0.00250972224321544,-0.0005574586811090132,-0.00012419798017193617,0.0054,-0.0005,-0.0064,-0.0005,0.0032,0.0002
2024-12-02,0.009522458812558199,0.017758477430231734,0.015034154311312165,0.01356490130596999,0.0027486397348592817,-0.013895581958259573,-0.0009325885210151874,-0.0013547097501889205,0.00245454356270014,-0.011780055837906978,0.0023,0.0018,-0.0066,0.0052,-0.004,0.0002
2024-12-03,0.012771927150549756,0.0005104604552867986,-0.0008747894340704887,0.012956175029913197,0.011757937336102975,-0.005807119983843312,-0.0015274224392055613,-0.015762458234966803,-0.023817650628424558,-0.014958172190546848,0.0004,-0.0078000000000000005,-0.0055000000000000005,0.0036,-0.0013,0.0002
2024-12-04,0.0014835563217761027,0.014424791631256095,0.017684101814093633,0.02211394849472459,0.03479254552041078,-0.005800179628960511,-0.028809330357602025,-0.012404556835909353,-0.0017670732581057669,-0.003977105228689992,0.006999999999999999,-0.0018,-0.012199999999999999,-0.0109,-0.0003,0.0002
2024-12-05,0.0001233938481810526,0.011887922802624518,-0.009921371723535466,0.010955259211262725,-0.0004822672696747077,0.008545665071946873,0.0043752412726034695,-0.006313685070351571,0.005253916596736907,0.004804407167773084,-0.0028000000000000004,-0.0095,0.004699999999999999,0.0053,-0.0011,0.0002
2024-12-06,-0.0008227981943086382,0.0021462522818695984,0.0119903090632687,0.029381072944344444,-0.01806142377460307,0.007658381947532211,-0.010541843576004073,-0.0014046650396462024,-0.012554575471659501,-0.00014877132653823288,0.0034999999999999996,0.0038,-0.0105,-0.010700000000000001,-0.0070999999999999995,0.0002
2024-12-09,0.01610122618836418,0.005523415684946631,0.004927988275062578,-0.004140432746599476,-0.02548468897311773,-0.014351488583858818,-0.005899487911605106,0.0019423716004083325,-0.017432062549209704,-0.014091402513947915,-0.0073,0.0044,0.0011,0.006999999999999999,-0.0004,0.0002
2024-12-10,0.00413354459702342,-0.006031131818890256,0.055881834257615504,-0.004644181824783544,-0.026943244223841867,-0.0038965459151830695,-0.0020372414715703613,-0.0024731914273663502,0.008724284032652463,-0.002974981993530079,-0.0036,0.001,0.0012,0.011399999999999999,-0.0070999999999999995,0.0002
2024-12-11,-0.005166038247081506,0.012767077271700789,0.05524651269966663,0.02319588240507109,0.03139111734268951,0.0027588011822299308,-0.006656606222848027,-0.0173557982542909,-0.009577417824738421,-0.002378377065804349,0.0087,-0.0019,-0.0058,-0.0007000000000000001,-0.0038,0.0002
2024-12-12,0.0059638038973828245,0.0012695090375001161,-0.017604807662172317,-0.0056023335225716675,-0.014141092453724302,-0.008212557000822351,-0.0008936008705328069,-0.002727752575090836,0.00128924999148472,-0.005981945161357749,-0.0062,-0.0078000000000000005,0.0043,0.0034999999999999996,0.0014000000000000002,0.0002
2024-12-13,0.0006856036498088525,-0.005093894683004807,-0.011148100518082682,-0.006594726378065796,-0.02249899356662388,-0.0065830719772496105,-0.0087641253490639,0.002598414640369029,0.0012292079756732743,-0.0015917209483811146,-0.0005,-0.0051,-0.003,0.0032,-0.0031,0.0002
2024-12-16,0.011727614638216588,0.009658575394887237,0.03603400731726891,0.024048121869595374,-0.016759717966416288,-0.0015002833407494753,-0.02138192015170659,-0.018892206759010044,0.00046760567176851175,-0.005896444038965165,0.0046,0.004,-0.0102,-0.011000000000000001,-0.0092,0.0002
2024-12-17,0.009719582728216603,0.006355324916474503,-0.00630534128925031,-0.00764177579215608,-0.012196871744684534,-0.005092229712593155,-0.004240887718302555,0.017796185901612027,-0.00473290266859705,0.0010105260165698127,-0.0049,-0.0054,-0.0058,0.0008,-0.0006,0.0002
2024-12-18,-0.02142189431858188,-0.03756110741119012,-0.03592269245009194,-0.045987410359975445,-0.01135051805364784,-0.03352077645834395,-0.01472092400140157,-0.011338070917075393,-0.007338639096176047,-0.019905208381959527,-0.0317,-0.0127,0.0007000000000000001,0.0106,0.0076,0.0002
2024-12-19,0.007014897564489475,-0.0008229740109263473,0.0005839542123848851,0.012561168873593154,0.013730238912613046,0.011242764046698106,-0.008551079148144458,-0.008082906587686955,0.0006506291150800703,0.006157773399651623,-0.0012,-0.0025,0.0001,0.0027,0.0017000000000000001,0.0002
2024-12-20,0.018815742638193633,-0.000983922400739523,0.015383847538161799,0.00729994595290151,0.030762195775114964,0.019917652583063994,0.0034122033047054856,0.006198662578369429,-0.006679019730361779,0.008590412383940205,0.010700000000000001,-0.0026,0.0007000000000000001,-0.012,0.0064,0.0002
2024-12-23,0.0030649662938257993,-0.003092002212267908,0.016822482214607692,0.0006224408269079884,0.036897077815766455,0.003324828545757219,0.004061469748318336,0.0055375598348343935,0.0002974228717806948,0.0025374974967102837,0.0060999999999999995,-0.0085,-0.002,0.0029,0.0066,0.0002
2024-12-24,0.011477981249026215,0.009373796076078689,0.007604147452972887,0.017728630305015702,0.00393776340296359,0.01644369756812214,0.0009408448720158447,0.003992558253314682,0.004937351672068102,0.009486073513140347,0.0111,-0.0012,-0.0005,-0.0011,-0.0036,0.0002
2024-12-26,0.0031758125846752527,-0.0027769530781265317,-0.002600398989768604,-0.00873171784917226,-0.002068300053090444,0.003425333839775613,0.0008457066492122411,-0.0018512854042721516,0.00722151465488885,0.0009156737164848217,0.0001,0.0106,-0.0018,-0.0042,0.0034999999999999996,0.0002
2024-12-27,-0.01324222540164166,-0.017301505498685033,-0.014519645412398141,-0.014534256804240364,-0.020867560753294656,-0.008102303286346868,-9.379540373732898e-05,-0.003640508960011668,-0.0037023888683509476,-0.005598102469744792,-0.011699999999999999,-0.0044,0.0055000000000000005,0.0039000000000000003,0.0003,0.0002
2024-12-30,-0.013263287415986702,-0.013239494208651004,-0.007885338050267476,-0.010949707031249978,0.003503365184645446,-0.00767087745297379,-0.006761934254771451,-0.011789289866557917,-0.014392858620179694,-0.00952882962138979,-0.0109,0.0025,0.0074,0.0054,0.0015,0.0002
2024-12-31,-0.007057974359225949,-0.00783846282352152,-0.010144323747731998,-0.008630834323407832,-0.023274378132980278,0.0016295669127790458,0.017114289770553626,0.008930145016619262,0.0033515860529635955,0.0024769884733644165,-0.0046,0.0032,0.0070999999999999995,0.0033,0.0002,0.0002
2025-01-02,-0.026235840484950756,-0.006927630944431162,0.0006867433003001633,0.003783225458606987,0.029935125580407673,0.001209803502358442,-0.0024170461380101926,-0.00414894435104507,-0.009961197494353868,-0.004809373194608391,-0.0016,-0.0002,-0.0029,-0.0064,0.0062,0.0002
2025-01-03,-0.002009477482910471,0.011395623941453437,0.012458389189149877,0.018027432561515733,0.0445378423606535,0.01366661991594098,0.005125341554730989,0.0011803818516984421,-0.005121094249259106,0.005453317272874569,0.0134,0.0029,-0.0092,-0.0126,0.0037,0.0002
2025-01-06,0.006738944345732412,0.010629617869421404,0.026487284894845198,0.015254909370185477,0.03433227791132332,-0.0048755125537173205,-0.0011125201187516254,-0.0036757144199620617,-0.027432957769830568,-0.0047402634889701645,0.0055000000000000005,-0.0062,-0.0032,-0.004,0.0055000000000000005,0.0002
2025-01-07,-0.011387687243132882,-0.012808301739989925,-0.007009705548240541,-0.02416414035082548,-0.062169580578878336,0.009632605081599577,0.009374358332271182,0.017889352889194354,0.004358633565735293,0.003345095929143893,-0.0118,0.0013,0.008199999999999999,0.0021,-0.0106,0.0002
2025-01-08,0.002023020207167825,0.005184929468449173,-0.007877599489670706,9.006470850470016e-05,-0.00021396753894098453,-0.00016447927761531478,-0.01673559086992582,-0.027080393011325365,0.004959692264231874,-0.002384564730690708,0.001,-0.005699999999999999,-0.0009,0.0077,0.0,0.0002
2025-01-10,-0.02410386883863913,-0.013213539706384392,-0.009847949664065436,-0.014360970473526025,-0.029976388651702934,-0.013408559631929995,-0.003647269041379131,-0.0014762458519894661,-0.021838428127022302,-0.020316910300513413,-0.0155,-0.008100000000000001,-0.0018,0.0116,-0.0051,0.0002
2025-01-13,-0.010344139737610392,-0.00420094500585777,-0.005363530248131854,-0.0021923619356289947,-0.019718982076876057,0.01809328827626011,0.025811920646954256,0.016964695661289664,0.0017659450784921482,0.0028238376850378,0.0012,-0.0019,0.011899999999999999,0.0076,-0.0025,0.0002
2025-01-14,-0.0047780595596566,-0.0036434282768329496,-0.007067504937329772,-0.003204303696411115,-0.01103358107322927,0.013349003051217334,0.003934448787755507,0.001938096170847059,0.005666080164758114,0.013786567247188852,0.0017000000000000001,0.0078000000000000005,0.0167,0.0042,-0.0031,0.0002
2025-01-15,0.01967586042276337,0.02559711086050176,0.0310555990350756,0.025670516796895804,0.034001357792485365,0.019719707706815193,0.016314240050120388,0.0015200571373692462,-0.0005633855895768036,0.018843212695442757,0.0191,0.0027,0.0014000000000000002,-0.0058,-0.0027,0.0002
2025-01-16,-0.0404002575995851,-0.004058097140768324,-0.01350042297233467,-0.012043887924316987,-0.019598003266801722,0.007608423081703508,-0.0017038383283239922,0.019314334085778873,0.005324242144659319,0.00937817648772099,-0.0019,0.0016,0.0018,-0.0039000000000000003,-0.0027,0.0002
2025-01-17,0.007535348860102653,0.010480998844917266,0.01601770418449533,0.023928209424767255,0.030995144899922833,0.01923160038723748,0.008983157793117424,-0.005007746647012423,0.003925223930488997,0.011106101155013981,0.0096,-0.0058,0.0012,-0.0016,0.0009,0.0002
2025-01-21,-0.03191585056317492,-0.0012353317425669585,0.01045935181572144,0.021111818274402117,0.022656284022364526,0.014932798675082903,-0.0075677669086130495,0.007617185823144634,0.003661466613672504,0.0013249174078731052,0.0096,0.0097,-0.0101,-0.009000000000000001,0.0033,0.0002
2025-01-22,0.005344954452325856,0.041306968846168246,0.0016156643807536675,0.018638063663626525,0.04430880623931399,-0.0007225256023491999,-0.017403786239461594,-0.019439579854763744,0.018674370837540533,-0.017201266475890264,0.0054,-0.0098,-0.0121,0.0005,0.0037,0.0002
2025-01-23,-0.0007595152094276303,0.0011428657009036058,-0.001965953391840247,0.0017446222360446573,0.0010198424050138488,0.011832613904139366,0.005660614324012769,0.009430656221353528,0.008558939250161934,-0.001476674076434259,0.0048,-0.0002,-0.0027,-0.0043,0.0029,0.0002
2025-01-24,-0.003934463134585453,-0.005932266777477713,0.011263723719211916,-0.002421170970448472,-0.03124569393458665,-0.004173934469122398,-0.013527038328720487,0.0012276139699984867,-0.00619462622318212,0.007307082981228286,-0.0027,0.0006,0.0068000000000000005,0.0005,-0.006,0.0002
2025-01-27,0.03178023529759155,-0.02139341187670274,-0.041955931897524446,0.0024270472668348475,-0.1696817602810443,0.0038137577374568465,0.013896521232741321,0.04134302553497249,0.033755773393819855,0.02484943479988222,-0.0149,0.003,0.0245,-0.0014000000000000002,-0.0173,0.0002
2025-01-28,0.03654390239678551,0.029086782212824014,0.018195005229608707,0.011596277923593856,0.0892586535974631,0.004852399575814292,-0.019333712191671126,-0.016417031456492537,-0.020452680185229166,-0.009964210795649242,0.0092,-0.0053,-0.016399999999999998,-0.0058,0.0049,0.0002
2025-01-29,0.004616855978554657,-0.010889987144788504,0.00056332290096206,-0.004534900692607424,-0.04101104578952508,-0.0020964446953393168,0.005831130432795595,0.005120381944429653,0.00024063192068135564,-0.0015107165419792068,-0.0042,0.0023,0.0052,0.0040999999999999995,-0.0052,0.0002
2025-01-30,-0.007394720284140899,-0.06180903204598032,0.027941202344014204,-0.010250170242948609,0.007680011002186626,0.006189548691961644,0.008282042018712188,0.011379473182287159,0.007098609217881746,0.006584827757715628,0.0058,0.0034999999999999996,-0.0001,-0.0029,0.0008,0.0002
2025-01-31,-0.006692233588269425,0.0001687079231964539,0.015681874828938458,0.012955989149507907,-0.036742966336713145,-0.0034670984362420443,-0.02500689581843163,-0.004710023284099085,-0.008482034220532286,-0.007790817462114741,-0.0053,-0.0038,-0.0018,-0.0039000000000000003,-0.0069,0.0002
2025-02-03,-0.03385599695318753,-0.009974449868656587,-0.013675315138749422,-0.0010938846972727845,-0.028400026731595474,-0.0018331000247032714,0.0024337888373633376,-0.0018403729559273163,0.016687551991612537,-0.008662871444404696,-0.008199999999999999,-0.0069,-0.0025,-0.0022,-0.0040999999999999995,0.0002
2025-02-04,0.02100800373274292,0.0035285673769502868,0.025592608140917683,0.019543422733693472,0.017057972360092988,0.004235080433647953,0.02679987333979783,0.010667203677768411,-0.003732920640994508,0.006198758041399577,0.0077,0.0079,-0.0013,-0.0032,-0.0033,0.0002
2025-02-05,-0.0014175874460061744,0.00223107041263626,-0.07292362407565389,-0.024332807771026643,0.052085974579693994,0.009292999515446931,-0.0007275645108177908,0.00781815654947593,0.005233952905592476,0.013347923768003422,0.0039000000000000003,0.0049,0.003,-0.0038,0.0129,0.0002
2025-02-06,0.0032261649601210696,0.006121523499999837,0.0014111366930276148,0.011263088803542765,0.03084222518753532,0.023924935942238212,-0.01319615751859371,-0.0076282842222531455,-0.0007690754823858059,0.00736704484292372,0.0029,-0.0055000000000000005,0.0058,0.0033,0.0034999999999999996,0.0002
2025-02-07,-0.02396866625992322,-0.014597625601705633,-0.03267227559609431,-0.04053095448794508,0.00901430547368709,-0.00397253936598807,0.004242452562600363,-0.002540517967135947,-0.005388519969514838,-0.009387726781921346,-0.0098,-0.0039000000000000003,0.0001,-0.006,0.0015,0.0002
2025-02-10,0.0011873348340274426,0.006028008035431354,0.006096939886710118,0.017412199866636335,0.028727677495729687,-0.017258824681575247,0.019101743485602007,0.00731464832052886,-0.0026196588957982936,-0.005436343147882328,0.0066,-0.001,-0.0109,-0.0009,0.0028000000000000004,0.0002
2025-02-11,0.02183170752005026,-0.001892049033565213,-0.006167160115201131,-0.0016299428832775575,-0.00576463674255534,0.014573468980057847,0.006308029021208528,0.01225346099668867,0.01134130100669295,0.005189552404756048,-0.0014000000000000002,-0.0044,0.0126,0.0149,0.0018,0.0002
2025-02-12,0.01827018699047267,-0.005833158946381478,-0.009227229088249134,-0.01645472556041927,-0.012500102240783906,0.0016729817506517808,-0.030086744586492076,-0.005572167531823324,0.0008854190538949425,-0.0018619461977296137,-0.0031,-0.0066,-0.0060999999999999995,-0.009399999999999999,0.0004,0.0002
2025-02-13,0.01967325127195485,0.0036671624792363744,0.013779072080804866,0.006290143220533118,0.03164542342716081,0.0031584135969318083,0.007266016906787742,0.012817115257295786,0.008491452477735528,0.018569900248090798,0.011000000000000001,0.0021,-0.0011,-0.0033,0.0037,0.0002
2025-02-14,0.012710663421930057,-0.005139609788453958,-0.004888812699600065,-0.007336035409240549,0.02631409326394407,0.0009770405707392182,0.0010171503048492792,-0.006995214789807247,-0.04753820444705148,-0.0018730752248249383,0.0002,-0.0018,0.0048,-0.0013,0.0075,0.0002
2025-02-18,-0.0005315052098243678,0.0029625781633650927,-0.007881989980609738,-0.008877028355405714,0.003961018727740573,0.012147995963779579,0.01755376058504221,0.0005163566667671926,0.015593253787014705,0.006734942369507779,0.0025,-0.0006,0.0023,-0.0049,0.0017000000000000001,0.0002
2025-02-19,0.0016362461780887738,0.012523197259860952,0.008162427726547072,-8.819331220011328e-05,-0.0012193946859370142,-0.0025004475915754165,0.0014526497389797388,0.018710979373677716,0.006407628936806464,0.0019675690216689468,0.0009,-0.006,-0.0008,0.004699999999999999,0.0018,0.0002
2025-02-20,0.003920387708908235,0.00529052657253648,-0.0038324060287596717,-0.016546793977871843,0.0063204423969047685,-0.044583886577823306,0.015412377707433755,0.01133710262888532,0.004324621197783873,-0.004072185677990614,-0.0060999999999999995,-0.0053,-0.0017000000000000001,0.005600000000000001,0.0044,0.0002
2025-02-21,-0.0011390670392069646,-0.019032489106129424,-0.02654958366688165,-0.028266344731418536,-0.04053969357658638,-0.009594935625787504,-0.011696232106570559,0.016407752590878122,0.01806102403888743,-0.006351178157166459,-0.019,-0.0086,0.0072,0.0059,0.0007000000000000001,0.0002
2025-02-24,0.006312559444211052,-0.010313347939365003,-0.002282090785745594,-0.017868663239768212,-0.030870943582435584,-0.010974900709030844,0.005239690047074141,0.008872486754658127,0.001821035918905256,0.04110795754439622,-0.005699999999999999,-0.0051,0.0118,0.0078000000000000005,-0.0009,0.0002
2025-02-25,-0.00024299545863792904,-0.015098968112987832,-0.021366784769746072,0.000423094048469963,-0.028016612475044833,-0.015076241173897609,-0.01384019559086902,0.014351925087996875,0.012372479258517144,0.0028088637269123584,-0.0058,0.0015,0.0067,0.0149,-0.0015,0.0002
2025-02-26,-0.02704007944794118,0.004599326582605423,-0.015334611399897669,0.007283848822975836,0.03672117552994458,0.005400283641020298,-0.00246046964705382,-0.018122770957296308,-0.007819228557102376,-0.011444122157744485,0.0002,-0.001,-0.0031,-0.0097,0.0053,0.0002
2025-02-27,-0.01273095312021244,-0.01801229934925419,-0.0244892029308742,-0.02617215045770671,-0.0847806362189426,0.001004585700437044,0.006303579070592091,0.003985824249111314,0.0039113017138734385,0.016818452653191818,-0.0165,-0.0022,0.021400000000000002,0.0028000000000000004,-0.0098,0.0002
2025-02-28,0.0191319293439407,0.011362222298084035,0.010563854645571968,0.016958863624485065,0.03970029107596251,0.02161751861816552,0.010712610800961198,0.007878812405881286,0.010873960699760765,0.022730465843619596,0.0159,-0.008100000000000001,0.0013,-0.004699999999999999,0.0034999999999999996,0.0002
2025-03-03,-0.0157541703177122,-0.021411252087476185,-0.019203643511253032,-0.034200087377916355,-0.08693561169180586,-0.015227722567590307,-0.032066769604912615,0.01369536407555283,0.010066678505976645,-0.007298192773588785,-0.0192,-0.009300000000000001,0.0104,0.0043,-0.0087,0.0002
2025-03-04,-0.008822464043871547,0.00030892519623137993,0.023411906352007072,-0.005950644792114046,0.01692096058424153,-0.0397896737595429,-0.0020415824757541445,-0.011119090140478294,-0.013725176905009073,-0.027877983051759037,-0.0127,0.0034999999999999996,-0.0209,-0.0022,0.0024,0.0002
2025-03-05,-0.0008053418580530325,0.03193428750377092,0.012286489656613497,0.022374865016246748,0.011294101416027935,0.00511480447341528,-0.019527585215360577,-0.0018135513926446079,0.008257413105434042,0.005324113109400619,0.0116,0.0015,-0.008199999999999999,-0.0070999999999999995,-0.0023,0.0002
2025-03-06,-0.0017391716619414854,-0.010298538983949501,-0.0038723924577898083,-0.03676331176651382,-0.05737427874985679,-0.01983868977665615,0.020675207436907428,0.004299949665916181,0.0002863536274086975,-0.0013239792620047819,-0.0192,0.0040999999999999995,0.009000000000000001,0.0154,-0.0013,0.0002
2025-03-07,0.015892623751117663,-0.009020261865320123,0.008761158274263492,-0.007224698407026442,0.0191734341788814,-0.01727906740646723,0.013008836991679429,0.005186120777261438,0.007385662855998065,-0.004459266505370096,0.004699999999999999,-0.0008,-0.0036,0.005600000000000001,0.0072,0.0002
2025-03-10,-0.04847952849466852,-0.03343422477658964,-0.04485785343484816,-0.02363867861413893,-0.05066999420920171,-0.04152206450390439,0.02549989401022046,0.006058992848994249,0.001761835478030438,0.002986180946913164,-0.028999999999999998,-0.0019,0.0064,0.0158,0.003,0.0002
2025-03-11,-0.02918945637691428,0.0007628805224979551,-0.011032701041233772,0.010537694677220655,0.01663856260505958,-0.013263451766133527,-0.0236136224486877,-0.010971762683926523,-0.01781461414640184,-0.0017099297788755186,-0.0063,0.008,-0.0011,-0.0118,-0.0044,0.0002
2025-03-12,-0.017478751772568413,0.007412308632968934,0.018714958284517635,0.011699491808345508,0.06427589891338026,-0.005411467040687068,-0.0002748537330550249,-0.018147898062569445,-0.027437549718195342,-0.000624680218828666,0.0051,-0.0042,-0.0028000000000000004,-0.0141,0.0052,0.0002
2025-03-13,-0.03364364333837988,-0.011741143812940225,-0.026030801195850883,-0.025139524437347016,-0.0013823583503980164,-0.011891151991178628,-0.004215167348188942,0.0008595178017525296,0.0013067650278451026,0.016756054195437686,-0.0149,-0.006500000000000001,0.0139,0.0008,0.006999999999999999,0.0002
2025-03-14,0.01817056502603709,0.025846859900428232,0.01677324336363073,0.02093969555611075,0.05269074387442485,0.032194948603208706,0.029723126915984333,-0.0011043536919550512,-0.003677594959936359,0.020525484553173046,0.022099999999999998,0.0021,0.0011,-0.0072,0.001,0.0002
2025-03-17,0.002388939998845041,0.00036036101896597117,-0.007251160432086623,-0.01116439246854839,-0.017588592186548513,0.006410224758962135,0.016621876970997818,0.00018411639271675995,0.010656652257642785,0.0163428577121707,0.0072,0.0032,0.0015,-0.0055000000000000005,0.0004,0.0002
2025-03-18,-0.0061213996530159465,-0.013326568771155678,-0.02203424056484582,-0.014917738259935254,-0.03430099162866984,0.004445780530868637,-0.001054818434649718,0.00865898381008523,-0.012076015821255837,0.0002485705443204811,-0.0113,0.001,0.0101,0.0037,-0.0017000000000000001,0.0002
2025-03-19,0.011989193023091538,0.011211970469916954,0.020041155373270447,0.014106347155876442,0.018106121552142307,0.017619302546524773,0.0155755988313111,-0.007671269788847579,0.005128073259599075,0.004071577060003495,0.012,0.0045000000000000005,-0.0038,-0.0002,-0.0043,0.0002
2025-03-20,-0.005296461695394106,-0.0025269423082511233,-0.006650782516259279,-0.003017266841301769,0.008594237059945442,-0.00041824593794825837,0.004245630309289705,0.00018410757717934878,-0.006050848233650985,0.006587013933495811,-0.0024,-0.0040999999999999995,0.0024,-0.0013,0.0019,0.0002
2025-03-21,0.019476917327059695,0.011425828055866116,0.007309480864040596,0.006463245885351521,-0.007002377252711467,0.01096189192307473,-0.003451278105110145,0.003741859260933955,-0.005132969106922847,-0.012898847381743739,0.0008,-0.0045000000000000005,-0.0070999999999999995,-0.0007000000000000001,-0.003,0.0002
2025-03-24,0.01127044431081825,0.004651655359891205,0.02250131183565096,0.03593082692897376,0.03152095755462003,0.026611029276322418,0.002597457625065136,-0.002077907030589521,-0.006239000339387402,0.007549199371814197,0.019299999999999998,0.005600000000000001,-0.0039000000000000003,-0.0055000000000000005,-0.0040999999999999995,0.0002
2025-03-25,0.013681817138509134,0.005291652796317381,0.017175532039391594,0.012053587883713357,-0.00593041663797611,0.012376008736707078,0.006822060185939671,-0.013901620985312335,-0.01690308272241936,0.0057431200370121616,0.0012,-0.0089,0.0005,0.0016,-0.0068000000000000005,0.0002
2025-03-26,-0.0099217526398655,-0.013133946359698223,-0.03224658830060312,-0.022264360904062586,-0.057419838731602835,-0.00039816453661156714,0.014409417582164297,0.0043474164621184475,0.022904490097769514,0.008206226285359719,-0.012199999999999999,0.0009,0.015,0.0111,-0.0013,0.0002
2025-03-27,0.010472687848272377,0.0015640997036563409,-0.017084720411329912,0.0011435177345771042,-0.02048168250618676,-0.011592330551083774,-0.003212951765561578,0.00871865552327078,0.01278658719025616,0.002456813459258189,-0.0042,0.0023,0.003,0.0029,-0.0014000000000000002,0.0002
2025-03-28,-0.026580404734991903,-0.030160179933255482,-0.04875488687047802,-0.04290822091507418,-0.0157946412465374,-0.0212396626452096,-0.0013571537972427716,0.0035554837766780256,-0.004030488718215874,-0.015359615491775336,-0.0207,-0.0032,0.0039000000000000003,0.0036,0.0074,0.0002
2025-03-31,0.019412673687782434,-0.009002080694970216,0.002008496299942264,-0.012764667384211892,-0.011762662023505066,0.010088536400891357,0.010192757941696495,0.013010855629166151,0.014223557201929582,0.011913168209486624,0.0039000000000000003,-0.0085,0.0036,0.0118,-0.0011,0.0002
2025-04-01,0.004771946266791671,0.018114492819780725,0.015714059962997684,0.010038913682617334,0.016331510142628902,-0.006685670061961302,0.0009249177383972018,-0.07591660420144786,0.0008214472337109147,0.000769786945389761,0.004,-0.0043,0.0004,0.0067,-0.0038,0.0002
2025-04-02,0.0031362890740354032,-0.00013071270252795752,-0.00019120662310856407,0.01998228846583383,0.00245110463235787,0.008864857652152613,-0.00310826705932854,0.013768262554620714,-0.006214810768295553,0.008874426453431283,0.008100000000000001,0.008199999999999999,-0.0012,-0.006,-0.0040999999999999995,0.0002
2025-04-03,-0.09245604363993343,-0.0236302580160066,-0.04024424459525655,-0.08979129298487254,-0.07806540629724767,-0.06968516811463821,-0.05258265763864123,0.028707637473315728,0.017050163195505563,-0.014059357975319875,-0.0513,-0.0163,-0.005,0.0004,-0.0058,0.0002
2025-04-04,-0.07288745718124923,-0.03556583343056763,-0.033970213380583925,-0.041533565999713695,-0.07357573294093378,-0.0748383832377113,-0.07195602164010018,-0.04117145935596278,-0.05011897968252765,-0.06907342397504257,-0.0592,0.019799999999999998,-0.0026,0.0128,-0.0018,0.0002
2025-04-07,-0.03673436156424825,-0.005502459366292234,0.007898253080615536,0.024912248577988017,0.03530902401108693,0.019783186736028302,-0.013417626350432421,-0.0170971982516952,-0.02149610019663739,-0.006402730492763631,-0.0023,-0.0073,-0.0022,-0.006500000000000001,0.0018,0.0002
2025-04-08,-0.04981808395186815,-0.009221592854781857,-0.013969471502257247,-0.026246667744515673,-0.013723833639819327,0.011331779369826434,-0.021080147222183432,-0.0041164273372115145,-0.011483481018761843,0.004608690695219186,-0.0167,-0.011899999999999999,0.0095,0.0016,-0.003,0.0002
2025-04-09,0.15328841455161957,0.10133700634027365,0.09682100552816086,0.11977031526306248,0.1872274776475975,0.08055519330102112,0.04991567006784958,0.0064668457511503075,0.02481225609568627,0.058399556756721926,0.0965,-0.0067,-0.03,-0.0066,0.005600000000000001,0.0002
2025-04-10,-0.042393755423320245,-0.02340661041086778,-0.037111751969464146,-0.05170070417193329,-0.059127100272181154,-0.03085262909005604,-0.05548218252133896,-0.015102324017620794,0.0076391055932820695,-0.010740062281826002,-0.0354,-0.0072,-0.0014000000000000002,0.0063,-0.0053,0.0002
2025-04-11,0.040594526712567136,0.018618202368455794,0.02826868700366103,0.020141230945248445,0.031235541487748764,0.04002466138414196,0.03212253654920394,0.020445131016366247,0.020481769577878728,0.01609117278116723,0.0176,-0.0037,-0.0096,-0.0007000000000000001,0.0002,0.0002
2025-04-14,0.02205403401817052,-0.0016475585484189148,0.0122820164278592,-0.014875318183769082,-0.001983280703721224,-0.006265860053064953,0.002423928353317395,0.01733337275506397,0.01330075186536206,0.010322326097371715,0.0079,0.0017000000000000001,0.0036,-0.0064,0.0009,0.0002
2025-04-15,-0.001876324508394367,-0.005363481416703619,-0.01735085030548622,-0.013891933050343641,0.013458516431473333,-0.006774030663413089,-0.0028047846234937612,-0.004793985059386663,-0.003902490062650976,-0.0025495478382269177,-0.0014000000000000002,0.0012,0.0045000000000000005,-0.0087,0.0038,0.0002
2025-04-16,-0.038933384088544964,-0.03660602043793515,-0.01906484448091672,-0.029288905919567454,-0.06871651463810469,-0.015098866742150663,0.0105721902873257,0.001887846345508093,-0.012346350720391142,-0.022189770495001038,-0.0222,0.011200000000000002,0.0129,0.0006,-0.0068000000000000005,0.0002
2025-04-17,0.01394958956756942,-0.010306566470814849,-0.01415237148332893,-0.009866352335440198,-0.028711039193234034,0.010234810974314223,0.026201939478466274,0.023130356757362414,0.025482349493644918,0.003407899552763327,0.0022,0.0058,0.0075,0.0052,-0.0028000000000000004,0.0002
2025-04-21,-0.019392823197157627,-0.023546494495861214,-0.023088027039463332,-0.030647084568839134,-0.04512740643025048,-0.01280389910226798,-0.01468366752739969,-0.003492718302443909,-0.022544975003136014,-0.021786549982079628,-0.024,0.0019,0.0067,-0.0014000000000000002,0.0013,0.0002
2025-04-22,0.03406496561472405,0.021441297156091554,0.025732970443648417,0.03502262189247651,0.020431191686657746,0.02882212978822407,0.028001944978011117,0.005289261240955412,0.012850778723757506,0.02736124878128665,0.0256,0.0014000000000000002,0.0025,-0.0026,-0.0025,0.0002
2025-04-23,0.024331640448394865,0.020636855780046925,0.025615828861417445,0.042845673527805994,0.03862882057633854,0.022454356963574673,-0.008587312801144109,-0.01502370553585386,-0.012806899177733588,0.011559399729719644,0.0175,-0.0014000000000000002,-0.006500000000000001,-0.0109,0.0004,0.0002
2025-04-24,0.01842617254869472,0.0344825538683724,0.025297463237184292,0.03289029336584037,0.03621838533588795,0.015609400046485034,0.0117350414472992,-0.0028960519650906846,-0.037410067136829595,0.009168423363693945,0.021400000000000002,-0.0001,-0.009000000000000001,-0.011899999999999999,0.0007000000000000001,0.0002
2025-04-25,0.0043672179481435425,0.011748042378253665,0.016825936283490828,0.013133978209558528,0.043033154606440194,-0.0044555749009299594,-0.0005523158619550328,-0.002259152175385526,0.00933975275078236,-0.001279047206841466,0.0064,-0.004699999999999999,-0.0113,0.0001,-0.0015,0.0002
2025-04-28,0.004109296910126625,-0.001760832365402143,-0.008335612995684527,-0.006825802991833552,-0.020538662054564893,-0.0013549473928955447,0.000552621083345084,0.004981183403821587,0.005154728785717211,-3.770440413874976e-05,0.0008,0.0032,0.0013,-0.0003,-0.0017000000000000001,0.0002
2025-04-29,0.005091928464892703,0.007362727833158722,-0.0028017340740861263,-0.0016515586767922308,0.0026669979457087933,0.005756076400934784,-0.002485458185132572,0.0036048714744136845,0.002533220611123266,0.006836939891740501,0.0058,-0.0006,-0.0003,-0.0032,-0.0013,0.0002
2025-04-30,0.006107765357894035,0.0030961236982633977,-0.008491514850602844,-0.015849304820837684,-0.0009172469793781168,0.0,-0.02519376269569429,0.0025654269272221697,0.001910636258540821,-0.0024692880373630155,0.0003,-0.0086,-0.006,-0.0003,0.0009,0.0002
2025-05-01,0.0038588230398270973,0.07625367141607309,0.015743018211665127,0.031341496782804956,0.02469704604798939,0.009279747251048631,0.001419891824470998,-0.01183524544877046,-0.015931750226858443,-0.005663421530707868,0.0059,0.0025,-0.0031,0.008199999999999999,-0.0034000000000000002,0.0002
2025-05-02,-0.03736178700938586,0.023225168022485976,0.016925065987085208,-0.0011566836184702112,0.025893862759724495,0.02276312495905941,0.004065099344862322,0.010746896862651623,0.0033754243994399413,0.018048785766052733,0.015600000000000001,0.0072,0.003,-0.002,0.0002,0.0002
2025-05-05,-0.03145852416663597,0.00204465106513374,0.0010973459201462088,-0.01910722026349243,-0.005939014529867448,0.00019795792079202457,-0.027680948641193526,-0.007173981073134272,-0.010528172170984784,-0.05122260838121939,-0.0066,-0.0015,-0.005,0.003,0.0008,0.0002
2025-05-06,-0.0019105699497783402,-0.006557069525295778,-0.0059681493928827045,-0.007190832051464091,-0.002459901277359844,-0.013105759571480857,0.01394396874975068,-0.003419311449630924,0.002644316218678666,0.00035144521566143894,-0.008100000000000001,-0.0034000000000000002,0.0060999999999999995,0.0138,0.002,0.0002
2025-05-07,-0.011384822083056023,9.234744643626946e-05,-0.07259675182373093,0.019998985551532122,0.031002233220849273,0.0005616446188188018,-0.0009549879543981898,0.01832078992192354,0.00025105249887102943,0.011496405474614946,0.004,-0.0034999999999999996,-0.0007000000000000001,-0.0036,0.005699999999999999,0.0002
2025-05-08,0.006318404332816829,0.011122778557876911,0.019157085406473984,0.01785806262143419,0.002648207663911606,0.016360065805669288,0.013956687181778893,-0.010425990463047485,-0.004017718189837649,-0.009590465408698345,0.0074,0.0143,-0.0006,-0.009399999999999999,0.0006,0.0002
2025-05-09,0.00526602891278416,0.0012778194737179671,-0.009917152855679179,0.0051020185245573835,-0.006134418005449338,-0.0015387044269007388,0.01169024253568618,-0.009250859604864825,-0.006240238412993704,0.0009546814113492452,-0.0009,-0.0015,0.005600000000000001,0.0040999999999999995,-0.0034000000000000002,0.0002
2025-05-12,0.0631462844134354,0.024001131074520066,0.037381599876029625,0.08070031092964336,0.05443631657205805,0.02754067720521225,0.017239852972671388,-0.0005187696555829513,0.020550567013887466,0.0010900408168308395,0.0336,0.003,-0.013999999999999999,0.0022,0.0014000000000000002,0.0002
2025-05-13,0.01015225029473621,-0.00026700038163529616,0.006752333803851096,0.01308471882441209,0.05634146493131764,0.011382576735127214,0.002748317564772451,-0.03697938889980723,-0.013486616490094638,-0.004705391731664621,0.0079,-0.003,-0.0012,-0.0025,0.005600000000000001,0.0002
2025-05-14,-0.002817721887227731,0.008460569906925786,0.03660761279898006,-0.005298742220089303,0.04163770392828914,0.009999657794188765,-0.00895311903921081,-0.01401246432809855,-0.004472972560972566,-0.016566404050631922,0.0008,-0.008199999999999999,-0.0088,0.001,0.0026,0.0002
2025-05-15,-0.004144543359707931,0.0022560062288812244,-0.008526300380861551,-0.024161720956264898,-0.0037681429050507864,0.006964116494483363,0.010140529240313612,0.022205475434281752,0.027781191677362038,0.007806898536811158,0.003,0.0015,0.0043,0.0031,0.0068000000000000005,0.0002
2025-05-16,-0.0008985613302188167,0.0025159112290265018,0.013600798213202259,0.002047074000553817,0.004227483327359893,0.00026158555898159186,-0.0035918027792322116,0.011496645994848453,0.005356876636716468,0.0137583252933422,0.0074,0.0003,-0.0043,-0.0049,-0.0002,0.0002
2025-05-19,-0.011738977897661429,0.010126042965939552,0.002105929091193115,0.0027725440652370814,0.00125552859640643,-0.010016375482095552,-0.01589795963953966,0.0076654471938595314,0.009125444128677662,-0.003733123834400165,0.0001,-0.0049,-0.0003,0.0016,0.0,0.0002
2025-05-20,-0.009196363079831738,-0.0015254141779564856,-0.015371656997148597,-0.010137739138364021,-0.008777679547163797,0.003020355307047362,-0.014276410641527515,0.007672626029234131,0.005280053719082911,-0.007123527605366942,-0.0037,0.004,-0.0012,-0.0046,0.0001,0.0002
2025-05-21,-0.023059138183388672,-0.012222562363790601,0.027930225622394556,-0.014455883280997672,-0.019199337383918658,-0.017464721204353495,-0.012291532609650102,-0.00312396160669548,-0.00126784775706279,-0.003361228698161356,-0.0173,-0.0106,-0.0029,0.0072,-0.0045000000000000005,0.0002
2025-05-22,-0.0036121633626486904,0.005059976217349105,0.01370430771908926,0.00984492359983613,0.007814839420440034,-0.0014173437429104707,-0.006656300649753866,-0.0037209286923071128,-0.002417886316897211,-0.006824036967059688,-0.0001,0.0015,-0.0040999999999999995,-0.0033,0.0034000000000000002,0.0002
2025-05-23,-0.030244218756055874,-0.010288802231160243,-0.014045613454259809,-0.010388973643241206,-0.011593818349999951,0.00015333690599939054,0.0005826672199902294,0.002162305786414187,0.005029379734748707,-0.0002184718460997992,-0.0067,0.0008,0.0037,-0.0033,-0.0002,0.0002
2025-05-27,0.02529832759406969,0.02334617137713657,0.026295314579907858,0.025026113945093353,0.03206636329232615,0.017567509738517284,0.004755831796442456,0.010617182349990317,0.011455470220640418,0.01132167859169364,0.0207,0.0046,-0.0026,0.0012,0.0038,0.0002
2025-05-28,0.001048717419514844,-0.007228263930876722,-0.003123152103971405,-0.006310081665849121,-0.005092129095887188,-0.006784942862151033,-0.013620467724667962,-0.0053508162422856165,-0.002384304391543246,-0.01188235184820563,-0.0062,-0.0043,-0.0024,-0.0022,0.0025,0.0002
2025-05-29,-0.002345093148486077,0.0028861036233167603,-0.002900788290752354,0.004787005283780621,0.03249021892651771,0.0033396798874485434,0.005680120718182025,0.007544516555578529,0.007170008657759963,0.006102060013922106,0.0033,-0.0011,0.0032,0.0011,0.0070999999999999995,0.0002
2025-05-30,0.004501148119051557,0.0036625909172178783,-0.0006982038578640104,-0.0033544115296213484,-0.029168780907898872,-0.0013996090787817828,-0.0037978181141418155,0.010613448067338105,0.007890477740800872,-0.004385794090690398,-0.0002,-0.0038,-0.0018,0.0012,-0.0076,0.0002
2025-06-02,0.004231963219623491,0.0034973918181435693,-0.015779702252184946,0.007999607012299847,0.016650625645121986,0.0025002175157278206,0.007331273928995907,0.00122397768952065,-0.012419769941304448,-0.0022819150646542496,0.0038,-0.004,-0.0060999999999999995,-0.0052,0.0006,0.0002
2025-06-03,0.0077839421283005805,0.00216462562623998,-0.016861129321263046,-0.004548692041520419,0.027951536447044623,0.006083044252151337,0.007278071303031153,-0.0063060904494639525,-0.005542950395471924,-0.009904359520512052,0.0066,0.0092,-0.0026,-0.0028000000000000004,0.0043,0.0002
2025-06-04,-0.0022138530781495858,0.0019440017265222043,0.011253087264841088,0.007388989179248462,0.004956935935277906,-0.007699022875010786,-0.014450814764795594,-0.0077712615791054596,-0.0053942279202052745,-0.01371951621334122,-0.0002,-0.0001,-0.0124,-0.0027,0.0022,0.0002
2025-06-05,-0.010797637359135859,0.008213438445785703,0.0009520445421100643,0.0032814165352026414,-0.01359917874179517,-0.008591193730732583,-0.004594429198442551,0.002872115024108668,-0.018981429596304555,-0.004602871213085558,-0.0051,0.004699999999999999,0.001,0.0009,-0.0009,0.0002
2025-06-06,0.01639823841307697,0.005773205441711449,0.03251872839749659,0.027223334916139486,0.012357798985193957,0.014430329126416064,0.023961495650130615,0.00891540218015252,0.007493822419664786,0.009800729714433354,0.010700000000000001,0.0060999999999999995,0.0007000000000000001,-0.0043,0.0003,0.0002
2025-06-09,-0.012112568123092138,0.00503854535352577,0.015103575305190464,0.015966607137600786,0.006421357636266833,0.0038006478636305463,0.006713412698696075,0.0012900804422182333,-0.008901459143528023,-0.0004052685906145159,0.0011,0.0048,-0.0008,-0.0049,-0.0006,0.0002
2025-06-10,0.006056066162269724,-0.003871066748781793,0.014254243516573117,0.0029035159702168745,0.009324760083939232,0.006973242193838436,0.021434693189567255,0.007859300876397857,0.001722557526085966,-0.00445945259630165,0.005,-0.0011,0.0029,0.003,-0.0005,0.0002
2025-06-11,-0.019193775052397055,0.003609998677361226,-0.006999008396649575,-0.020265629565462184,-0.007780611038623708,-0.001675303611693546,0.019492624217721355,-0.007606132685585076,-0.004482932631794889,-0.006087981195708969,-0.0032,-0.0022,0.0021,-0.0019,-0.0004,0.0002
2025-06-12,0.00211298670755955,0.013224066792120848,-0.009303590944183648,0.00018765734284498237,0.015193078911973856,0.00033552975766681925,0.003842252087719489,0.009017184125990063,0.006600296240681702,0.004506866111022578,0.003,-0.0075,-0.0002,0.0054,-0.0021,0.0002
2025-06-13,-0.013805284967704279,-0.008165006394638796,-0.00586236752742697,-0.0053460859139069505,-0.020896623589030328,-0.012265039017445467,0.02178074675051067,0.0028085457483750798,-0.017771674159160034,-0.005710298596648178,-0.0115,-0.009899999999999999,0.0013,0.0026,-0.0086,0.0002
2025-06-16,0.010028001292163191,0.00880077201257179,0.01202267640208965,0.018859028217320217,0.01915888630845508,0.02041881018840974,0.003210839597735493,-0.011966768813347683,0.003743561129126771,0.005517500911227158,0.0097,0.0043,-0.0034000000000000002,-0.0054,0.0015,0.0002
2025-06-17,-0.014010778675210833,-0.0022957811579994436,-0.004638863284895267,-0.005923177895162723,-0.003939442697410311,-0.003106976079671031,0.013513457348520053,-0.01829671408451572,-0.014669396201097529,-0.013769046873363,-0.0088,-0.0026,-0.0006,0.0043,-0.004,0.0002
2025-06-18,0.004804936882596866,0.004602063324257166,-0.014947258127539498,-0.010706651956707725,0.009436483476548574,0.016473688641092776,-0.007105146224917092,-0.010828125731682348,-0.0031542040224082912,0.0034334483833631246,0.0003,0.0034999999999999996,0.0039000000000000003,-0.0059,0.0039000000000000003,0.0002
2025-06-20,0.02248433695603258,-0.005913632813901337,-0.03854144754982125,-0.013316402099383007,-0.011204148692462002,0.0037962112490776967,0.013340348502516752,-0.006236404007365026,0.006707979077310355,-0.0005977831886987417,-0.0022,-0.0004,0.0043,0.0,0.0039000000000000003,0.0002
2025-06-23,0.0024876086788869767,0.018014153355127682,-0.00870139075599441,-0.005818118205440093,0.0022245164468006617,0.011890926128774959,-0.025806442253570205,0.01021433246725656,0.012257953363886243,0.006022445856240344,0.009300000000000001,0.0042,-0.0014000000000000002,-0.0011,-0.001,0.0002
2025-06-24,-0.0059553394813630645,0.008456840208848071,0.00956474328064405,0.02062648355436747,0.02587209983946237,0.010744936680500139,-0.03042780098331932,0.0057493601781530845,-0.004160611139603199,0.011706382313931618,0.011699999999999999,0.0024,-0.004699999999999999,-0.010700000000000001,0.003,0.0002
2025-06-25,0.006290549791969635,0.004407169488698903,0.023445307229187806,-0.0036659245365152637,0.04334029953891072,0.009955263149415083,0.00027696647476971314,0.000591446915444882,-0.008668026194615042,-0.014732145921613427,-0.0007000000000000001,-0.011699999999999999,-0.0005,-0.0014000000000000002,0.0086,0.0002
2025-06-26,-0.0027783565386655384,0.010522694503972696,0.016756620054062532,0.024199205109171285,0.004601055042856794,0.016510590171581407,0.014948758207438795,-0.0017731887259050394,-0.0021386997207095693,-0.002385807948203311,0.0088,0.0076,0.0033,-0.0038,-0.0003,0.0002
2025-06-27,0.00039788313357691507,-0.003035458955880199,0.028754186710524987,0.028463559660798277,0.017610671311378168,-0.005679662203069924,-0.005545920342905464,0.0026315245285672972,0.007753825269650072,0.0012988452709361553,0.0046,-0.0028000000000000004,-0.0001,0.006999999999999999,0.0015,0.0002
2025-06-30,0.020340318605388763,0.0029640392813972127,-0.012883120135616322,-0.017510092291414314,0.0015214758286448138,0.00975241957358719,-0.01444504248286238,0.0022308890215985144,-0.003377957926740116,0.00018529966078029148,0.0049,-0.0048,-0.0003,-0.0034999999999999996,0.0018,0.0002
2025-07-01,0.012916112786245382,-0.010775801044252131,-0.002212933772033354,0.00487719279454657,-0.029685428104048728,0.0017246336083325264,0.013358044863702512,0.020752852449678283,0.011925710388282384,0.007904968245748378,-0.001,0.0146,0.023399999999999997,0.0087,0.0154,0.0002
2025-07-02,0.02223084932525987,-0.001951061001378429,0.015923544415656687,-0.002449462616694653,0.02576627714054114,0.005475019671244752,0.01656898692589781,-0.0023089901832131776,-0.00012418859283636063,-0.018647443145340725,0.005600000000000001,0.0115,-0.0006,-0.001,-0.0012,0.0002
2025-07-03,0.005224855046774168,0.01578127037635646,0.004982107818011006,0.015869432167251007,0.013291020788839036,0.0185821784467064,0.010355648632590642,0.002892765892783755,-0.0022953216388612585,0.009407236326841595,0.0088,0.0012,-0.0033,-0.004,-0.0033,0.0002
2025-07-07,-0.016857821392561978,-0.0022452134373747157,-0.015262175351259288,0.0002685535903059755,-0.006903357601449889,-0.013614850080196472,-0.009714702856700175,-0.004743161927282635,-0.0020517210709541933,-0.014371136537532192,-0.0084,-0.008,-0.0023,0.0008,0.0009,0.0002
2025-07-08,0.0002858373299317041,-0.0022101410507523456,-0.013745083895965626,-0.018391733064396676,0.011122326353633083,-0.031475724723864174,0.027720287767157403,0.003348821408810876,-0.016261775216122376,-0.001171469489412269,-0.0008,0.0103,0.0038,-0.003,0.0031,0.0002
2025-07-09,0.005380660621214117,0.013873875159760685,0.01296176325505738,0.014496684294917905,0.01799990803155116,0.0013437899209156612,-0.003415342255874476,0.003145454521608526,-0.0023432403365876153,0.0030159013921811084,0.0063,0.0048,-0.008100000000000001,-0.0062,-0.0058,0.0002
2025-07-10,0.006015083021100764,-0.004031762964239682,0.005661908269768867,-0.0012581953255335065,0.0074902403086287705,0.017763693277095483,0.009929593057340647,0.009022293394952197,0.006157797566056944,-0.0013363985791556843,0.0025,0.0025,0.006500000000000001,0.0054,0.006999999999999999,0.0002
2025-07-11,-0.005884990617565977,0.0036692040247425783,0.014469132801175233,0.012417933203629827,0.004996947749327463,-0.004614974022087548,0.004350481574035614,-0.005009982089052345,-0.009085620487848667,-0.005039002482843391,-0.0044,-0.0097,0.0034000000000000002,0.004699999999999999,-0.0046,0.0002
2025-07-14,-0.012028736525215633,-0.0005961539132733895,0.007603050907835085,0.0029775049161142597,-0.005153983715270205,0.006414352745816032,-0.013081539221690641,-0.0005097816673937938,-0.020948899038094604,0.0009456819671416206,0.0021,0.0021,-0.0036,-0.008100000000000001,-0.0040999999999999995,0.0002
2025-07-15,0.00234868105797581,0.0055664215132607,0.0024234967863956403,0.0029243814744550622,0.040409509883660544,-0.007447207337646811,-0.008865742626099071,-0.010521551440744958,-0.00702383603335166,-0.012974728028926186,-0.0052,-0.0134,-0.015,0.0016,-0.0046,0.0002
2025-07-16,0.0050212940496983105,-0.0003953701057792802,0.0053296391219808115,-0.013960696164789232,0.003924951620251083,-0.0025475906805850768,-0.006022569847346948,0.06193188931507243,0.006877231158826991,0.0025099284528231625,0.0038,0.0049,-0.0043,-0.008100000000000001,-0.0018,0.0002
2025-07-17,-0.0006660198343901857,0.012024882876555898,0.0033337431191755584,0.0030915472640284936,0.009511641480478783,0.01427474110546334,-0.005078834651833231,-0.010923623437354979,0.012293929265464909,0.0044344409172665245,0.0059,0.0067,0.0016,-0.0039000000000000003,-0.0013,0.0002
2025-07-18,0.005523202121236581,-0.003224607503309107,0.0080619445871426,0.010050026580880944,-0.0034103472398565593,0.004725825418246288,-0.03483800436541251,0.00441774531433059,0.003474465740806343,0.0008449385332518489,-0.0002,-0.008100000000000001,0.003,-0.0009,0.0006,0.0002
2025-07-21,0.006155884653850752,1.9577368127299266e-05,0.027234388589010505,0.014018476542235536,-0.005974047105506974,-0.0010300930906455008,0.002598227200150127,0.0040318364629601255,-0.000451274186235473,0.0012874965910871783,0.0005,-0.0012,0.0024,0.0022,0.0002,0.0002
2025-07-22,0.009036151533484471,-0.009391031299852526,0.006522849465721681,-0.007980819043607368,-0.025382260131014744,0.0015808838540987136,0.004534949344906947,0.02172042504857341,0.021221792888148627,0.007841321203152063,0.0008,0.0101,0.011200000000000002,0.0013,0.0089,0.0002
2025-07-23,-0.001166102280600323,0.0011875234223119868,-0.005800997666924879,0.003604836070819184,0.022450891508008386,0.018289137740925776,0.012806334648257867,0.006967299497102619,-0.00025269707246422524,0.009411666187113532,0.0077,0.008199999999999999,-0.0042,0.0008,-0.0007000000000000001,0.0002
2025-07-24,-0.0018211459415494735,0.009903745519170615,0.010197960069916023,0.01725876103762447,0.017332420827243844,-0.0007076313831584358,0.007823161392734201,0.002720252932309375,0.00334841265233754,-0.004206118058884045,-0.0003,-0.0141,-0.0067,0.0025,-0.0067,0.0002
2025-07-25,0.0005614135657658892,0.005539598039507876,0.005255869666671131,-0.00340177109187767,-0.001381448096738569,0.006980432701247485,-0.003520226228227896,-0.007430994236013344,-0.0032113289450050875,0.007220143938066803,0.004,-0.0013,-0.0006,-0.0008,0.0015,0.0002
2025-07-28,0.000794871701126576,-0.00235558342985287,-0.0031059467486084236,0.005833005662313484,0.018731992791827023,-0.0011386766042836838,0.009420288450848746,-0.012358860540682248,-0.007517373507489822,-0.004895975956635046,0.0004,-0.0003,-0.0039000000000000003,0.003,-0.005699999999999999,0.0002
2025-07-29,-0.012987635336218717,0.0001366269899161221,0.016460765960803148,-0.007646371539299812,-0.007015572535573056,-0.004157106923013076,0.012921727829601881,0.011370325161854655,-0.003182490941018301,-0.0106705719704826,-0.0037,-0.0092,0.0007000000000000001,0.0021,-0.0003,0.0002
2025-07-30,-0.010507943315991919,0.0013070386357445507,0.003984680179744071,-0.003549595623255297,0.02142340761812389,0.008719365449320726,-0.008681668798125819,-0.005056125990282712,-0.023817108167017653,-0.0011750830146520785,-0.0011,-0.0073,-0.0085,-0.0040999999999999995,-0.0086,0.0002
2025-07-31,-0.007079664061590107,0.03947486937667577,-0.02355873071722714,0.017029402351838252,-0.007809623615357086,-0.011314026168440794,-0.0023236087786314696,-0.01506626287745294,-0.015764009399019563,-0.008655451926864455,-0.0034000000000000002,-0.0042,-0.0077,0.0042,-0.008199999999999999,0.0002
2025-08-01,-0.025003551147642966,-0.01760076420175094,-0.014434597712448705,-0.08269617085933034,-0.023331642927457374,-0.023190619353001818,-0.01791468524261919,0.015721761045603744,0.0011962002192180687,0.0020343974000689435,-0.0174,-0.0054,-0.0003,0.0011,0.003,0.0002
2025-08-04,0.004793027431132746,0.021999029515112678,0.031248355479675416,-0.01443541840985152,0.036150194478114184,0.016898819249443475,-0.020704111950948456,0.022171623579284816,0.0007301668164778619,-0.029037329948113588,0.015300000000000001,0.0064,-0.0103,-0.0040999999999999995,-0.0031,0.0002
2025-08-05,-0.0021145854217488047,-0.01472999553626042,-0.0018972185798982188,0.009922070229506863,-0.009666693916578928,-0.009821367231387601,-0.001210784729013592,-0.0017538479945107266,-0.0016582687032934418,0.011064923987557762,-0.0042,0.008199999999999999,0.0058,-0.0033,0.0016,0.0002
2025-08-06,0.050906706525817746,-0.0053244450870758575,0.007294492091354021,0.04004677220394748,0.006507367339324555,-6.863508093757353e-05,-0.00680714471643884,-0.0008786487974018486,0.015613680001118846,0.010168252646283404,0.0070999999999999995,-0.0049,-0.0063,0.0044,-0.0060999999999999995,0.0002
2025-08-07,0.031793604006576714,-0.007810313968374727,0.0021928499130809964,0.0036885760119835798,0.007524230790478592,-0.015136408509882404,-0.005257852912091132,0.005510365749052504,0.0041214975003742715,-0.015866589288565103,-0.0014000000000000002,-0.0037,0.002,0.0007000000000000001,0.011000000000000001,0.0002
2025-08-08,0.0423579536585692,0.0023038101566701386,0.02493383328731058,-0.001971955504762035,0.010676461024029527,0.006342978229884277,0.008022808507226697,0.010493759400025615,0.00013017094351219782,0.008516247351692208,0.0069,-0.004,0.0006,0.009000000000000001,-0.0028000000000000004,0.0002
2025-08-11,-0.008337396271402842,-0.0005170389055541014,-0.002085180802713693,-0.006241858073597895,-0.0035029744724084377,0.002770432776453502,-0.009082425047550635,0.002827152341781325,0.009575937390195355,-0.0014395851287983819,-0.0024,0.0017000000000000001,0.0001,0.0021,-0.0011,0.0002
2025-08-12,0.010872357776796182,0.014316474548207392,0.011641808918622099,0.0007681796954406295,0.006042028029048074,0.011362064283958917,0.0028346048500194065,-0.005983324707059312,0.0007097665827744404,0.012179122346966054,0.0125,0.0167,0.0085,-0.001,-0.0003,0.0002
2025-08-13,0.016024461568728166,-0.016362899874589387,-0.0067866266917054885,0.01395221168040428,-0.008571756180303813,-0.00792228101710124,0.013850975558933332,0.009491802331742738,0.0020633754951449035,0.01471116030243147,0.0039000000000000003,0.018500000000000003,0.0038,-0.0075,0.0089,0.0002
2025-08-14,-0.0023571672929779686,0.0036496691747287535,0.004852412392200467,0.02858923333961183,0.0023679262614739738,0.012494514996126416,-0.002044589654206952,0.001719951026406319,-0.010745805538710296,0.004001599949464474,-0.0009,-0.0105,0.0055000000000000005,0.0033,-0.0039000000000000003,0.0002
2025-08-15,-0.005112201042625331,-0.004421153442550341,0.004730440351595533,0.00021648217457226338,-0.008625357992819938,-0.012476296759548311,0.0009400104501358086,0.010989074255053133,0.0040328245270764285,-0.004215160069543034,-0.0028000000000000004,-0.0014000000000000002,-0.0073,-0.0036,0.0018,0.0002
2025-08-18,-0.0030224932219572453,-0.005902089632179974,-0.001961743191647991,0.0019911124801876845,0.008645049211916778,0.0035802641365563215,0.0021597945729199264,-0.002208004231110894,0.008810486618046953,0.002766087118346361,0.0003,0.0034000000000000002,0.0002,-0.0016,-0.0002,0.0002
2025-08-19,-0.0014292331272452996,-0.01417512701095458,-0.009483905118812141,-0.01503309388634011,-0.03499807169107183,-0.0029842536426766264,0.006559137467354148,0.00879448888208767,0.017210365215531764,0.014189602735128037,-0.006999999999999999,-0.0021,0.0159,0.0109,0.011200000000000002,0.0002
2025-08-20,-0.019734601979358835,-0.007944736348424741,-0.011162443663816912,-0.01842023178556884,-0.0013665042641969327,0.005435843330950707,0.01033334507524497,0.005849213535410236,0.007007588190577119,0.006944005139273068,-0.0028000000000000004,-0.0026,0.0018,-0.0031,0.0014000000000000002,0.0002
2025-08-21,-0.004911339340493592,-0.0012874464645681316,0.0021573913103600795,-0.008310623433453235,-0.0023945457588205876,-0.00263474338629599,0.0064498927308485055,0.0005031361420486657,-0.004889896337978983,-0.00018416210861804672,-0.0038,0.004,-0.0016,-0.0034000000000000002,-0.0016,0.0002
2025-08-22,0.012716754739594771,0.005929790518730105,0.031739584075145544,0.031043025385826706,0.017202073354147362,0.016365181456664102,0.018767710014375716,0.002012059532577881,-0.00037801706103812727,0.0008391568906085389,0.017,0.022400000000000003,0.011699999999999999,-0.0058,0.0017000000000000001,0.0002
2025-08-25,-0.002634225648273314,-0.005855345599873996,0.011645380921154302,-0.003932852258726194,0.010225230416380127,-0.0045233728771065795,0.004133654305186862,-0.004908189617121916,-0.015882027539552368,-0.005766886143596661,-0.0048,-0.0051,0.0046,0.0048,-0.0003,0.0002
2025-08-26,0.009464638417816973,-0.004402531956217981,-0.006475112331246091,0.0033781006590050122,0.010900452565673069,0.012444991171061126,-0.0022373335620901047,-0.0035005768516515046,-0.0011527886571229828,0.01240281144871802,0.0043,0.0024,0.0011,-0.004699999999999999,-0.0046,0.0002
2025-08-27,0.005145948129371858,0.009361754860801597,0.001641285011659388,0.0017926124405795996,-0.0009352591784613784,0.0023780483295170463,0.011301460340851444,0.0016997691560192152,0.006347453702048478,0.007131122542329171,0.0024,0.0048,0.0026,0.0008,0.0012,0.0002
2025-08-28,0.008980783797791325,0.0057228727470803875,0.020050231667589014,0.0108240705271474,-0.007874430930079446,0.005980950496522919,0.005321500350052855,-0.007579719035690657,-0.008346110187268052,0.008351456710773641,0.0034999999999999996,-0.0034999999999999996,-0.0051,-0.0060999999999999995,-0.0046,0.0002
2025-08-29,-0.0018059976322623017,-0.005788354140098595,0.006000781814160527,-0.011226278216735164,-0.03324652152828622,0.0011625707586078171,0.008292942023305327,0.009803395839119267,0.008930215810857733,0.006241799156160077,-0.0068000000000000005,0.0023,0.0086,0.0004,0.0054,0.0002
2025-09-02,-0.010424716156024028,-0.003098606140361726,-0.007326978620086577,-0.015982548742835667,-0.01952001267395287,-0.005706429070760244,0.0034997950650903498,0.005023462109637444,0.006049548444348352,-0.0036581897842867805,-0.0060999999999999995,-0.0004,0.001,-0.0012,0.0009,0.0002
2025-09-03,0.038089880464190706,0.0004553899382946369,0.09136505370193682,0.0028845707190781056,-0.0009366891129908295,-0.000633858438904622,-0.024239124958793212,-0.0003370089743754967,0.001139263448632688,0.0006983588931388507,0.0044,-0.0034000000000000002,-0.0051,0.0051,-0.0031,0.0002
2025-09-04,0.005493341019489506,0.005184613218952361,0.007109934903100079,0.042877945692648245,0.006095353053086949,0.014390277663408613,0.0043784277603613475,0.004269605856711767,0.006448843819962358,0.010807819763663185,0.0087,0.0034000000000000002,0.0034999999999999996,0.0072,0.0002,0.0002
2025-09-05,-0.00037537393682374187,-0.02553301833163546,0.011622934193854961,-0.014214150326010255,-0.027030073543164446,-0.031071096204988713,-0.02820276567218427,-0.001846029448141051,0.005213796233713097,-0.01408536938875804,-0.0022,0.0067,-0.0053,-0.0064,0.0024,0.0002
2025-09-08,-0.007551446722730004,0.006464589680276855,-0.003194376073683336,0.015107797009308976,0.007723476233777449,-0.004993571694282495,0.005675972912527083,-0.0016813759370514214,-0.006311662637214832,-0.011985494059370438,0.0026,-0.001,-0.0064,-0.004,-0.0012,0.0002
2025-09-09,-0.01483930901016961,0.0004215097311310867,0.023884873181655886,0.010176429751274751,0.014556436295029451,0.01686521756857995,0.007282719747251365,-0.006568129828695701,0.002830036776944711,-0.002146700071315677,0.0021,-0.0075,-0.0022,-0.0029,-0.0051,0.0002
2025-09-10,-0.03225945798145291,0.003932556732294978,-0.0019196666525576056,-0.03320182790348514,0.03847512663982333,0.009031362345783833,0.016719432674190404,-0.006611731723880188,-0.013232282348055402,-0.005358042380859129,0.0036,-0.0073,0.003,0.0070999999999999995,-0.0053,0.0002
2025-09-11,0.014286332668589363,0.0012790299836604735,0.005017402275152794,-0.0016498279850283293,-0.0008458502230944687,0.016703214142683054,-0.003200009267096182,0.015416267628323155,0.00813485830356786,0.01393653541662565,0.0087,0.008100000000000001,0.0009,-0.0006,0.0072,0.0002
2025-09-12,0.017562859176748713,0.017744138041324353,0.001788884286611614,-0.007827802024989672,0.0036686553693894286,0.004418178503694303,0.00017830622943293406,-0.0024650448062822905,-0.0046019416975823235,-0.006379451820997972,-0.0016,-0.0111,0.0005,-0.0003,-0.0063,0.0002
2025-09-15,0.01123599916616258,0.010707906213677454,0.04489192754700011,0.014376501718361023,-0.000393608743619156,0.006483959739133738,0.0016939921653036372,-0.0037066605889385373,-0.0067765077483533664,-0.004455749449034485,0.0051,-0.0009,-0.006500000000000001,0.001,-0.005,0.0002
2025-09-16,0.006125867664642737,-0.012263227345331806,-0.0017884395326976943,0.011320962964584513,-0.016146292175787336,0.0009387810827758969,0.020738775737513482,-0.00529874691486909,0.007779234049269945,-0.0011189695670451583,-0.0009,0.0,-0.0007000000000000001,-0.0021,0.0007000000000000001,0.0002
2025-09-17,0.0035272766349128126,0.001925157259961452,-0.006489911938156068,-0.010382430689534927,-0.02624654492487588,0.008279759131353481,0.005319155126325414,0.0041936009829515175,0.014425655627821499,0.0027291724160221076,-0.001,-0.0015,0.005699999999999999,-0.0044,0.0032,0.0002
2025-09-18,-0.004644658831388204,-0.0030782543845292443,0.010018834784040642,-0.0016837898189709932,0.034940465904016005,0.004747465597410239,-0.011796336576201827,-0.01715570254221166,-0.01877356480336234,-0.0037169919001003304,0.0060999999999999995,0.0146,0.0052,-0.0155,-0.002,0.0002
2025-09-19,0.032032998017618386,0.018644801357077023,0.010673359801395943,0.0010811746080494622,0.0024396700010240746,0.004948342564394359,-0.009742893399476205,0.011655943872006524,-0.008136408017134111,0.004791042005128698,0.0038,-0.0147,-0.0075,0.0011,-0.0036,0.0002
2025-09-22,0.04309559763227089,-0.006718932156726143,-0.008597702742739965,-0.016632067201427403,0.039282386991950524,-0.007433786509294937,-0.00709093175012987,-0.011237915225124961,-0.019033515641263432,0.0017449230818957773,0.0043,0.0048,-0.0116,-0.0004,-0.0055000000000000005,0.0002
2025-09-23,-0.006443214577675049,-0.010146751793009723,-0.0034451095746336202,-0.030400202172415014,-0.02821204559530932,0.0009601975900692672,0.017229084862725008,0.013604252277078066,-0.003723848071431668,0.0007899670964486294,-0.0060999999999999995,-0.001,0.0088,-0.0003,0.0036,0.0002
2025-09-24,-0.008332291977418138,0.0018066160697352007,-0.01796071965674917,-0.0022654160880354324,-0.008182492189240609,0.0021744329841544285,0.005353231501461497,0.0006229399354245047,-0.0005245789926558997,0.006051386758632482,-0.0034000000000000002,-0.0017000000000000001,0.0098,0.0001,-0.0003,0.0002
2025-09-25,0.01807298683810865,-0.00611585677090698,-0.00546254601256424,-0.00935476479077324,0.004068647130534231,9.575920677629135e-05,0.00899095045849374,0.00588598748202207,-0.001771396212454146,-0.0042849481955067326,-0.0058,-0.005699999999999999,0.005600000000000001,0.004,0.0,0.0002
2025-09-26,-0.005489177497436826,0.008737116838221759,0.0030513540445815668,0.007471945580644679,0.002813830455718369,0.008326482823286518,0.014101586708662017,0.011140541732566511,0.0023003253202202867,0.010243266954393704,0.006,0.0039000000000000003,0.0045000000000000005,-0.0031,-0.0016,0.0002
2025-09-29,-0.004031963626357271,0.006139295570397163,-0.010099697592367618,0.01087450815780766,0.020539918243418942,-0.0011705094210510136,-0.02559286555507967,0.010628230295253172,0.006754018905443804,-0.001559903968163967,0.0025,-0.0031,-0.0075,-0.0089,-0.0034999999999999996,0.0002
2025-09-30,0.000786133425020763,0.006509970877988103,-0.003892600654916256,-0.011702709034319914,0.026010413787662445,-0.0008237156818382552,-0.012869977486990036,0.020922869421601265,0.0007815384634273226,0.00699046616800203,0.0029,-0.0026,-0.005699999999999999,0.0043,0.0022,0.0002
2025-10-01,0.0032203144758191637,0.003398067826388962,0.007404308882609456,0.004827606336181178,0.003537325381961498,-0.014963538699422352,-0.006740581035592608,0.0033975452785850457,-0.003058899299219431,-0.009030469259521667,0.0033,-0.0004,-0.0007000000000000001,-0.0012,0.0017000000000000001,0.0002
2025-10-02,0.006576733422836156,-0.007638912488072025,0.0032258598518815074,0.008067800117406154,0.008812223729646407,-0.010170340490795682,-0.006250549409875905,-0.00037612428454625313,-0.007376824594843234,-0.004576472748758942,0.001,0.0026,-0.0054,-0.0073,-0.0021,0.0002
2025-10-03,0.0034610233426690673,0.0031216109813123616,-0.0013839546319920348,-0.013039023009411066,-0.006723587692724298,0.008063813137968001,0.01770157461763211,0.01430254707202705,0.0014469908282868094,0.0057065383441679,0.0003,0.0069,0.0052,-0.0031,0.0013,0.0002
2025-10-06,-0.00515451617885343,0.021687525447268374,0.020705158874339213,0.00633228292302257,-0.01108615148198644,0.002106564749554618,0.008299392531267547,-0.0025444473926423683,-0.012215166839692926,0.0025463438870614308,0.0039000000000000003,-0.004,-0.0045000000000000005,-0.0154,-0.0089,0.0002
2025-10-07,-0.0008179339521764417,-0.008683939078540814,-0.018647910283012825,0.003983725247293846,-0.0026948629515038958,-0.004819127069288998,0.000525475815463583,0.0038796018237925445,0.014161186029484574,0.004559815266174327,-0.0051,-0.0074,0.0012,0.0019,-0.0003,0.0002
2025-10-08,0.006160157159454727,0.001660514655019485,-0.004638718653415808,0.015510877718191152,0.021995244258107505,-0.011895017724683932,-0.002100524512760993,0.004235243040569658,-0.012127850446964628,-0.004897454737928575,0.0066,0.0054,-0.0096,-0.0109,-0.005699999999999999,0.0002
2025-10-09,-0.015577766995038989,-0.004667973350588994,-0.012631840034341812,0.01118907849570383,0.018296262883585657,0.004933640233045544,-0.009735065431515255,0.007327878064846027,-0.0007299728868702671,-0.006201996891461281,-0.0029,-0.0022,-0.0042,-0.0053,-0.0067,0.0002
2025-10-10,-0.03452203832393941,-0.021898996790729264,-0.020535790463185877,-0.049925397829666096,-0.048865362827820946,-0.015186650205699648,-0.019307426241771508,-0.0018841096977429972,-0.005910600986553605,-0.01531985646650258,-0.0278,-0.0053,-0.0012,0.0072,0.0019,0.0002
2025-10-13,0.009744326783561075,0.006047389625173372,0.032041366729103515,0.017100394188331425,0.02817213093671711,0.023530067677695277,0.01363669750059704,0.000943751324798292,-0.014696990779070607,0.005724424519079729,0.016399999999999998,0.0055000000000000005,-0.002,-0.005600000000000001,-0.0034999999999999996,0.0002
2025-10-14,0.00044413082231420375,-0.0009337442606152102,0.0053245447067822305,-0.016721987604375044,-0.04402090212326881,-0.019125215433917542,0.0004455433113912388,-0.00026186964629204557,0.011322733584230082,0.008212568058610925,-0.0006,0.0134,0.015,-0.0031,0.0070999999999999995,0.0002
2025-10-15,0.0063365317531554055,-0.000272596611534226,0.02273373503482845,-0.003789417568938358,-0.0011108518887370522,0.011950451466736567,-0.006055781649846881,0.0016766826977121507,-0.011665315234675289,0.0008468524844256198,0.0042,0.0036,-0.0046,-0.0089,-0.0006,0.0002
2025-10-16,-0.007580000400476461,-0.0035447821568930227,0.001712919411428926,-0.00510277898660183,0.011010386767360991,-0.023389623273267435,-0.00869099329797729,0.004969393751428353,0.014787660523210455,-0.015270285191397726,-0.0073,-0.009300000000000001,-0.0147,0.009000000000000001,-0.0004,0.0002
2025-10-17,0.019559516473121263,0.003850759479899324,0.007317361783081733,-0.006667636156250767,0.007755441369297289,-0.003282639365214668,0.014461295662782092,0.005725603569542326,0.012032092860730703,0.007385315126881897,0.0038,-0.0091,0.0073,0.0055000000000000005,0.0007000000000000001,0.0002
2025-10-20,0.03943866246963412,0.006249948327481825,0.012830603706784016,0.016147214372026486,-0.0031656739134645617,0.016131073986504374,0.0040983689687545954,0.002587738097583614,0.0036988363688199577,0.0033710513367972705,0.011000000000000001,0.009300000000000001,0.0049,-0.014499999999999999,0.0001,0.0002
2025-10-21,0.002021035212009581,0.0016836171512468745,-0.023738123558817437,0.025637486886977978,-0.008103418112909044,-0.017429500547240573,8.874495271782301e-05,-0.009498193999694315,-0.0022374609005103574,-0.00564681448989568,-0.0001,-0.0021,-0.0004,0.0049,0.0075,0.0002
2025-10-22,-0.016440143950924413,0.005563514301789807,0.004911074802909754,-0.018375903497213075,-0.0048575137462666396,-0.010030688393261489,0.01774469910886789,0.00552419249260816,0.0038254530099466333,0.001058415609167307,-0.0067,-0.0033,0.004699999999999999,0.011699999999999999,0.0008,0.0002
2025-10-23,0.004372033633252448,3.830271677385255e-05,0.005522620967420844,0.014406971477930908,0.010428205201299834,0.0014621475426208619,0.011071340310945033,-0.002435903677242557,6.57403232462439e-05,-0.0033549417553021543,0.0066,0.0032,-0.0028000000000000004,-0.0031,0.0016,0.0002
2025-10-24,0.012481870849293308,0.005859263712852281,0.02702711851763695,0.01411194729592502,0.022507568534544387,0.020031198920174687,-0.005087063348945264,-0.010755107930465302,0.008845362092885667,0.003957896252064552,0.0079,0.0025,0.0027,-0.0064,-0.0051,0.0002
2025-10-27,0.022791271725411066,0.015106679317070881,0.03597235869191717,0.012309863182682124,0.028079190583268687,0.012348538098207573,0.004766437487511377,-0.0005250327623066431,-0.004918376553167514,-0.008189389817745973,0.0118,-0.008199999999999999,-0.0121,-0.0022,-0.011899999999999999,0.0002
2025-10-28,0.0007067042785577904,0.019848659758150644,-0.0066845814540476,0.010045375014470892,0.049819821007157206,0.003978285606592413,-0.007848822131599653,-0.0177089741347638,-0.002438551022480917,-0.013584126832871024,0.0018,-0.0034000000000000002,-0.0060999999999999995,0.0063,-0.01,0.0002
2025-10-29,0.002602324032269898,-0.0009593816364750207,0.02654511015734551,0.0045801659836763875,0.029896036083715938,0.000491286182563444,0.012344478361196343,-0.0017652630061588681,-0.017176402018675208,-0.011797924241811475,-0.0009,-0.0098,-0.008100000000000001,0.003,-0.0137,0.0002
2025-10-30,0.0063033475055775945,-0.029156915158355057,0.0251666718112884,-0.03230569840563213,-0.020044482387303164,0.012863715932680986,-0.015113775844425859,0.013129643692521675,0.005444716504938496,0.005801200587259414,-0.011000000000000001,0.0,0.0066,-0.0025,0.0043,0.0002
2025-10-31,-0.0037951561451632365,-0.015120982490489876,-0.0010303694296706079,0.09584492754129248,-0.001971530859184778,0.00542911503594512,-0.002877290195679061,-0.0009520880820129696,0.005281334702618379,-0.0020479405066650136,0.004,-0.0007000000000000001,-0.0024,-0.013000000000000001,0.0018,0.0002
2025-11-03,-0.0048822471546564605,-0.0015063163677940805,0.00899736608845969,0.04004585509136338,0.021680128369419682,-0.005688993906809547,-0.005246582441357783,-0.01381909443956586,-0.015627987203836624,-0.003894994839925836,0.0012,-0.0033,0.0039000000000000003,0.0019,-0.005699999999999999,0.0002
2025-11-04,0.0036797357129609853,-0.005222097594208552,-0.021781936694345805,-0.018425168014886806,-0.03958816719273994,-0.00032326632052193105,0.0033403334219184178,0.0032213045885685077,-0.005742499385104849,0.025185021802028196,-0.0126,-0.0058,0.009000000000000001,0.011399999999999999,0.0072,0.0002
2025-11-05,0.00037034495392229694,-0.013940568315460977,0.024392776810882255,0.0035295587926045258,-0.01751470682650169,0.00785768159410316,-0.004030009134632362,-0.004602391500117098,-0.009376965104877844,0.0022761459689681907,0.0042,0.01,-0.0018,-0.0031,0.0089,0.0002
2025-11-06,-0.0013698257358518706,-0.01983588911777112,0.0015477657159239655,-0.028617121300727022,-0.03652477773914087,0.005582646111496947,0.0072131779251936035,0.005215062503743484,0.0023322203983584533,0.008961280318481313,-0.0121,-0.008,0.0143,0.0103,0.005,0.0002
2025-11-07,-0.004818963020289169,-0.0005632565936457556,-0.0207904465767208,0.005636975040415049,0.0003722181935406077,0.0025205520684494775,0.023755451736784172,-0.002139242265118302,0.005816664275613226,0.011984190885643509,0.0013,0.001,0.0073,-0.0012,0.0023,0.0002
2025-11-10,0.004548624750665864,0.018477424865517955,0.040419071655876326,0.01632498741700883,0.05793249204463202,0.00852935865948723,0.008531022157511892,0.009862196196889439,-0.01006935556379096,-0.004167808645134774,0.0151,-0.0022,-0.0084,-0.006,-0.010700000000000001,0.0002
2025-11-11,0.021601267048394046,0.005296467361710189,0.004171035335831741,0.0028180846386129943,-0.029590595740832226,-0.004007826953764337,0.013195730414587103,0.028766988519240755,0.020893415397110537,0.00018108643386294254,0.0018,0.0019,0.0031,-0.0004,0.006,0.0002
2025-11-12,-0.006466769865795197,0.004836139065809153,-0.01579075728876489,-0.01967085120518708,0.0033134109524370903,0.015176566021720017,-0.013858799146576062,0.0028891036896101507,-0.003568083952149137,0.01072280864612507,0.0003,-0.0034999999999999996,0.004,-0.0003,0.0025,0.0002
2025-11-13,-0.0019014763772919885,-0.015357905886437817,-0.028390987759088437,-0.027108907452568887,-0.035810284690717564,-0.03411238236068603,0.005672149820149963,0.004424110717145213,-0.00033776734206081294,0.02131765841001343,-0.0179,-0.0028000000000000004,0.0079,0.0148,0.0063,0.0002
2025-11-14,-0.0019784193430598673,0.01368985264921152,-0.007753963559798183,-0.012164320933474637,0.017713904646123435,-0.018967590540546975,0.012992572906397548,0.0034826889216097445,-0.0019600287805431327,-0.008126879283589017,-0.0005,0.0021,-0.0038,-0.0055000000000000005,-0.01,0.0002
2025-11-17,-0.018171105694162026,-0.005272673136783701,0.031149195768963356,-0.007754941860691922,-0.018772730482609745,-0.01067150094225966,-0.013496530030359999,0.01862922134989553,-0.012527856023402562,-0.011160436689067632,-0.0103,-0.009300000000000001,-0.0086,0.0026,-0.0054,0.0002
2025-11-18,-7.493988505480331e-05,-0.026995476946809926,-0.002596049427458502,-0.04431653833391602,-0.028081469277870252,-0.003195971608445647,0.011471765623020103,0.002104380657897753,0.008023634464231266,0.0022055902118656157,-0.0076,0.0070999999999999995,0.0097,-0.0053,0.006999999999999999,0.0002
2025-11-19,0.004188023274068087,-0.013507829718346964,0.030005408387036026,0.0006290693674619874,0.028451655664772924,0.012891860106075237,-0.014114058882831126,0.012549918749166222,0.0,-0.006166079230862875,0.0034000000000000002,-0.0046,-0.005,0.005,-0.0062,0.0002
2025-11-20,-0.008601474473370674,-0.01600132392688336,-0.011474821756403353,-0.02492255148822009,-0.03152471782905131,-0.01612414173601373,-0.0028121584403648647,0.0027653478461959757,0.008163728764277067,-0.0002793253914330496,-0.0158,0.0024,0.0043,0.0113,0.0025,0.0002
2025-11-21,0.01968061086817685,-0.01318899894610226,0.03527363781509196,0.016348913427910006,-0.009743162817541062,-0.001206586184712699,0.0005127555422987928,0.004087178491491095,0.018422326826885937,0.005826974489516301,0.0103,0.0184,0.0073,0.0005,0.009399999999999999,0.0002
2025-11-24,0.016317565960635383,0.003982072607125131,0.06313818514348069,0.02532963104830621,0.020516696793347,-6.69866099478611e-05,-0.009480650739508434,0.010544535067567473,-0.026106581496170955,0.007479543190539895,0.0161,0.0004,-0.0098,-0.0108,-0.015700000000000002,0.0002
2025-11-25,0.0038053394528705375,0.006308039042083102,0.015255254678428587,0.0149814363087164,-0.025910841755897196,0.01677851756491,-0.012589548949041074,0.009377192407893808,0.010273542282994264,0.001496641990663683,0.0104,0.0158,0.0004,-0.001,0.0037,0.0002
2025-11-26,0.002094106406326013,0.01784106260616336,-0.010790096291832696,-0.0022205534501759105,0.013721685932220451,0.015313557904943043,0.0022705765520512067,0.004306402115961561,-0.0016162523597483824,0.005230358896122667,0.0069,-0.0001,-0.0009,-0.0034999999999999996,-0.0006,0.0002
2025-11-28,0.00468386682792965,0.01340886450717993,0.000718757937321568,0.01771686809963624,-0.01808492846544285,0.017682894070448985,0.01002000841781614,-0.0030834389992026034,-0.0006071021268880816,0.005046625817776151,0.0054,-0.0034999999999999996,0.0037,-0.0073,-0.0001,0.0002
2025-12-01,0.01524106361850519,-0.010711244753378257,-0.016521948036608558,0.0028299616613276513,0.016497197970264388,-0.013287308310217516,0.006124983308225529,-0.007635744699216573,-0.004859556828378464,-0.010237266286406088,-0.0053,-0.0027,0.0049,0.0083,0.0013,0.0002
2025-12-02,0.010914951816139329,0.006697668936617607,0.0029216198802299864,0.0023088475921804186,0.008559426101467649,-0.003366509497432113,-0.010717660464799383,0.0003895307954711047,-0.010716296953557802,-0.003736100564528666,0.0021,-0.0049,0.0009,0.0026,0.0007000000000000001,0.0002
2025-12-03,-0.007128103890149506,-0.025040836477469464,0.012095970603061446,-0.008702300580441968,-0.010305434879725905,0.01380406459603356,0.020974154633768727,-0.0004381364205107152,0.0058275387324449035,-0.006019910845181831,0.0044,0.0131,0.0007000000000000001,-0.0111,0.0006,0.0002
2025-12-04,-0.012141396841095942,0.006510015802057678,-0.0062886320727127965,-0.014071797072686909,0.02116062209880032,0.01271910227341011,-0.005602765899492379,-0.013880174965924752,-0.009201803339535797,-0.0007347003826514431,0.0014000000000000002,0.0013,-0.0068000000000000005,-0.006500000000000001,-0.0059,0.0002
2025-12-05,-0.00684017568933204,0.004824857333882715,0.011491627551892813,0.0018331725713693903,-0.00528960288028224,-0.0033533921959020274,-0.0051219705997094245,-0.002716224627710706,-0.013139866842538761,0.002205721692525753,0.0018,-0.0037,0.0007000000000000001,-0.002,-0.0036,0.0002
2025-12-08,-0.003192442810390217,0.016267852196279575,-0.0228616636446225,-0.011501761877265149,0.01721391514737669,0.0005395584148615296,-0.004805295641744145,-0.0015352192895101702,-0.0356221421695323,-0.014097603607069575,-0.0037,0.0025,-0.0002,-0.0072,-0.004,0.0002
2025-12-09,-0.0025550641485947434,0.0020366130003734995,0.010710215128277634,0.004539639393836836,-0.003125748033105724,-0.04663544047604784,0.01957240032742913,-0.008233261200244257,0.009324888491693217,-0.011664658573286246,-0.0007000000000000001,0.0054,0.0022,0.0006,0.0008,0.0002
2025-12-10,0.005772480348263054,-0.027356625781667865,0.00987135369128267,0.016935769749744978,-0.006433576610347602,0.031945439201124026,0.01090904615591981,0.03290653056616599,0.0013606586660384057,-0.002034877835915383,0.0068000000000000005,0.0087,0.014199999999999999,0.0008,0.0069,0.0002
2025-12-11,-0.002690371794892954,0.010260036919396365,-0.02429654697596606,-0.006471654188885845,-0.015507709331023523,0.023443401047247514,0.0,0.016800615184315193,0.0067228731977222456,0.011051553756251442,0.0022,0.006,0.0025,-0.001,0.0006,0.0002
2025-12-12,0.0008993198694000615,-0.010217835533210096,-0.01005027486266652,-0.017760970816273702,-0.03266452212921567,0.003591957595922901,-0.006023094344211777,0.00747585185347055,0.014777057019905504,0.007401397327783998,-0.0111,-0.0013,0.0091,0.0066,0.0076,0.0002
2025-12-15,-0.014985057058964357,-0.007752917074920096,-0.003459567234772254,-0.01613691637948922,0.0072562775198450336,0.004709298201460932,-0.008920992985516185,0.01224128279779979,0.01603195339431096,0.01373321592732668,-0.0026,-0.006500000000000001,0.0095,0.0089,0.0051,0.0002
2025-12-16,0.0018241385327160131,0.0033065525131403817,-0.005353296540208108,8.989068511033871e-05,0.008111747940743541,-0.013967859859874587,-0.026154922462371832,-0.022738939373132094,0.0005512595619996397,-0.012915218772185488,-0.0025,0.0006,-0.0085,-0.0019,-0.0039000000000000003,0.0002
2025-12-17,-0.010086925630541477,-0.0005668537354907022,-0.03212967807685918,-0.005796159688549518,-0.038149917021432556,-0.0018064432851156997,0.023805473078393424,0.004921199983436431,0.017904936968245355,0.008862821519362019,-0.0116,0.0017000000000000001,0.0132,0.0060999999999999995,0.009899999999999999,0.0002
2025-12-18,0.0012874469253185694,0.01650852133550962,0.019344821602210294,0.024811271877659857,0.018719963394855155,-0.006285991949300129,-0.007409992496612894,-0.009604019228383498,-0.015492787114505968,-0.001745046075328771,0.008,-0.0013,-0.008199999999999999,-0.0037,-0.0042,0.0002
2025-12-19,0.005437604202852997,0.004008419527562479,0.015539286358039028,0.0026019210221046585,0.039336204513061634,0.013450302112652635,0.0012871017565661003,-0.009313099378007839,-0.007284158501488225,-0.017600698486894606,0.009000000000000001,-0.005,-0.0105,-0.0088,-0.006999999999999999,0.0002
2025-12-22,-0.009866070345355471,-0.0020579882201315902,0.008529708591268559,0.00475032567966549,0.014917857266596002,0.01853660192935691,0.01251180221852688,0.004603483952716925,-0.012252523810644678,0.010959928500016591,0.0069,0.0009,-0.0023,-0.0072,-0.0031,0.0002
2025-12-23,0.005129732868573544,0.00398000314889102,0.014752403055799279,0.016241329216049705,0.030050782655380637,0.00879020176875045,0.010748995247867432,-0.007428144176952034,0.0034339700565857445,0.0011201071005511043,0.0032,-0.0089,-0.002,0.006999999999999999,-0.0040999999999999995,0.0002
2025-12-24,0.005323766193815027,0.00240321276182498,-0.0008270900340465737,0.001033882544133169,-0.003171176350336591,0.009940799812659273,-0.0016747701760961853,0.00971902995347218,0.009149338053023204,0.0016582816648447185,0.0029,0.0007000000000000001,0.0001,-0.0005,0.0023,0.0002
2025-12-26,-0.0014973429371301084,-0.0006351543356442058,-0.0018465518166213002,0.000602458846315379,0.01017970646506039,-0.0038278463930657702,-0.0009226394800266879,-0.0007219333576788944,0.0017303030934403552,-0.006063766240730906,-0.0006,-0.0022,0.001,0.005699999999999999,0.0023,0.0002
2025-12-29,0.0013168127155420706,-0.0012507766584408664,0.00015946317380866049,-0.0019353042317807878,-0.012124016339494892,-0.012686378316775881,0.011921756863249255,-0.00033707095791701835,-0.0011745694242303317,0.005518763932104598,-0.0040999999999999995,-0.0015,0.0007000000000000001,0.0032,0.0003,0.0002
2025-12-30,-0.0024840667289872664,0.0007801688074968727,0.0009248364617262528,0.001982123671998126,-0.0036128388270515455,-0.0010192056352769097,0.0038164520742349772,-0.0031316935982356187,-0.003596904959147662,0.005308858850244125,-0.002,-0.0049,0.0029,0.0036,0.0014000000000000002,0.0002
2025-12-31,-0.004467506365423368,-0.007918329968719329,-0.002708229615939528,-0.0073538531116630335,-0.005545375898472038,-0.0037104359408144383,-0.005372324933258454,0.0001933999730243663,-0.005137137788796875,-0.002104380648737414,-0.0076,0.0006,-0.001,-0.0007000000000000001,-0.0004,0.0002
2026-01-02,-0.0031264752435974374,-0.022083453247643603,0.0068688704467712025,-0.018715913643268745,0.01260044853460296,0.010117308447080475,0.019195684254686096,0.0019328016724027286,-0.010606295445056202,-0.011538819980893456,0.0025,0.0003,0.0092,-0.0031,0.0042,0.0002
2026-01-05,-0.013837077351279037,-0.00019026468219951465,0.004410686746643133,0.028962461627345393,-0.003865453797424312,0.02629972873721398,0.022095352551391834,-0.014661150400260836,-0.010014936155827159,0.003361140967377496,0.0075,0.0046,0.0008,-0.0063,0.0012,0.0002
2026-01-06,-0.01833450807918291,0.01196992596451052,-0.006950279866830833,0.033768107781812384,-0.004677861544826856,0.006224652700885791,-0.034381010388036426,0.002349270984590923,-0.0032770355152196284,0.0010631444896431752,0.0063,0.0078000000000000005,-0.0012,-0.0024,0.0018,0.0002
2026-01-07,-0.007737289754660592,0.010365595408808659,0.024305044194261383,0.0026148877348795008,0.00998708250744107,-0.022772807845484522,-0.021148319834118467,0.013184301847961377,-0.013365743920757178,-0.005871140662158991,-0.0031,0.0016,-0.0085,-0.0054,-0.0069,0.0002
2026-01-08,-0.004955134609102685,-0.011086568164989097,0.010745993625736139,0.019581038977249277,-0.021521800297446436,0.008563061304545982,0.03730279852760798,-0.008385981718338709,0.025282574503540545,0.00735707879627423,0.0003,0.012,0.013300000000000001,0.011699999999999999,0.0063,0.0002
2026-01-09,0.0012738060445718347,0.0024471441088909085,0.009617775065172474,0.004425724253495522,-0.0009727675505442068,-0.0018193423758875449,0.013831235874492531,-0.006609958779501879,0.0024023090028229,-0.0013405825177268405,0.0067,0.0012,-0.0044,-0.001,-0.002,0.0002
2026-01-12,0.0033927700267757377,-0.00438163685342341,0.01001304803540104,-0.003678565947722645,0.00043278968903170956,-0.014277444122410943,-0.004654540267422291,0.026077641398712714,0.011207510463542514,-0.0008615361060365645,0.0018,0.0024,-0.006999999999999999,-0.0015,-0.0005,0.0002
2026-01-13,0.0030740569768183956,-0.013642594830881816,0.012384647732168519,-0.0157016882298876,0.004704210650191332,-0.04188112643568365,0.020236992170056034,0.01873916674958953,0.005437048804050493,-0.006878342593295783,-0.0021,-0.0013,0.005,-0.0023,0.0033,0.0002
2026-01-14,-0.004175426035293528,-0.023987050237098684,-0.0003868875077472911,-0.024526018373191683,-0.014369548439946755,-0.009745948660904502,0.02892358646125137,0.022934778507008646,0.01462838579488257,-0.004220168764847765,-0.0051,0.0113,0.0048,-0.006,0.005,0.0002
2026-01-15,-0.006731882749481333,-0.005921085530564474,-0.00911135392111706,0.006465239039753046,0.021349825621544527,0.004514954855955988,-0.008218011771576994,0.004667156256127569,-0.011752693352205634,-0.0010747212528773309,0.0026,0.0051,0.0063,0.0052,0.0034999999999999996,0.0002
2026-01-16,-0.010379048162390991,0.007007364067386224,-0.008353942002312653,0.0039466053837939885,-0.0043839311405146075,0.010379576882297181,0.005885500364261498,-0.004144484874367249,-0.0006914297226559007,0.0013601019738855857,-0.0012,-0.0015,-0.0025,-0.0001,-0.0046,0.0002
2026-01-20,-0.03455568651279606,-0.011612229872971946,-0.024242419188384212,-0.033957825706746436,-0.04381676302343995,-0.03113902321993911,0.004388462712117125,-0.0020578931437053027,0.017089947301229147,-0.016014907578986493,-0.020499999999999997,0.0040999999999999995,0.0048,-0.0064,0.0018,0.0002
2026-01-21,0.0038508809593345017,-0.02290332218950264,0.01981366867186196,0.001341980773133189,0.029482894549578642,-0.0023120661313811297,0.024145322560718885,-0.0009166394538218103,-0.006394609695150599,-0.0032139682092591215,0.011899999999999999,0.0103,0.0137,-0.0025,0.0074,0.0002
2026-01-22,0.00282652826830998,0.015829564134287155,0.006577701961876237,0.01309929882528893,0.008291414334357983,0.005264063123871843,0.0002244857447475379,0.0022017824054401114,0.0264958508156119,0.001364123101970538,0.006,0.0043,-0.0037,-0.0085,-0.0034999999999999996,0.0002
2026-01-23,-0.0012482377059582772,0.032827897415900864,-0.00789612978818155,0.020568436457892858,0.015310547591580459,-0.019464404154289627,0.009952025339882153,0.007551786277536721,0.008577832261342788,-0.011393401566462846,-0.0013,-0.0128,-0.014499999999999999,0.0098,-0.0045000000000000005,0.0002
2026-01-26,0.02971293759961724,0.00929284452750978,0.016253435511957903,-0.003094185824689788,-0.00639415348837058,0.011151475686179468,-0.000963277259979578,0.006132455488760069,-0.004395564494583337,0.009395160424517712,0.004,-0.006999999999999999,-0.0022,0.0066,0.0008,0.0002
2026-01-27,0.01119767242920311,0.021901801392504305,0.0038707918167637523,0.026256163723313408,0.010993712336374806,-0.0024250174432784988,0.014758366706737025,0.0133189694094622,-0.007692836893291144,-0.018201724555297893,0.0034000000000000002,-0.001,0.002,-0.0007000000000000001,-0.005,0.0002
2026-01-28,-0.0070855891539567395,0.002184892240207237,0.004364126585170824,-0.0068252338521122,0.015913429851231564,0.0015316195091061857,0.005481211961543497,0.01461412641089832,-0.006741351070539969,-0.0024859863904991286,-0.001,-0.008199999999999999,0.0039000000000000003,0.0017000000000000001,-0.0043,0.0002
2026-01-29,0.007175054149860527,-0.09993145889009569,0.006666485273135514,-0.005267268047532414,0.005169079151165157,0.018785277715230198,0.021296680530785705,-0.0018883934677762504,0.01737484247692489,0.006969562986776978,-0.0026,0.0039000000000000003,0.0139,0.0128,0.0059,0.0002
2026-01-30,0.0046462561241580325,-0.007404831808259016,-0.0007390896812468073,-0.010052507834071855,-0.00716841606749119,-0.001729639654550752,0.006334072123790779,-0.00017592230114282792,0.012475076659581585,0.007844103624966348,-0.0055000000000000005,-0.0048,0.0034999999999999996,0.0168,0.0077,0.0002
2026-02-02,0.040581232988504023,-0.016082243654491957,0.01683423524759764,0.015294624385431943,-0.0288807731158095,0.007355520871264121,-0.021216355508276274,0.015401538427740613,0.009356241860704273,0.014067820495697658,0.0054,0.0074,0.0028000000000000004,0.0025,0.0031,0.0001
2026-02-03,-0.0019629018353019,-0.02872185545278272,-0.011580164993975184,-0.017863069956986388,-0.028392994576350472,0.021775845373529057,0.03851163211257291,0.010184204887614845,0.01390432162112809,0.013236433286849314,-0.0077,0.0044,0.020099999999999996,-0.0048,0.0083,0.0001
2026-02-04,0.02601293089498702,0.007246901770809222,-0.01963428459303118,-0.023593955826118118,-0.03410221377522338,0.0076862018384213915,0.02685579600714516,0.0058772357317469215,0.009979342081802844,0.020435849915865667,-0.005600000000000001,0.0007000000000000001,0.0233,0.022400000000000003,0.023700000000000002,0.0001
2026-02-05,-0.0020977418894285726,-0.04954244641187633,-0.005374743799686166,-0.04420791797466184,-0.013261404689498213,-0.02240996439539278,-0.010231023519974958,0.014159576078287772,0.011092011504523436,0.00011914351620934127,-0.013300000000000001,-0.006,0.009300000000000001,0.0172,0.0077,0.0001
2026-02-06,0.00801000302113608,0.018975294764416617,-0.025328414807381017,-0.05554804877440456,0.0787177112002726,0.03946354478197245,0.020331425192257058,0.009252000180477227,0.0035306759453512804,0.008335115932756487,0.0209,0.009899999999999999,-0.0040999999999999995,-0.0144,-0.0004,0.0001
2026-02-09,-0.011660636099912192,0.031061445260035736,0.004522141246049882,-0.00760748406141476,0.024971660514827576,-0.0009304747294303084,0.014491794102781563,-0.005625293340693838,-0.011559950053947388,-0.019701253395605356,0.0052,-0.0026,-0.0068000000000000005,-0.0089,-0.005,0.0001
2026-02-10,-0.003423017398520134,-0.0007980007434245096,-0.017698649483792517,-0.008432323191560842,-0.007893035105149604,-0.011859774587850813,0.0025129662801572916,-0.0012152463422254733,0.011123176171429217,0.00445711789381642,-0.0036,0.0011,-0.0008,-0.0018,0.0033,0.0001
2026-02-11,0.0066501563343039916,-0.02153550892535805,-0.0239186037840049,-0.013915755650289796,0.00800904593061702,-0.023438490009594637,0.026189142115693675,0.010530704140624625,0.005783244626214046,-0.0005596617751922883,-0.0012,-0.0042,0.005600000000000001,0.0092,0.0040999999999999995,0.0001
2026-02-12,-0.0499817899391245,-0.006256539617675028,-0.006303003986133815,-0.021952154485218922,-0.01636418228460701,-0.02631733644129297,-0.02976780039080318,0.015320119365615836,0.007562430320116276,-1.9957698224382092e-05,-0.0166,-0.0002,0.0016,0.0078000000000000005,0.0023,0.0001
2026-02-13,-0.022733375921363264,-0.0012941282208759342,-0.010614849865233866,-0.004058180323715632,-0.02209266545793198,-0.0002974903603247814,-0.009871213962654224,-0.004498093497884104,-0.007071404545502147,-0.004919945450310825,0.0015,0.005600000000000001,0.006,-0.0058,0.0040999999999999995,0.0001
2026-02-17,0.03166790145686926,-0.011113329498388835,-0.012102655789175576,0.011871828009746066,0.011815605671939178,0.015138027414531408,-0.015223940851543327,-0.0004927978781033016,-0.003248733381023383,0.011777742966359028,0.0001,-0.0017000000000000001,-0.0032,0.0012,-0.0023,0.0001
2026-02-18,0.001781167564954833,0.006904174457123657,0.004337487573877086,0.018095945812067304,0.016272755799517036,0.005372250834655201,0.030713399703180322,0.0068219700734781785,-0.016859844395160084,-0.008621196055538904,0.006,-0.002,-0.0006,-0.0014000000000000002,0.0016,0.0001
2026-02-19,-0.01426159138112626,-0.0005768723083999783,-0.0015824245833258033,0.00034184934085601526,-0.00042552512892679584,-0.002364231324463506,0.001924622443174595,0.007837037315491457,0.01083767092617216,-0.00426794808654718,-0.0024,0.0034999999999999996,-0.0032,-0.0054,-0.0021,0.0001
2026-02-20,0.015350431056632585,-0.0030868870817751803,0.040052816279271264,0.025627257563010764,0.010218253015392254,0.008894804889022057,-0.024441921810266276,-0.01790121456717042,0.014000951813094575,0.0025355370053421478,0.0058,-0.0022,0.0026,0.0097,0.0011,0.0001
2026-02-23,0.006047273769737682,-0.032122439726264385,-0.011080137451600414,-0.023035535309270605,0.009113929721387581,-0.04221500565994296,0.02362842390108466,0.013814922909534566,0.027304396378025286,-0.008249730566912694,-0.0118,-0.0049,-0.0132,0.0034000000000000002,0.0008,0.0001
2026-02-24,0.02239105106810335,0.011782379946865706,-0.0018940645152043523,0.016027637831418806,0.006786747007672789,-0.0012430563929834992,-0.00994957982503808,0.0071154548372796,0.0006660682086478964,0.0008500747451829493,0.008199999999999999,0.0031,-0.006500000000000001,-0.0067,-0.0005,0.0001
2026-02-25,0.007679856169661159,0.02982008150415294,0.006432960076288019,0.00997315810991184,0.014052296937936859,0.020181667132352255,-0.0013399356022909537,-0.004507063773881548,-0.011435197020459587,-0.0010515854502044508,0.0079,-0.0043,0.0048,-0.0066,-0.0086,0.0001
2026-02-26,-0.004667689785084916,0.002795803754952919,-0.01764149849103913,-0.012913032798065993,-0.054561210045126374,0.00933074592937988,-0.003488610669514114,-0.006933933758444311,0.0022033056884493973,0.01757125319329056,-0.004699999999999999,0.006999999999999999,0.0032,-0.005699999999999999,0.0070999999999999995,0.0001
2026-02-27,-0.03213037767415727,-0.022353879899142948,0.014249644273681694,0.01000385652833935,-0.04164637217148226,-0.01904426117671354,0.026659638371742345,0.020372078180264097,0.021068647473532875,0.004535776390856228,-0.0052,-0.0073,-0.0125,0.0037,0.0016,0.0001
2026-03-02,0.0020439219879577752,0.014793449697371397,-0.01680799935738997,-0.007666669573102691,0.029854862425945372,-0.00912415181227677,0.011278619340691298,0.0005232620362685125,-0.02206937975225509,-0.04907416215515803,0.0013,0.0055000000000000005,0.0029,-0.0077,-0.0015,0.0001
2026-03-03,-0.003664094667077511,0.013498988042953908,-0.009591456810113863,0.0016315386481426941,-0.013316469827987176,0.009073762373418282,-0.015497322652886059,-0.007281941488713195,-0.023178877579167256,0.0024782303987151977,-0.0098,-0.0004,-0.0027,0.011399999999999999,-0.0026,0.0001
2026-03-04,-0.004663640952734749,0.0031441550485353797,-0.0014823139608854952,0.03875826073047883,0.01660648255510222,-0.0028974061672935036,-0.01323843532340463,-0.005876323389978344,-0.008890635256359913,0.012714030706760582,0.008199999999999999,0.0016,0.0,-0.0131,-0.0066,0.0001
2026-03-05,-0.008494536639458317,0.013524118716237599,-0.007422471516376539,0.009777672934109694,0.00163899427668035,-0.01950644087779707,0.006274105573070177,-0.023114547438636612,-0.02722680271457889,0.02650361577701399,-0.006500000000000001,-0.009899999999999999,-0.004,0.003,-0.0072,0.0001
2026-03-06,-0.010872576884936036,-0.004188140027264309,-0.007843826711022572,-0.026171534044230005,-0.03010806418782519,-0.013864691959295294,0.0029849867626785542,0.0032132274764511415,-0.002337801975308418,-0.0028376956983936497,-0.013600000000000001,-0.0075,-0.001,-0.0007000000000000001,0.0001,0.0001
2026-03-09,0.009399602442343502,0.0011003457480245338,0.02698529157952989,0.0013132534612816382,0.02716230855539603,0.0015200543179132442,-0.0050923522483152794,0.009109765807257864,0.010349529115933231,-0.0035672747206413336,0.0083,-0.0011,-0.0101,-0.005699999999999999,-0.0067,0.0001
2026-03-10,0.003655516130785408,-0.008915233433622216,0.0022197474139682427,0.00393459326562029,0.011606985477137677,-0.004104644959157633,-0.015354839982790969,0.004616942942191171,0.005089476702410334,-0.006154459942610768,-0.0025,-0.0002,0.0015,-0.0009,-0.001,0.0001
2026-03-11,-7.665572857407099e-05,-0.002168810809014765,0.005406512455140566,-0.007838417021498345,0.006873706730786022,-0.004190927525510868,0.023290235123560432,-0.0029544035179721595,-0.017242310475163225,-0.0011535340335153688,-0.0007000000000000001,-0.0015,0.0004,-0.0034999999999999996,-0.0019,0.0001
2026-03-12,-0.01936274044373243,-0.007459079914875377,-0.01668304802062759,-0.014671973697334195,-0.015535120518506584,-0.01610307770092656,0.01286449242188703,-0.003909664907444377,-0.018392991283553428,-0.0034037576247571977,-0.0161,-0.0031,0.0077,0.0087,0.0014000000000000002,0.0001
2026-03-13,-0.022051947243152514,-0.015701945535794515,-0.004183744527350486,-0.008877013416636048,-0.015780185389578927,0.0019441943253268867,0.016869640337443093,-0.0021483697252734357,0.0009966125054492458,-0.003781365373863088,-0.006,0.0008,0.0022,-0.001,0.0031,0.0001
2026-03-16,0.010794880344667579,0.011123808473237462,0.010850879105583244,0.0195984367511175,0.016477026622857327,0.009596336831564134,0.007109946774932485,0.006914526213675387,0.009757777640696741,0.004448692286618705,0.0098,0.0001,-0.0046,-0.0048,-0.0040999999999999995,0.0001
2026-03-17,0.0055770205952525576,-0.0013501456330836659,0.017541575480853666,0.016340754535353108,-0.007040662858024294,0.002551115996153097,0.010048960990123534,-0.02088897857375771,-0.004207194209444376,0.0007517017606524234,0.0028000000000000004,0.0019,-0.0006,-0.0038,0.0013,0.0001
2026-03-18,-0.01687444762321122,-0.019078187927726864,-0.010388572511273009,-0.024767666852414494,-0.008409877322820725,0.0029627319339777802,-0.007682138006848138,-0.003485821987901039,-0.031489268765664935,-0.01646430137772703,-0.013999999999999999,-0.0043,0.0070999999999999995,-0.003,0.002,0.0001
2026-03-19,-0.003920887726655109,-0.0070701133192110355,-0.0018199794357318666,-0.005288991452693126,-0.010199621354571309,0.0007992643855008197,0.003616983387778605,0.0013486653510192959,-0.012746328262292939,-0.006171672604787126,-0.0026,0.0070999999999999995,0.0011,-0.0072,0.0014000000000000002,0.0001
2026-03-20,-0.003896289131202657,-0.01837955185260942,-0.019958977540516787,-0.01623874055782004,-0.03281800569058757,-0.00489618556543292,0.00954730933243142,-0.00938555714530609,-0.0038663390465810688,-0.001121559634045144,-0.015700000000000002,-0.0037,0.0088,0.0088,0.004,0.0001
2026-03-23,0.01411350980480508,0.002959251476275737,0.0035216915163900353,0.02322639327005427,0.01702370190686442,0.011690279368677725,0.009143948901490395,0.00021242671376664468,-0.0020099135553602876,-0.0019960732112215274,0.0125,0.0124,-0.0024,-0.0025,0.0038,0.0001
2026-03-24,0.0005963911769359953,-0.02678861083223305,-0.0384692341618752,-0.013800294588880768,-0.0025051173356209766,0.00858889146089048,0.02637617529049341,-0.0006371447947248754,-0.005764256040620475,-0.0013542739263803227,-0.0039000000000000003,0.0044,0.0184,0.0023,0.0104,0.0001
2026-03-25,0.003894460372950048,-0.00456075708567627,0.0016870504569690414,0.021569200454641724,0.019862999468737152,0.010328428537211387,-0.012818977381954477,0.019807017256354476,0.005308657402373518,-0.006550777582920886,0.0063,0.006500000000000001,0.0006,-0.009899999999999999,-0.0027,0.0001
2026-03-26,0.001068847476965784,-0.01366435858056958,-0.034406871354718094,-0.019696817795534227,-0.04163861015929882,-0.012727681578398986,0.013291624462953289,-0.002875735557799408,-0.010422420893140938,-0.0019320301203669121,-0.0173,0.0031,0.0126,0.006,0.009000000000000001,0.0001
2026-03-27,-0.016173054004998577,-0.025138602324588977,-0.02342300480911985,-0.039510442389467326,-0.021723900917334227,-0.03024072633607411,0.033609365142416525,0.005057607096959238,0.002036271604527462,-0.01426557311848664,-0.0174,-0.0014000000000000002,0.0070999999999999995,0.0058,0.0060999999999999995,0.0001
2026-03-30,-0.008721878071757172,0.006138384182358347,-0.003061891848424425,0.008076656164990315,-0.01402823229793726,0.0032880668110599753,0.002807164762685499,0.00848411939892224,0.01408449634201836,0.013170000547178429,-0.0044,-0.0060999999999999995,0.0046,0.0092,0.0008,0.0001
2026-03-31,0.02903135056377537,0.031229131858866888,0.05140764466768588,0.03642700888472339,0.055881746998466264,0.03661416754282243,-0.010555741360441018,0.008041578268728866,-0.001934772336758317,0.009564759006224888,0.0298,0.0036,-0.0168,-0.0143,-0.0111,0.0001
2026-04-01,0.007250122916362178,-0.002161202585198585,0.0341842370683445,0.011043371606930696,0.007740841074583615,0.004147398728892249,-0.052339930265919654,-0.001309160902310258,-0.0024231000561140137,-0.0014607933831370934,0.0069,-0.0006,0.0005,-0.004,-0.0018,0.0001
2026-04-02,0.0011344171618641319,0.011072891697944343,-0.005447454345885783,-0.0037992260242744047,0.009331530522419529,-0.002640680795986672,-0.000559791739393467,-0.004424067904821083,-0.00673197851029661,-0.0024033310271355246,0.0009,0.0045000000000000005,0.0026,-0.0091,-0.0043,0.0001
2026-04-06,0.011487928393195235,-0.0015529844779497148,0.014267777049570496,0.014396667550949482,0.0014092692603508983,0.008017798550562727,0.01667807051668735,-0.008517128043358912,-0.002445448437908504,-0.002032054484760515,0.0043,0.0013,0.0004,0.0032,0.0001,0.0001
2026-04-07,-0.020706161436335524,-0.001582271069699881,0.01823395304878561,0.00460553135602737,0.0025895233556876285,0.006600097448735687,0.003305407646910341,-0.010623656706760465,-0.010296343989667833,0.0035685412318497978,0.0003,0.0016,0.0031,-0.0007000000000000001,-0.0072,0.0001
2026-04-08,0.02130183701774646,0.005479441005659114,0.03882678971266329,0.03499085736091123,0.02234704465123949,0.03554131170863384,-0.046916010498687655,0.012121986023154507,0.02547768396649097,0.003493167408466613,0.024700000000000003,0.0001,0.0014000000000000002,-0.001,0.0018,0.0001
2026-04-09,0.0061413306665165646,-0.0033659293136836244,0.0036870273257929576,0.056045170153601775,0.01005057963567002,0.0076630179280876565,-0.007553453772372043,4.141568791737882e-05,0.012146411103970856,0.01136010882132621,0.0053,0.0040999999999999995,0.0051,0.0098,-0.0017000000000000001,0.0001
2026-04-10,-3.837788982874457e-05,-0.005897046483089641,-0.0039247458830414805,0.020244002182271403,0.02566468527863064,-0.0014822259329182463,-0.016318494569759867,-0.011810523661151096,-0.010227806767141967,-0.010923368048650017,-0.0018,-0.0026,-0.0015,0.0023,-0.0043,0.0001
2026-04-13,-0.004913966848681062,0.03640093400171751,0.012829449259571968,0.006334400855383171,0.0036048719201053903,0.01229546105901469,0.0008525247720341245,-0.002096805122462353,-0.010884597044667377,0.0006043103742661149,0.0109,0.002,-0.0075,-0.0089,-0.0016,0.0001
2026-04-14,-0.0014275206833038734,0.02273847493355685,0.03610221801008451,0.038059130876826774,0.038032848706683,-0.008161195883457983,-0.02227459903979434,0.008993125843099525,0.0055719816688675206,-0.00551863612947201,0.011899999999999999,0.0006,-0.0189,-0.0043,-0.0096,0.0001
2026-04-15,0.029362881933440832,0.04606858430342653,0.012646026536261568,-0.00208820280916866,0.012009626504063453,-0.01668164506679881,-0.0015412100674709883,-0.005955897301173851,-0.006926249310217902,-0.0072245511272313045,0.008199999999999999,-0.0033,-0.0124,-0.006500000000000001,-0.008,0.0001
2026-04-16,-0.011372573588962043,0.021983356619898142,-0.003263010758028928,0.004828961562342915,-0.0026147732496876186,0.013140301225801565,0.019931557451895232,-0.017304213034218585,-0.0018830709309134441,0.002172580706728988,0.0026,-0.0008,0.0017000000000000001,-0.0055000000000000005,0.0028000000000000004,0.0001
2026-04-17,0.025930172257302875,0.006020124096113744,0.016844318677508463,0.003444135445984209,0.01678841329925218,0.0010969357503831656,-0.03645219844291081,-0.0015349243117860345,0.026692714886176416,-0.0011365729720314022,0.0127,0.009899999999999999,-0.0059,-0.0034999999999999996,-0.0004,0.0001
2026-04-20,0.010435424419368289,-0.011163955067039488,-0.01246774030993092,-0.009099612075002872,0.00188418170800575,0.02159270356483467,0.008467580833579014,-0.014903020322007077,-0.016606577274340117,-0.005267815901923489,-0.0015,0.0048,0.0009,-0.0042,0.0076,0.0001
2026-04-21,-0.025196714096157535,0.014566888101796405,-0.015203641151253944,0.0065651880571397925,-0.010788749382758311,-0.012587150870674635,0.004604627598387312,-0.019636820470699923,-0.015018300686523656,-0.007583432202368123,-0.0064,-0.004,0.0027,0.0024,-0.0024,0.0001
2026-04-22,0.026299050276339386,0.020652647947734692,0.021156251284484062,0.021807838295304194,0.013107807107300529,6.385654138285624e-05,0.007684017524937525,-0.00026519747221598333,0.003723997775112897,-0.0066168753543556225,0.0095,-0.0017000000000000001,-0.011200000000000002,-0.0026,-0.0113,0.0001
2026-04-23,0.0009516199250387825,-0.039660924841671163,-0.0012672598075310626,-0.001096486445127054,-0.01412349352662512,-0.004248833052150736,0.006889667990523485,0.020123793923259248,0.020021034370595325,0.011065736923129066,-0.0055000000000000005,-0.0012,0.0151,0.0077,0.005,0.0001
2026-04-24,-0.008667687188198547,0.021334932549821328,0.016258873193466084,0.03493017225717909,0.04322782178848117,-0.010940380150622708,-0.010761960218731548,-0.013657082729020109,0.024609110836771864,-0.0026139209449754786,0.006999999999999999,-0.003,-0.0026,-0.0116,-0.0055000000000000005,0.0001
2026-04-27,-0.012727786010601316,0.00047099862243538126,0.017247407734162667,-0.010871605831113018,0.040044191332756496,0.01086669445655386,-0.0048351058212842135,-0.009494468062490435,0.001484671706105667,0.007436269879634638,0.001,0.0007000000000000001,0.0062,0.005600000000000001,-0.008,0.0001
2026-04-28,0.011584039752220443,0.01042792082725752,-0.001598417124858642,-0.005438047398549362,-0.015881097300298186,-0.00057753054980203,0.015992910032473162,0.010872419604588845,0.0051886993279832705,0.011315340477445313,-0.005699999999999999,-0.0022,0.0089,0.0101,0.0053,0.0001
2026-04-29,-0.001994732136373578,-0.011158983083103036,0.0004574841551232556,0.012860978748156615,-0.01838906179589994,-0.007063802772193428,0.027298101458409274,-0.0019315872813406854,-0.01816713192508157,-0.0058139508909267335,-0.0013,-0.013000000000000001,0.0052,-0.0070999999999999995,0.0022,0.0001
2026-04-30,0.0043676927881808325,-0.0392969736730403,0.0996169612773592,0.0076793983730687465,-0.046260473695112214,0.01286987049440036,-0.002198265119970344,0.010996284961862557,0.004301436653181945,-0.003744370316407508,0.0113,0.0078000000000000005,-0.006999999999999999,-0.0098,0.0055000000000000005,0.0001
2026-05-01,0.032393627676644554,0.016332331545263257,0.0023130178860466533,0.012072784412985094,-0.005611994980225576,-0.0024263326381473993,-0.010237790407773395,-0.011572812589532466,0.0011556956576130872,-0.0012457692784777485,0.0031,0.0028000000000000004,-0.0044,-0.0108,0.0005,0.0002
2026-05-04,-0.011815752357562936,-0.001978624467840806,-0.006326413831408972,0.014128002271583506,0.00015104855440362108,-0.01542553598523233,0.00615385954644343,-0.013160793142181104,-0.02607627409082547,-0.009492443413994356,-0.004,-0.0016,-0.010700000000000001,-0.005699999999999999,-0.005600000000000001,0.0002
2026-05-05,0.026550730783693632,-0.005415594101873977,0.013515986132895508,0.005513692583370089,-0.009975789648880573,0.005688299482735193,0.007742887522395714,0.0060214803760354485,0.010319278745934524,-0.0064031419583945315,0.0083,0.0042,0.0092,-0.0049,-0.0017000000000000001,0.0002
2026-05-06,0.011718026357490752,0.0062715575480205565,0.024740674488222147,0.005264129064761924,0.05765907262779835,0.01777636689210116,-0.03996645677191357,-0.004123284306753794,0.020704020729482853,0.009258458627578126,0.0139,-0.0063,-0.0037,-0.0116,-0.0011,0.0002
2026-05-07,-0.0002435044393305219,0.01645090871192756,-0.0001256638613763572,-0.01389133038400725,0.017658692123978526,-0.027405562904829983,-0.01419058992257538,-0.009393678093641444,-0.012440866051329214,0.011174254836951558,-0.004,-0.0051,-0.005699999999999999,0.0029,-0.0046,0.0002
2026-05-08,0.020456376775462637,-0.01342776676792301,0.007060478784974844,0.0055683857848436435,0.017494074517685476,-0.01361536214096759,-0.01371259158244742,-0.005348050956644812,0.0024647254717031775,0.0018102548906462346,0.0076,-0.0042,0.0055000000000000005,-0.0116,0.0004,0.0002
2026-05-11,-0.0012626131025762488,-0.005926002472735337,-0.03033930483185243,-0.013532354923427414,0.019702606404692125,-0.006951422136867502,0.03534616981468264,0.0004969788258588625,-0.020898762047518837,0.007584958887768556,0.0008,-0.0060999999999999995,-0.0028000000000000004,-0.011899999999999999,-0.0039000000000000003,0.0002
2026-05-12,0.007243374589372076,-0.011849964945150004,-0.0033192396552670367,-0.011784761609137218,0.006106455043874748,0.016266698193691642,0.00634691212219729,0.012780540030940646,0.0038365257020307464,0.01128141757860912,-0.0022,-0.0063,-0.0013,0.009000000000000001,-0.0014000000000000002,0.0002
2026-05-13,0.013805987391627639,-0.006278011135810724,0.03942167522813045,0.016213969753363422,0.02287344570440064,-0.01518625903724935,0.006240469798209913,0.027468160613753456,-0.011604457152416203,0.0011547293971891914,0.006,-0.0044,-0.0105,0.0002,-0.0067,0.0002
2026-05-14,-0.002208293097152536,0.010414289419577338,-0.003849747892246569,-0.010772604336833247,0.043882590852662995,-0.0011323737917798837,0.00798298454021018,0.0016492457650607584,0.003304308148187829,-0.003007067655533824,0.0076,-0.0009,-0.0064,0.0049,-0.005699999999999999,0.0002
2026-05-15,0.006773819369938039,0.030505868410031667,-0.010696420381563931,-0.011526033074604314,-0.04420125203837699,-0.007002182681687286,0.04065901124833604,-0.01772099795461668,-0.007988286116326848,-0.002809538814241508,-0.0132,-0.0048,-0.0003,0.0105,0.0029,0.0002
2026-05-18,-0.007960661114649215,0.003839669976186011,0.00040329353046164584,0.0027257161474880665,-0.013314354489436409,0.009804966055655173,0.016274068445146783,0.009748093360311572,0.005792152074260537,0.011767127682078993,-0.001,-0.0032,0.0113,0.008100000000000001,0.0040999999999999995,0.0002
2026-05-19,0.0037939903054091673,-0.014449655577149945,-0.02337890090968886,-0.020841158796957915,-0.00769168486710603,-0.01672598122328084,0.012835727831585375,0.004717753021573623,-0.007655039240915484,-0.01621690763043171,-0.0070999999999999995,-0.0049,0.005600000000000001,-0.0055000000000000005,0.0049,0.0002
2026-05-20,0.010971059357449242,0.008720151997975822,0.0032245338869663076,0.021863243262898013,0.012964088201498525,0.021237827780780094,-0.03857282767317982,-0.0029564419166884237,0.008068000192784197,0.000915794133188319,0.011699999999999999,0.0091,0.003,-0.0149,-0.0029,0.0002
2026-05-21,0.00906524661379593,-0.00252292199325177,-0.0032141696878892345,0.01301830709151064,-0.017720518937572316,0.0033776595528693942,-0.006334761323473104,0.010509269882586159,0.006739638404930748,-0.0019130441294085143,0.0012,0.0045000000000000005,-0.0026,-0.0059,0.0048,0.0002
2026-05-22,0.012557860054279724,-0.0012406856469829863,-0.01209818946087382,-0.007971333528174807,-0.019042430153974776,0.011155101734823258,-0.0023826074796587937,0.011263160858078436,0.007252503610814864,0.013333875890649605,0.0044,0.0013,0.0021,-0.004,0.005600000000000001,0.0002
2026-05-26,-0.001586735786880733,-0.0060683286131975045,0.015431941657051196,-0.003867523096163561,-0.0021826484173934624,0.0011749537442633518,-0.032984820152507255,-0.012103035824801767,-0.010246512301136268,-0.0056745954560569745,0.006500000000000001,0.0087,0.0022,-0.0125,-0.0039000000000000003,0.0002
2026-05-27,0.008173140408717527,-0.008076296243599512,-0.00012862386139989024,0.024727646527565872,-0.010518506254522997,-0.02432027250362001,-0.012749436584141738,0.004822316477276045,0.031687259835229575,-0.007650597011723215,0.0002,0.0040999999999999995,-0.0039000000000000003,0.0016,-0.0018,0.0002
2026-05-28,0.00534019523725493,0.0347007693508532,0.003343471852936597,0.007908750591183455,0.0077610683237732125,-0.008520381291236778,-0.0063555925309976,-0.0021185498180089635,-0.010712628477539288,-0.00520920138784009,0.0067,-0.0018,-0.005600000000000001,-0.011000000000000001,0.0005,0.0002
2026-05-29,-0.0014399642515899869,0.054450962018909976,-0.02509425559733902,-0.01226272026117703,-0.014515741840623653,0.008694742151130974,-0.011567831782125393,-0.023700200565047624,-0.016105877424694715,-0.006158104726900593,0.0019,-0.0101,-0.003,-0.0062,0.0015,0.0002
2026-06-01,-0.01842597822736758,0.022832260484241695,-0.010437966055943604,-0.03465860321873382,0.06261247606516585,-0.00912103426891464,0.02836301770024341,-0.008077032666013562,-0.022847557485649705,-0.008830724887011088,0.0026,-0.0015,-0.009899999999999999,-0.0018,-0.0022,0.0001
2026-06-02,0.029022935295418106,-0.04171374717707821,-0.038579065603051466,-0.0181429249589532,-0.006864017859425142,0.014768341793673478,0.0012049201041330893,-0.002773931479302716,0.003849529931717166,0.002594146587289403,0.0017000000000000001,-0.0023,0.013600000000000001,-0.0026,0.0147,0.0001
2026-06-03,-0.01567264307615801,-0.03165569625585285,-0.007903880383817063,-0.02533909644314114,-0.0362175484022057,-0.0003653631645685884,0.019858282163609076,0.0015703481720434898,-0.004473823080612838,0.008186433525517733,-0.0085,-0.0083,0.0062,0.0006,0.0046,0.0001
2026-06-04,0.00312645238815068,0.001661400069229213,0.03676993669997208,0.01507874949703436,0.019393936372648524,0.033372080535216675,-0.0032125789476651345,0.022083797897249458,0.004208493175440253,0.006857836630646652,0.005,0.0091,0.0042,-0.0005,0.0005,0.0001
2026-06-05,-0.012498826008526143,-0.02658566754383418,-0.009833744266495192,-0.03057644001781823,-0.06201409311178463,0.004760511625581776,-0.013943651856582862,0.020160468151733113,0.04091487088322032,0.019848316869156557,-0.0275,0.0004,0.0084,0.0282,0.0085,0.0001
2026-06-08,-0.018871545388655542,-0.011831927529251218,-0.013575540397461894,-0.0032922715222234444,0.017259863209897475,-0.004033725371046182,0.01220647889196691,-0.0026206280403181514,-0.009826608696473116,-0.0023149670610471684,0.0036,0.0013,0.0049,-0.0073,-0.001,0.0001
2026-06-09,-0.036446341189923515,-0.02023117288064602,0.002614880105099582,-0.004200304926880172,-0.0021568077897530236,0.005110785750300106,-0.018714909039534655,0.02084765505904551,0.02460372930367405,0.0015810862703735662,-0.0028000000000000004,0.006999999999999999,0.0040999999999999995,0.0087,0.0017000000000000001,0.0001
2026-06-10,0.0035450055495178656,-0.014997232475331246,-0.021632900626697316,-0.025349123139844942,-0.03732170883628583,-0.011384721351222371,0.01148338593479381,0.006286958201142001,0.002555980776840716,-0.008385092215618006,-0.0161,0.0078000000000000005,0.0102,0.0063,0.0077,0.0001
2026-06-11,0.01388983748609407,-0.017666513340103496,0.003900222778065343,0.01474787607914263,0.022203355415576276,0.014071240233745508,-0.02668960279181487,-0.0006709327315191915,-0.00476352451720663,0.004362421231169256,0.0181,0.0060999999999999995,-0.0006,-0.0216,0.0009,0.0001
2026-06-12,-0.015221633631081977,0.001024702842441938,0.00533865329404315,-0.012256186172015071,0.001562034792462752,0.023063020107523924,0.002796631973456698,0.010657460106263228,0.008561412439261673,0.0071224014372830435,0.0044,-0.0001,0.013500000000000002,-0.0079,0.0046,0.0001
2026-06-15,0.018170538868479413,0.02308448313772371,0.026885093191168385,0.031314194613874635,0.035381798294886524,-0.004115760495237097,-0.04142569770959703,-0.02162987140970596,0.005681455047630513,0.012815511525134049,0.016,-0.011699999999999999,-0.0203,-0.0171,-0.011399999999999999,0.0001
2026-06-16,0.009513514092780229,-0.014833966272172594,0.01055908072426437,-8.13115686266741e-05,-0.02372321070531347,0.03675641092824922,0.006670395267263762,-0.002036904514179705,0.013492028542986922,-0.0011502599678676617,-0.0062,0.0005,0.0008,0.0147,0.0012,0.0001
2026-06-17,-0.010994537435617069,-0.03788437231212749,-0.02534492914880393,-0.03455284552845528,-0.013307036154839746,0.0070060237177231866,-0.007895097229928094,-0.0041669508357309315,-0.012656640391244145,-0.007414917339570115,-0.0121,0.0011,-0.0006,-0.012199999999999999,-0.0017000000000000001,0.0001
2026-06-18,0.006960644246616354,0.0012931709583141604,0.011654985044087018,0.029010523745888195,0.02951387968799768,-0.024710573715507,-0.020818517978170914,-0.02480789068175282,-0.001195529339019008,-0.003704623287618003,0.0111,0.0059,-0.0034999999999999996,-0.0106,-0.0039000000000000003,0.0001
2026-06-22,-0.003355513813629196,-0.031786989559602685,-0.049860021606623395,-0.047465142323687703,-0.009682543514892727,0.019248533511496246,0.0047892596483922745,0.012697601479867204,-0.01795460955468553,-0.0015731398420999465,-0.0045000000000000005,0.0007000000000000001,0.0155,-0.013999999999999999,0.0052,0.0001
2026-06-23,-0.009124398732296202,0.017966969581451497,-0.01015216723427581,0.005670378290686617,-0.041265258841880814,0.008024618744603806,0.009099320038135073,0.03368066589093699,0.021533122604131538,0.008430692456577349,-0.0131,0.0096,0.0053,0.012199999999999999,0.0032,0.0001
2026-06-24,-0.004145480706800209,-0.022677392646850314,-0.0024267951640898344,0.0006834550497296643,-0.005198940555783627,-0.002064954886221937,-0.02025327224001594,0.00803074710621865,0.00782177373359949,0.004058359225478592,-0.0007000000000000001,0.0078000000000000005,-0.0016,0.0044,0.006,0.0001
2026-06-25,-0.06117774105404383,-0.0345592514347155,-0.004575935941672493,-0.03098992458796157,-0.016381866490950747,0.005008141585630899,0.004747952638936903,0.016099665437864674,-0.023283306347192778,-0.014146844313045803,-0.0013,0.0062,0.0088,-0.0074,0.005,0.0001
2026-06-26,0.03136469225316163,0.057081360705363515,-0.01838753016981809,0.025020959746330673,-0.01639934947644628,-0.018112939266905714,-0.007342838404632568,0.039937894869000345,0.003501765634394527,0.02224227907959664,0.0015,0.0134,-0.009000000000000001,0.0040999999999999995,0.0004,0.0001
2026-06-29,-0.007188654692930396,-0.011797171738171075,0.04819344609319609,0.03201683299701785,0.012673341139074923,0.0010333563941116175,-0.003515352419310225,0.015118177694631862,-0.0038251209973043654,-0.005334303217772729,0.012,-0.0089,-0.0089,-0.0177,-0.0051,0.0001
2026-06-30,0.027046212958856453,0.012073639219654542,0.010518904349803737,-0.00749564027789118,0.02626042914387461,-0.006254044887290422,0.004850746015954366,-0.017562169878505673,-0.012192635375263161,0.008850835984753003,0.0073,-0.0012,-0.005699999999999999,-0.0113,-0.0051,0.0001
2026-07-01,0.017348672275670385,0.030186099320729687,0.010745141025489735,0.014097510539473834,-0.012544317296997454,0.020590950646787842,-0.003218219909896569,3.9366054373601855e-05,0.005387362813044083,-0.00129903554234434,-0.0018,0.0034000000000000002,0.0043,0.01,0.001,0.0002
2026-07-02,0.04840675364798175,0.016160017478718647,-0.003599011406831276,0.004013244654325954,-0.01391836946126257,0.001197315436734403,0.005943572907485928,0.03567215042795313,0.0269959063144527,0.01608838336341889,-0.0004,-0.0025,-0.0023,0.0183,0.0113,0.0002
2026-07-06,0.01305778143996239,-0.009603310738029669,0.01819894951236445,0.006140048231783268,0.003695515201847188,0.014265549396600186,-0.004741372598464633,-0.014104475297522678,-0.013869641855075554,-0.0023632522153611557,0.0076,-0.0040999999999999995,-0.0087,-0.0069,-0.0055000000000000005,0.0002
2026-07-07,-0.006396770744445224,0.005430044263193601,0.0015554420597831964,0.007454095831143315,0.007056972054506172,0.004441549196311012,0.03847851327158702,0.030501701746211474,0.023039275997601028,-0.0050929500585344956,-0.0051,0.0017000000000000001,0.0004,0.0154,0.0053,0.0002
2026-07-08,0.008787785980344909,-0.014144606893393474,-0.013922491618141852,-0.009594278605344897,0.03651042281166639,-0.025352296658711193,-0.003952284703236164,-0.014369040513576903,-0.02847788263975215,-0.01827379256959949,-0.0038,-0.0069,-0.0049,0.0048,0.0040999999999999995,0.0002
2026-07-09,0.00903022957872146,0.0026607787100694225,-0.008371993499371455,0.01403824906613349,-0.006564759723208469,0.01466942766663748,-0.026004418912178084,-0.01632499419006206,-0.010444731894066361,0.0013339066082806994,0.0085,0.0031,-0.0036,-0.0109,-0.0026,0.0002
2026-07-10,-0.002846043762522954,0.001925297686118821,-0.004764751559533376,-0.006881464517662805,0.040339338414540515,0.002980892468361418,0.010330343522494845,-0.008182082994171447,0.0012937769840015712,-0.0035120006238410495,0.0028000000000000004,-0.0040999999999999995,0.0060999999999999995,0.013300000000000001,-0.0016,0.0002
2026-07-13,0.006310939222858858,0.015294738983264056,-0.013074617861873139,0.008029678202122303,-0.035220001821865354,-0.005765751580729228,0.04053848880111155,0.0030740287976656067,0.009045155206319766,0.006360038692316383,-0.0078000000000000005,0.0027,0.0126,0.0124,0.0092,0.0002
2026-07-14,-0.007721115748007379,-0.015499120378526965,0.019857621884558307,0.0007278635572653958,0.04063291145890924,0.02499033240560311,0.004013527349182366,-0.015207218714519577,-0.015434345259563553,-0.011593055640266914,0.0037,-0.0017000000000000001,-0.0064,-0.0076,-0.009399999999999999,0.0002
2026-07-15,0.04014486379221993,0.02779727786697772,0.03173766571699632,0.030183041960898382,0.00330493787563535,0.011723843920603993,-0.003997483340467567,-0.026905704179630785,0.013485836766968795,-0.005579405515908298,0.0042,0.0032,0.0015,0.0108,0.0049,0.0002
2026-07-16,0.017587781993612772,0.013826036185691448,-0.04437624006915575,-0.019885500434225545,-0.023999998849817294,-0.010838574056478478,0.00996474055754093,0.011942329045300903,0.023302846144708678,0.009767562105161165,-0.0052,0.0097,0.018799999999999997,0.0165,0.0155,0.0002
2026-07-17,0.0014402172368908062,-0.01815010181385157,-0.021694968522032898,-0.010644698341695902,-0.0221311464542836,-0.00597402835328964,0.009660814506910809,0.012281467472434526,-0.01003304368737723,-0.00448165046431126,-0.0103,0.0015,0.0015,-0.004699999999999999,0.009000000000000001,0.0002
2026-07-20,-0.02142383591993391,0.02150732979277281,0.015053198140839052,0.011163733419575328,0.002317478251045113,-0.006537704328423155,0.006786167411514166,-0.01667716751395587,-0.00566733680064635,0.000692583845010919,-0.0029,-0.0042,-0.0021,0.0036,-0.0062,0.0002
2026-07-21,0.0035212601306020552,-0.011285452294400034,-0.013750369905294657,-0.009760399967161826,0.019726438214064723,0.018768306314465022,0.022580193365284495,0.007193972824563355,-0.006906734855064989,-0.0032570098799300506,0.0087,-0.0021,0.0024,-0.0147,-0.0038,0.0002
2026-07-22,-0.005644666001250687,-0.01862974366480019,-0.014575869467767011,-0.010906875035172847,0.023011291345846452,0.008631869692429461,0.01806073430971611,0.020031115975875924,0.00695476960470276,-0.0005309491499796426,-0.0018,-0.0085,0.011899999999999999,0.006500000000000001,0.0039000000000000003,0.0002
2026-07-23,-0.012979820539962161,-0.022442026195170772,-0.07132620819602653,-0.0457014586990675,-0.01556169986942113,0.004853400197806446,0.015797985764024025,0.014239252237556954,-0.014484021488169296,0.002983288198323608,-0.0137,0.0013,0.0026,0.0103,0.0044,0.0002
2026-07-24,0.03531672413627751,0.0003145803337292197,0.006452807304242247,-0.006633583101364859,-0.009197129548412897,0.009459838857765135,0.00031872216687212074,0.015929380236534785,0.01048119352453547,0.008312084183625723,-0.0001,0.0013,0.0067,0.0167,0.0118,0.0002
2026-07-27,0.011681009513348384,0.019386905446111324,0.021329811059824122,-0.0031019827616639573,-0.049941969592287916,0.008465277948779049,-0.013826921289160965,0.009681172960106288,0.008276244423001344,0.004546097495194523,0.0015,0.0086,-0.0084,0.0037,0.0045000000000000005,0.0002
2026-07-28,0.009408945533389002,0.01092261618510415,0.02189493319708058,-0.002290499938177426,0.002544370625660486,0.003116185607869415,-0.011177889672220553,0.0029328123852252475,0.0016820291447685598,0.030552320417511103,0.0027,0.0076,0.0044,0.0149,0.0053,0.0002
2026-07-29,-0.005557412706758247,-0.007143759919297832,0.008989854945811171,-0.0182361894773313,-0.03553117296548236,-0.035263514006347974,0.02424199486528189,-0.004498975200849409,-0.018672747770831166,-0.006264987188299265,-0.0152,0.0044,0.0031,0.011399999999999999,0.009000000000000001,0.0002
2026-07-30,-0.014074993355015719,0.15506739165511707,-0.009058221734254301,0.0390470167299346,0.0264722403535389,0.017812116853705096,0.0014035908647260786,-0.036568287695400326,-0.014647496921609937,0.001021268383085694,0.0159,-0.011399999999999999,-0.013500000000000002,-0.0223,-0.018799999999999997,0.0002
2026-07-31,-0.07353858440208272,0.030192821938052727,0.06734400185679612,0.15320588778032107,0.029276102311320384,0.002679214550530551,-0.009747085511364606,0.0020717322997949594,0.0036815695650131985,0.0036493797988335075,0.0068000000000000005,-0.0038,-0.006,0.011000000000000001,-0.028999999999999998,0.0002
2026-08-03,-0.017772135672998512,0.04934151053480518,0.04880240147375625,0.04580603526208682,0.029340005860757135,0.002416231509903888,-0.0024447261583624424,-0.007567786076831284,0.003321999510628837,0.0031278220213251107,0.0155,0.0077,-0.011699999999999999,-0.0040999999999999995,-0.0173,0.0001
2026-08-04,0.019642637836096544,0.010581411460949042,0.011084009453113497,-0.023237715094833633,0.02564842761888375,0.013838402230386349,-0.007093947637009768,0.0020439164479311156,0.02096980934355308,0.007950960631052606,0.018000000000000002,0.002,-0.012,-0.0155,-0.0017000000000000001,0.0001
2026-08-05,0.005236336596166957,-0.010856147912626679,-0.04030189976684506,-0.017194215631067156,0.03434935770955749,0.004810923231028941,-0.015133850240548363,0.010434224207279907,-0.00817506587382677,0.0031514732128317124,-0.0024,-0.0033,-0.0031,0.0036,-0.0016,0.0001
2026-08-06,0.004533755277783991,0.025437939328646575,-0.012912777267041098,-0.001430347110176089,-0.00104914421161717,-0.008183950900032433,0.021169937932562055,-0.002367999462811299,0.0011580256499408303,0.011101493758615355,-0.0018,-0.0039000000000000003,-0.0027,-0.003,-0.0014000000000000002,0.0001
2026-08-07,0.0029447910342259576,0.00026008287542045316,-0.0096436926248602,0.00815397466052481,0.022695108877927694,0.00342408437412578,-0.01162491532198473,0.00879437052402765,-0.008028903346052996,-0.0053563554584472595,0.0074,0.0027,-0.0074,-0.0149,-0.0005,0.0001
2026-08-10,-0.015332485243728322,0.012140302810139891,0.009088414275721046,0.013152088338200807,-0.028621234049048927,0.006349349969249296,0.04410611269084597,0.009913657568372036,0.004458530661961779,0.014603287266098608,-0.0003,-0.0067,0.003,-0.0001,-0.0046,0.0001
2026-08-11,-0.010867469011185404,-0.0044461452724045,-0.03837554632895135,-0.02092850300572191,-0.00022982257177850407,0.006253647812788143,6.256832297490966e-05,-0.007677388724953271,-0.008399315125873552,-0.02463068725827955,-0.0031,0.005600000000000001,0.0040999999999999995,-0.0072,-0.0034000000000000002,0.0001
2026-08-12,-0.008723897642456846,-0.022587870511558972,-0.0007561464545453589,-0.0183273604720513,0.030298814143524755,0.00867303076110093,-0.0003129181472054654,0.004079989177634857,-0.007781866473149823,-0.012355251602471307,0.0025,-0.0007000000000000001,0.0031,-0.0008,-0.0026,0.0001
2026-08-13,0.009958675816790663,0.00903684159579754,0.008208615054656532,-0.00804397600383,0.0053996895745995754,-0.005668457653036252,-0.007136113261067223,0.004676866399581758,0.0012492550908786981,-0.006019622204350483,0.0058,0.0006,-0.0006,0.0002,-0.0002,0.0001
2026-08-14,0.002194794236790587,-0.002978616125570266,-0.0013281334171028059,-0.009353943124710828,-0.0006214082568850587,-0.0007435461005306232,0.009394167639527273,-0.006600988334470315,0.002010318563461011,-0.005720698988783468,-0.0021,0.0019,0.0064,-0.0060999999999999995,-0.0002,0.0001
2026-08-17,-0.0011113534012042736,-0.03037944449604746,-0.005492898932390022,-0.005101832739500267,-0.000666232778611997,-0.005181360659759715,0.01502482730623833,0.007758844095141271,-0.009892825350258039,-0.011507227361497674,-0.0055000000000000005,-0.0027,0.0009,-0.0019,0.0008,0.0001
2026-08-18,0.014529279409058127,0.002664708914413838,0.0005814494887728117,-0.007117926481727599,-0.02342113486745523,0.006344217085363146,0.02539322850390069,0.03331164268714493,0.002305770278880237,0.009493567959477645,-0.0066,-0.0011,-0.0014000000000000002,0.0087,0.0084,0.0001
2026-08-19,0.021933322000267097,0.0055644226358424476,0.00151071272583847,0.02462896060980113,-0.009920829543159648,-0.016489993762904387,-0.004771643499530853,0.008483695890095788,0.0064831506054745525,-0.006640679963883289,0.0029,0.0034999999999999996,-0.0044,-0.0028000000000000004,0.0069,0.0001
2026-08-20,-0.017454152112068244,-0.004654530468367835,-0.011748652105159185,-0.021554360010767937,-0.0032634287304743603,-0.015982818721866576,0.008375247849975898,-0.022091321158524857,-0.009765920587506693,-0.00552421799087055,-0.009899999999999999,-0.002,0.0039000000000000003,0.0037,0.0004,0.0001
2026-08-21,-0.006263995393247401,0.004343752186226402,0.012181890414259655,-0.005689825658748426,-0.00982248158901089,8.533289813272837e-05,-0.006259363974342125,0.010734117418732758,0.011960491295222253,-0.00209310078896352,0.0053,0.0038,-0.0015,-0.0025,-0.0032,0.0001
2026-08-24,0.0032002269754076718,0.00842233136012771,0.00939619568316985,0.01330086369122152,-0.029061133472992107,0.01368117714283823,-0.006419947639000223,0.01036126133640658,0.013270759779736796,0.01714331788640755,-0.0032,-0.0028000000000000004,0.0019,0.010700000000000001,0.0026,0.0001
2026-08-25,-0.0014178077160482694,0.009029147603226262,-0.003160405632474217,-0.003853969311243932,0.021920585148795357,0.0008417401740750119,-0.020786367562782182,0.005299971942249959,-0.008185621808118548,0.0,0.0031,0.0,-0.0033,-0.0088,-0.003,0.0001
2026-08-26,0.011455367474878742,0.00947713844154241,-0.014295607012993039,-0.002987814244201914,-0.01591177757196449,-0.0005326822734188497,-0.015251475084355981,-0.011495989163210152,-0.0027509897749318224,0.0011698848535099948,-0.0006,-0.0013,0.002,0.0026,0.0046,0.0001
2026-08-27,0.003604958753321119,0.017507106648045223,-0.003947334232365041,-0.01544486334918349,0.08737952570943941,-0.0063955084973263965,-0.011062646014233457,-0.01566670735677078,-0.012827590416217727,-0.002396449756000174,0.0072,-0.0017000000000000001,-0.011399999999999999,-0.0078000000000000005,-0.0089,0.0001
2026-08-28,0.01627575132974779,0.01677034764032892,0.017437262045876256,0.03968618794425893,-0.04574959711400217,0.009598537306666488,0.0017259285876198849,0.008541293694124485,0.004471142883732071,0.0025808770328845654,-0.0034000000000000002,-0.0037,0.0028000000000000004,0.0166,0.0049,0.0001
2026-08-31,-0.008914626195478559,-0.012151228547426784,-0.020889241240744538,-0.02499719943397638,0.014847184139841207,-0.004474039833794352,0.0270562826413292,-0.008170431172924042,0.009319768738818235,-0.00192079449644178,-0.0033,-0.0029,-0.0039000000000000003,-0.0109,0.0003,0.0001
